model_id,year,logp,logQ,logG,fitted,residual
china_domestic__experience_only,2010,6.812227576834841,5.180162236673185,7.500529485395295,7.020291646994905,-0.20806407016006379
china_domestic__experience_only,2011,6.709573802576824,5.376417249698097,7.660161443417004,6.878807477426811,-0.16923367484998675
china_domestic__experience_only,2012,6.668427904138208,5.56590362647905,7.81677564568493,6.742202953292097,-0.07377504915388844
china_domestic__experience_only,2013,6.708217182992296,5.677698971893068,7.887096300125977,6.6616074496986535,0.04660973329364282
china_domestic__experience_only,2014,6.542006271937041,5.830825584658366,7.990384143902638,6.551215407671561,-0.009209135734520757
china_domestic__experience_only,2015,6.43719187797247,6.002024865148459,8.027211420656602,6.42779441751463,0.009397460457839735
china_domestic__experience_only,2016,6.455895595210555,6.114760027948734,8.056068120147582,6.346521380744373,0.10937421446618156
china_domestic__experience_only,2017,6.469858035371506,6.205934995565976,8.090274224065078,6.280791520498276,0.18906651487322979
china_domestic__experience_only,2018,6.460596296018196,6.290532398624406,8.089275064352785,6.219803558280873,0.24079273773732357
china_domestic__experience_only,2019,6.398763921335831,6.38729428375806,8.063501090002571,6.150045977300047,0.24871794403578473
china_domestic__experience_only,2020,6.405635793293439,6.548699273994664,8.0342266640503,6.033685887151044,0.37194990614239476
china_domestic__experience_only,2021,6.158994963306929,6.645448863841342,8.020032815696803,5.9639371700888555,0.1950577932180737
china_domestic__experience_only,2022,5.773504528965685,6.733146895042726,8.003413013798346,5.9007139029425035,-0.12720937397681897
china_domestic__experience_only,2023,5.46170635729296,6.849202095255681,7.965557544473859,5.817047384706332,-0.35534102741337215
china_domestic__experience_only,2024,5.272081898832534,6.955776347473294,7.934166351320825,5.740215871768441,-0.46813397293590686
china_domestic__experience_plus_lnG,2010,6.812227576834841,5.180162236673185,7.500529485395295,6.686431163190359,0.12579641364448246
china_domestic__experience_plus_lnG,2011,6.709573802576824,5.376417249698097,7.660161443417004,6.713167365752872,-0.0035935631760475317
china_domestic__experience_plus_lnG,2012,6.668427904138208,5.56590362647905,7.81677564568493,6.74253322404881,-0.07410531991060143
china_domestic__experience_plus_lnG,2013,6.708217182992296,5.677698971893068,7.887096300125977,6.728335150849419,-0.020117967857122387
china_domestic__experience_plus_lnG,2014,6.542006271937041,5.830825584658366,7.990384143902638,6.718837913293045,-0.1768316413560047
china_domestic__experience_plus_lnG,2015,6.43719187797247,6.002024865148459,8.027211420656602,6.595931422268746,-0.15873954429627624
china_domestic__experience_plus_lnG,2016,6.455895595210555,6.114760027948734,8.056068120147582,6.521572845169036,-0.06567724995848145
china_domestic__experience_plus_lnG,2017,6.469858035371506,6.205934995565976,8.090274224065078,6.476951287069029,-0.007093251697522618
china_domestic__experience_plus_lnG,2018,6.460596296018196,6.290532398624406,8.089275064352785,6.388810142683127,0.07178615333506944
china_domestic__experience_plus_lnG,2019,6.398763921335831,6.38729428375806,8.063501090002571,6.252829618191202,0.14593430314462896
china_domestic__experience_plus_lnG,2020,6.405635793293439,6.548699273994664,8.0342266640503,6.045590615138139,0.3600451781552998
china_domestic__experience_plus_lnG,2021,6.158994963306929,6.645448863841342,8.020032815696803,5.926155381687569,0.23283958161936003
china_domestic__experience_plus_lnG,2022,5.773504528965685,6.733146895042726,8.003413013798346,5.812534765095387,-0.0390302361297028
china_domestic__experience_plus_lnG,2023,5.46170635729296,6.849202095255681,7.965557544473859,5.6395295803228604,-0.1778232230299004
china_domestic__experience_plus_lnG,2024,5.272081898832534,6.955776347473294,7.934166351320825,5.485471531319273,-0.2133896324867388
china_domestic__difference_plus_lnG,2011,-0.10265377425801692,0.19625501302491166,0.15963195802170915,-0.036125877722728295,-0.06652789653528862
china_domestic__difference_plus_lnG,2012,-0.04114589843861616,0.1894863767809527,0.15661420226792622,-0.03636513129927944,-0.004780767139336714
china_domestic__difference_plus_lnG,2013,0.03978927885408812,0.11179534541401814,0.07032065444104685,-0.07687577674111527,0.11666505559520339
china_domestic__difference_plus_lnG,2014,-0.16621091105525565,0.15312661276529838,0.10328784377666089,-0.06478494640213543,-0.10142596465312022
china_domestic__difference_plus_lnG,2015,-0.10481439396457048,0.17119928049009303,0.036827276753964355,-0.11862513432279985,0.013810740358229365
china_domestic__difference_plus_lnG,2016,0.018703717238084394,0.11273516280027529,0.02885669949098002,-0.10746251067304428,0.1261662279111287
china_domestic__difference_plus_lnG,2017,0.013962440160951495,0.09117496761724198,0.03420610391749612,-0.09728621501974072,0.11124865518069221
china_domestic__difference_plus_lnG,2018,-0.00926173935330965,0.08459740305842978,-0.0009991597122933626,-0.12111275645093711,0.11185101709762746
china_domestic__difference_plus_lnG,2019,-0.06183237468236502,0.09676188513365425,-0.02577397435021389,-0.1427602407791569,0.08092786609679187
china_domestic__difference_plus_lnG,2020,0.006871871957607745,0.16140499023660393,-0.0292744259522717,-0.16410477192945888,0.17097664388706663
china_domestic__difference_plus_lnG,2021,-0.24664082998650994,0.09674958984667725,-0.014193848353496463,-0.13429062648930476,-0.11235020349720518
china_domestic__difference_plus_lnG,2022,-0.38549043434124464,0.0876980312013842,-0.016619801898457354,-0.13343380157385465,-0.25205663276739
china_domestic__difference_plus_lnG,2023,-0.3117981716727245,0.1160552002129549,-0.03785546932448636,-0.1571994984115581,-0.1545986732611664
china_domestic__difference_plus_lnG,2024,-0.1896244584604263,0.10657425221761319,-0.03139119315303418,-0.14971839018719443,-0.03990606827323187
nordex_global__experience_only,2016,7.193085649327715,6.114760027948734,8.056068120147582,7.070418994508456,0.12266665481925898
nordex_global__experience_only,2017,7.041044438681148,6.205934995565976,8.090274224065078,7.039647056229072,0.0013973824520761013
nordex_global__experience_only,2018,7.007916430084566,6.290532398624406,8.089275064352785,7.011095073886301,-0.003178643801734715
nordex_global__experience_only,2019,6.864166470373297,6.38729428375806,8.063501090002571,6.978437527248833,-0.11427105687553585
nordex_global__experience_only,2020,6.85524533669595,6.548699273994664,8.0342266640503,6.923962658462521,-0.06871732176657108
nordex_global__experience_only,2021,6.866779862302282,6.645448863841342,8.020032815696803,6.891309261536557,-0.024529399234275218
nordex_global__experience_only,2022,6.849371853944287,6.733146895042726,8.003413013798346,6.861710804044567,-0.012338950100279966
nordex_global__experience_only,2023,6.8337597080393655,6.849202095255681,7.965557544473859,6.822541681737368,0.011218026301997419
nordex_global__experience_only,2024,6.874325727796057,6.955776347473294,7.934166351320825,6.786572419590993,0.08775330820506433
nordex_global__experience_plus_lnG,2016,7.193085649327715,6.114760027948734,8.056068120147582,7.193773775165287,-0.0006881258375717181
nordex_global__experience_plus_lnG,2017,7.041044438681148,6.205934995565976,8.090274224065078,7.017013977247352,0.024030461433795836
nordex_global__experience_plus_lnG,2018,7.007916430084566,6.290532398624406,8.089275064352785,6.949307702771623,0.058608727312942754
nordex_global__experience_plus_lnG,2019,6.864166470373297,6.38729428375806,8.063501090002571,6.944321393673253,-0.08015492329995588
nordex_global__experience_plus_lnG,2020,6.85524533669595,6.548699273994664,8.0342266640503,6.895650072193156,-0.04040473549720591
nordex_global__experience_plus_lnG,2021,6.866779862302282,6.645448863841342,8.020032815696803,6.856609622608982,0.010170239693300331
nordex_global__experience_plus_lnG,2022,6.849371853944287,6.733146895042726,8.003413013798346,6.832264180192805,0.017107673751482366
nordex_global__experience_plus_lnG,2023,6.8337597080393655,6.849202095255681,7.965557544473859,6.846705696689124,-0.01294598864975871
nordex_global__experience_plus_lnG,2024,6.874325727796057,6.955776347473294,7.934166351320825,6.8500490567018915,0.024276671094165536
nordex_global__difference_plus_lnG,2017,-0.1520412106465674,0.09117496761724198,0.03420610391749612,-0.12695831218163856,-0.025082898464928838
nordex_global__difference_plus_lnG,2018,-0.033128008596581715,0.08459740305842978,-0.0009991597122933626,-0.0657137408139066,0.032585732217324886
nordex_global__difference_plus_lnG,2019,-0.14374995971126925,0.09676188513365425,-0.02577397435021389,-0.021818750481797766,-0.12193120922947148
nordex_global__difference_plus_lnG,2020,-0.008921133677346482,0.16140499023660393,-0.0292744259522717,-0.012635418024084494,0.0037142843467380116
nordex_global__difference_plus_lnG,2021,0.011534525606331947,0.09674958984667725,-0.014193848353496463,-0.04206712250470807,0.05360164811104002
nordex_global__difference_plus_lnG,2022,-0.01740800835799483,0.0876980312013842,-0.016619801898457354,-0.038254221251597206,0.020846212893602376
nordex_global__difference_plus_lnG,2023,-0.015612145904921881,0.1160552002129549,-0.03785546932448636,0.00021980351644784735,-0.01583194942136973
nordex_global__difference_plus_lnG,2024,0.040566019756691496,0.10657425221761319,-0.03139119315303418,-0.011532159790373427,0.05209817954706492
sgre_global__experience_only,2016,7.135743197695702,6.114760027948734,8.056068120147582,7.057894748892611,0.07784844880309105
sgre_global__experience_only,2017,7.04476108981515,6.205934995565976,8.090274224065078,7.022026722574214,0.022734367240936137
sgre_global__experience_only,2018,6.967525172448601,6.290532398624406,8.089275064352785,6.988746295296124,-0.021221122847522977
sgre_global__experience_only,2019,6.90181493070398,6.38729428375806,8.063501090002571,6.950680388246268,-0.04886545754228866
sgre_global__experience_only,2020,6.826829914891703,6.548699273994664,8.0342266640503,6.88718402966207,-0.060354114770366785
sgre_global__experience_only,2021,6.777273878536515,6.645448863841342,8.020032815696803,6.849122959550338,-0.07184908101382348
sgre_global__experience_only,2022,6.819708171121091,6.733146895042726,8.003413013798346,6.8146227521643805,0.005085418956710441
sgre_global__experience_only,2023,6.8169215586185805,6.849202095255681,7.965557544473859,6.768966898541265,0.0479546600773153
sgre_global__experience_only,2024,6.775707709540408,6.955776347473294,7.934166351320825,6.727040828444347,0.048666881096061765
sgre_global__experience_plus_lnG,2016,7.135743197695702,6.114760027948734,8.056068120147582,7.146997264799332,-0.011254067103629417
sgre_global__experience_plus_lnG,2017,7.04476108981515,6.205934995565976,8.090274224065078,7.005678233531096,0.039082856284053946
sgre_global__experience_plus_lnG,2018,6.967525172448601,6.290532398624406,8.089275064352785,6.9441155952270925,0.023409577221508826
sgre_global__experience_plus_lnG,2019,6.90181493070398,6.38729428375806,8.063501090002571,6.926037376289987,-0.02422244558600717
sgre_global__experience_plus_lnG,2020,6.826829914891703,6.548699273994664,8.0342266640503,6.866733077903323,-0.03990316301162
sgre_global__experience_plus_lnG,2021,6.777273878536515,6.645448863841342,8.020032815696803,6.824058465794721,-0.04678458725820622
sgre_global__experience_plus_lnG,2022,6.819708171121091,6.733146895042726,8.003413013798346,6.7933526541902545,0.026355516930836487
sgre_global__experience_plus_lnG,2023,6.8169215586185805,6.849202095255681,7.965557544473859,6.786421224309159,0.030500334309421895
sgre_global__experience_plus_lnG,2024,6.775707709540408,6.955776347473294,7.934166351320825,6.77289173132597,0.0028159782144383527
sgre_global__difference_plus_lnG,2017,-0.09098210788055194,0.09117496761724198,0.03420610391749612,-0.09811074521716204,0.007128637336610094
sgre_global__difference_plus_lnG,2018,-0.07723591736654889,0.08459740305842978,-0.0009991597122933626,-0.0459094587920175,-0.03132645857453139
sgre_global__difference_plus_lnG,2019,-0.06571024174462181,0.09676188513365425,-0.02577397435021389,-0.023807643730402145,-0.041902598014219666
sgre_global__difference_plus_lnG,2020,-0.07498501581227668,0.16140499023660393,-0.0292744259522717,-0.07551663792950908,0.0005316221172323998
sgre_global__difference_plus_lnG,2021,-0.04955603635518813,0.09674958984667725,-0.014193848353496463,-0.03908226962874933,-0.010473766726438793
sgre_global__difference_plus_lnG,2022,0.042434292584576205,0.0876980312013842,-0.016619801898457354,-0.02799264773931873,0.07042694032389493
sgre_global__difference_plus_lnG,2023,-0.002786612502510444,0.1160552002129549,-0.03785546932448636,-0.024672548715492647,0.021885936212982203
sgre_global__difference_plus_lnG,2024,-0.04121384907817216,0.10657425221761319,-0.03139119315303418,-0.024943536402642227,-0.016270312675529933
us_project_5_100mw__experience_only,2010,7.633860269553674,5.180162236673185,7.500529485395295,7.554993408971466,0.07886686058220782
us_project_5_100mw__experience_only,2011,7.413724155178598,5.376417249698097,7.660161443417004,7.489813794863569,-0.0760896396849704
us_project_5_100mw__experience_only,2012,7.445354232123956,5.56590362647905,7.81677564568493,7.426882159503415,0.018472072620540736
us_project_5_100mw__experience_only,2013,7.316295554413122,5.677698971893068,7.887096300125977,7.389753031636399,-0.07345747722327722
us_project_5_100mw__experience_only,2014,7.33044279859622,5.830825584658366,7.990384143902638,7.338897089788817,-0.008454291192596664
us_project_5_100mw__experience_only,2015,7.342701383762507,6.002024865148459,8.027211420656602,7.2820389088644015,0.0606624748981055
us_project_5_100mw__experience_plus_lnG,2010,7.633860269553674,5.180162236673185,7.500529485395295,7.59185998051918,0.04200028903449393
us_project_5_100mw__experience_plus_lnG,2011,7.413724155178598,5.376417249698097,7.660161443417004,7.491263871129734,-0.07753971595113551
us_project_5_100mw__experience_plus_lnG,2012,7.445354232123956,5.56590362647905,7.81677564568493,7.391112157346464,0.05424207477749121
us_project_5_100mw__experience_plus_lnG,2013,7.316295554413122,5.677698971893068,7.887096300125977,7.358872466184,-0.04257691177087786
us_project_5_100mw__experience_plus_lnG,2014,7.33044279859622,5.830825584658366,7.990384143902638,7.306239174920787,0.02420362367543305
us_project_5_100mw__experience_plus_lnG,2015,7.342701383762507,6.002024865148459,8.027211420656602,7.343030743527846,-0.00032935976533909894
us_project_5_100mw__difference_plus_lnG,2011,-0.22013611437507574,0.19625501302491166,0.15963195802170915,-0.07811492002071085,-0.1420211943543649
us_project_5_100mw__difference_plus_lnG,2012,0.031630076945357466,0.1894863767809527,0.15661420226792622,-0.08228449761735596,0.11391457456271342
us_project_5_100mw__difference_plus_lnG,2013,-0.1290586777108338,0.11179534541401814,0.07032065444104685,-0.0792066292781916,-0.049852048432642196
us_project_5_100mw__difference_plus_lnG,2014,0.014147244183098096,0.15312661276529838,0.10328784377666089,-0.06808353685457577,0.08223078103767387
us_project_5_100mw__difference_plus_lnG,2015,0.012258585166287084,0.17119928049009303,0.036827276753964355,0.016530697979667427,-0.004272112813380344
us_project_gt100mw__experience_only,2010,7.537239649359366,5.180162236673185,7.500529485395295,7.542519238849118,-0.005279589489751935
us_project_gt100mw__experience_only,2011,7.432396369984271,5.376417249698097,7.660161443417004,7.461020999134455,-0.028624629150184155
us_project_gt100mw__experience_only,2013,7.443176206169008,5.677698971893068,7.887096300125977,7.3359086280482915,0.10726757812071686
us_project_gt100mw__experience_only,2014,7.113041672851738,5.830825584658366,7.990384143902638,7.272320191750582,-0.15927851889884437
us_project_gt100mw__experience_only,2015,7.4177630940418045,6.002024865148459,8.027211420656602,7.201226772095673,0.2165363219461316
us_project_gt100mw__experience_only,2016,7.023790411420235,6.114760027948734,8.056068120147582,7.154411573948341,-0.13062116252810618
us_project_gt100mw__experience_plus_lnG,2010,7.537239649359366,5.180162236673185,7.500529485395295,7.541090168804086,-0.0038505194447200353
us_project_gt100mw__experience_plus_lnG,2011,7.432396369984271,5.376417249698097,7.660161443417004,7.461095350485726,-0.028698980501455473
us_project_gt100mw__experience_plus_lnG,2013,7.443176206169008,5.677698971893068,7.887096300125977,7.337609891094609,0.10556631507439906
us_project_gt100mw__experience_plus_lnG,2014,7.113041672851738,5.830825584658366,7.990384143902638,7.274395461212133,-0.16135378836039482
us_project_gt100mw__experience_plus_lnG,2015,7.4177630940418045,6.002024865148459,8.027211420656602,7.200764738973648,0.21699835506815646
us_project_gt100mw__experience_plus_lnG,2016,7.023790411420235,6.114760027948734,8.056068120147582,7.152451793254447,-0.12866138183421238
vestas_asp__experience_only,2010,7.519976983896885,5.180162236673185,7.500529485395295,7.526175295096393,-0.006198311199508311
vestas_asp__experience_only,2011,7.544080932704994,5.376417249698097,7.660161443417004,7.451688004852714,0.09239292785228059
vestas_asp__experience_only,2012,7.475406322541961,5.56590362647905,7.81677564568493,7.3797697056614755,0.09563661688048519
vestas_asp__experience_only,2013,7.447343924302284,5.677698971893068,7.887096300125977,7.337338522817298,0.11000540148498583
vestas_asp__experience_only,2014,7.337950736153582,5.830825584658366,7.990384143902638,7.279220331219142,0.058730404934439484
vestas_asp__experience_only,2015,7.180166664019038,6.002024865148459,8.027211420656602,7.214242778295406,-0.034076114276368585
vestas_asp__experience_only,2016,7.1525449693183685,6.114760027948734,8.056068120147582,7.171454893987418,-0.018909924669049616
vestas_asp__experience_only,2017,7.02696687700858,6.205934995565976,8.090274224065078,7.136850038951173,-0.10988316194259262
vestas_asp__experience_only,2018,6.7553635033498365,6.290532398624406,8.089275064352785,7.104741654974887,-0.3493781516250509
vestas_asp__experience_only,2019,6.87671553384544,6.38729428375806,8.063501090002571,7.068016322401797,-0.19130078855635713
vestas_asp__experience_only,2020,6.903147370737096,6.548699273994664,8.0342266640503,7.006756127468554,-0.1036087567314583
vestas_asp__experience_only,2021,6.9986112310314175,6.645448863841342,8.020032815696803,6.970035461490195,0.028575769541222762
vestas_asp__experience_only,2022,7.030213485772229,6.733146895042726,8.003413013798346,6.936750254640128,0.09346323113210175
vestas_asp__experience_only,2023,6.98625099951834,6.849202095255681,7.965557544473859,6.892702272123353,0.0935487273949871
vestas_asp__experience_only,2024,7.093254850398366,6.955776347473294,7.934166351320825,6.852252720618502,0.24100212977986413
vestas_asp__experience_plus_lnG,2010,7.519976983896885,5.180162236673185,7.500529485395295,7.682628501541224,-0.16265151764433927
vestas_asp__experience_plus_lnG,2011,7.544080932704994,5.376417249698097,7.660161443417004,7.529310029154437,0.014770903550557435
vestas_asp__experience_plus_lnG,2012,7.475406322541961,5.56590362647905,7.81677564568493,7.379614934667599,0.09579138787436126
vestas_asp__experience_plus_lnG,2013,7.447343924302284,5.677698971893068,7.887096300125977,7.306068686133494,0.14127523816878984
vestas_asp__experience_plus_lnG,2014,7.337950736153582,5.830825584658366,7.990384143902638,7.200669320395805,0.13728141575777641
vestas_asp__experience_plus_lnG,2015,7.180166664019038,6.002024865148459,8.027211420656602,7.13545066364901,0.044716000370027764
vestas_asp__experience_plus_lnG,2016,7.1525449693183685,6.114760027948734,8.056068120147582,7.0894225354704,0.06312243384796812
vestas_asp__experience_plus_lnG,2017,7.02696687700858,6.205934995565976,8.090274224065078,7.044925939082411,-0.0179590620738308
vestas_asp__experience_plus_lnG,2018,6.7553635033498365,6.290532398624406,8.089275064352785,7.025542039199096,-0.27017853584925966
vestas_asp__experience_plus_lnG,2019,6.87671553384544,6.38729428375806,8.063501090002571,7.019850004530752,-0.14313447068531193
vestas_asp__experience_plus_lnG,2020,6.903147370737096,6.548699273994664,8.0342266640503,7.001177351435457,-0.09802998069836111
vestas_asp__experience_plus_lnG,2021,6.9986112310314175,6.645448863841342,8.020032815696803,6.98774070732591,0.010870523705507118
vestas_asp__experience_plus_lnG,2022,7.030213485772229,6.733146895042726,8.003413013798346,6.978072631881365,0.052140853890864314
vestas_asp__experience_plus_lnG,2023,6.98625099951834,6.849202095255681,7.965557544473859,6.975890403226328,0.01036059629201258
vestas_asp__experience_plus_lnG,2024,7.093254850398366,6.955776347473294,7.934166351320825,6.971630636904862,0.1216242134935035
vestas_asp__difference_plus_lnG,2011,0.02410394880810962,0.19625501302491166,0.15963195802170915,-0.07416106329490336,0.09826501210301299
vestas_asp__difference_plus_lnG,2012,-0.06867461016303356,0.1894863767809527,0.15661420226792622,-0.07621237427794615,0.007537764114912596
vestas_asp__difference_plus_lnG,2013,-0.028062398239677044,0.11179534541401814,0.07032065444104685,-0.06554024951676242,0.037477851277085375
vestas_asp__difference_plus_lnG,2014,-0.1093931881487018,0.15312661276529838,0.10328784377666089,-0.06264576211782776,-0.04674742603087405
vestas_asp__difference_plus_lnG,2015,-0.15778407213454404,0.17119928049009303,0.036827276753964355,-0.0078068310608377725,-0.14997724107370627
vestas_asp__difference_plus_lnG,2016,-0.02762169470066933,0.11273516280027529,0.02885669949098002,-0.03751159957376708,0.009889904873097752
vestas_asp__difference_plus_lnG,2017,-0.12557809230978823,0.09117496761724198,0.03420610391749612,-0.05395660917974528,-0.07162148313004295
vestas_asp__difference_plus_lnG,2018,-0.27160337365874376,0.08459740305842978,-0.0009991597122933626,-0.034572155707087306,-0.23703121795165646
vestas_asp__difference_plus_lnG,2019,0.12135203049560328,0.09676188513365425,-0.02577397435021389,-0.010881838432837871,0.13223386892844116
vestas_asp__difference_plus_lnG,2020,0.02643183689165607,0.16140499023660393,-0.0292744259522717,0.030118960045850254,-0.0036871231541941857
vestas_asp__difference_plus_lnG,2021,0.09546386029432163,0.09674958984667725,-0.014193848353496463,-0.018560023527782247,0.11402388382210388
vestas_asp__difference_plus_lnG,2022,0.03160225474081191,0.0876980312013842,-0.016619801898457354,-0.02236943939042956,0.05397169413124147
vestas_asp__difference_plus_lnG,2023,-0.04396248625388921,0.1160552002129549,-0.03785546932448636,0.008666108736016663,-0.05262859498990587
vestas_asp__difference_plus_lnG,2024,0.10700385088002573,0.10657425221761319,-0.03139119315303418,-0.0012892562004582185,0.10829310708048395
