,Oceania,Oceania,Oceania,Oceania,Oceania,Oceania,Oceania,Oceania,Oceania,Oceania,Oceania,Oceania,Oceania,Oceania,Oceania,China,China,China,China,China,China,China,China,China,China,China,China,China,China,China,Japan,Japan,Japan,Japan,Japan,Japan,Japan,Japan,Japan,Japan,Japan,Japan,Japan,Japan,Japan,SKorea,SKorea,SKorea,SKorea,SKorea,SKorea,SKorea,SKorea,SKorea,SKorea,SKorea,SKorea,SKorea,SKorea,SKorea,ROW,ROW,ROW,ROW,ROW,ROW,ROW,ROW,ROW,ROW,ROW,ROW,ROW,ROW,ROW,SEA,SEA,SEA,SEA,SEA,SEA,SEA,SEA,SEA,SEA,SEA,SEA,SEA,SEA,SEA,CWS,CWS,CWS,CWS,CWS,CWS,CWS,CWS,CWS,CWS,CWS,CWS,CWS,CWS,CWS,India,India,India,India,India,India,India,India,India,India,India,India,India,India,India,Canada,Canada,Canada,Canada,Canada,Canada,Canada,Canada,Canada,Canada,Canada,Canada,Canada,Canada,Canada,US,US,US,US,US,US,US,US,US,US,US,US,US,US,US,RAM,RAM,RAM,RAM,RAM,RAM,RAM,RAM,RAM,RAM,RAM,RAM,RAM,RAM,RAM,Brazil,Brazil,Brazil,Brazil,Brazil,Brazil,Brazil,Brazil,Brazil,Brazil,Brazil,Brazil,Brazil,Brazil,Brazil,EUPlus,EUPlus,EUPlus,EUPlus,EUPlus,EUPlus,EUPlus,EUPlus,EUPlus,EUPlus,EUPlus,EUPlus,EUPlus,EUPlus,EUPlus,EEuro,EEuro,EEuro,EEuro,EEuro,EEuro,EEuro,EEuro,EEuro,EEuro,EEuro,EEuro,EEuro,EEuro,EEuro,Russia,Russia,Russia,Russia,Russia,Russia,Russia,Russia,Russia,Russia,Russia,Russia,Russia,Russia,Russia,NAF,NAF,NAF,NAF,NAF,NAF,NAF,NAF,NAF,NAF,NAF,NAF,NAF,NAF,NAF,SSAF,SSAF,SSAF,SSAF,SSAF,SSAF,SSAF,SSAF,SSAF,SSAF,SSAF,SSAF,SSAF,SSAF,SSAF,SAfrica,SAfrica,SAfrica,SAfrica,SAfrica,SAfrica,SAfrica,SAfrica,SAfrica,SAfrica,SAfrica,SAfrica,SAfrica,SAfrica,SAfrica
,1R,2C,3C,4A,5F,6C,7O,8G,9M,10,11,12,13,14,15,1R,2C,3C,4A,5F,6C,7O,8G,9M,10,11,12,13,14,15,1R,2C,3C,4A,5F,6C,7O,8G,9M,10,11,12,13,14,15,1R,2C,3C,4A,5F,6C,7O,8G,9M,10,11,12,13,14,15,1R,2C,3C,4A,5F,6C,7O,8G,9M,10,11,12,13,14,15,1R,2C,3C,4A,5F,6C,7O,8G,9M,10,11,12,13,14,15,1R,2C,3C,4A,5F,6C,7O,8G,9M,10,11,12,13,14,15,1R,2C,3C,4A,5F,6C,7O,8G,9M,10,11,12,13,14,15,1R,2C,3C,4A,5F,6C,7O,8G,9M,10,11,12,13,14,15,1R,2C,3C,4A,5F,6C,7O,8G,9M,10,11,12,13,14,15,1R,2C,3C,4A,5F,6C,7O,8G,9M,10,11,12,13,14,15,1R,2C,3C,4A,5F,6C,7O,8G,9M,10,11,12,13,14,15,1R,2C,3C,4A,5F,6C,7O,8G,9M,10,11,12,13,14,15,1R,2C,3C,4A,5F,6C,7O,8G,9M,10,11,12,13,14,15,1R,2C,3C,4A,5F,6C,7O,8G,9M,10,11,12,13,14,15,1R,2C,3C,4A,5F,6C,7O,8G,9M,10,11,12,13,14,15,1R,2C,3C,4A,5F,6C,7O,8G,9M,10,11,12,13,14,15,1R,2C,3C,4A,5F,6C,7O,8G,9M,10,11,12,13,14,15
1R,0.0,0.0,-7.294118404388428e-06,0.0,0.0,0.0,0.0,0.0,0.0,0.0,0.0,0.0,0.0,0.0,0.0,0.0,-0.013211488723754883,0.0,-0.003706604242324829,0.0,0.0,0.0,0.0,0.0,0.6213922500610352,0.0,0.0,0.0,0.0,0.0,0.0,0.0,0.0,0.0,0.0,0.0,0.0,0.0,0.0,0.02056524157524109,0.0,0.0,0.0,0.0,0.0,-0.0013763196766376495,0.0,0.0,0.0,0.0,0.0,0.0,0.0,0.0,0.0,0.0,0.0,0.0,0.0,0.0,0.0,7.670349441468716e-05,0.000504479743540287,0.0,0.0,0.0,0.0,0.0,0.0,0.001568557694554329,6.115820724517107e-05,0.0,0.0,0.0024214237928390503,9.517406579107046e-05,-0.12295103073120117,-0.004651486873626709,-0.0014511793851852417,0.0027158260345458984,0.0,0.0,1.043081283569336e-07,2.9802322387695312e-08,0.0,0.04552459716796875,0.0,0.0,0.0,0.0016279220581054688,0.0,0.0036683082580566406,-0.014052987098693848,-0.0007505416870117188,0.02376312017440796,0.0001568831503391266,1.1494848877191544e-06,0.0,0.0,0.0007180627435445786,0.7705612182617188,0.0,0.00013004266656935215,0.0001433338038623333,-0.012633323669433594,0.00018973276019096375,-0.021931178867816925,0.0,0.0,0.0,0.0,0.0,0.0,0.0,0.0,0.0,0.0,0.0,0.0,0.0,0.0,0.0,-0.0005583912134170532,0.0,0.0,0.0,0.0,0.0,0.0,0.0,0.0,0.0,0.0,0.0,0.0,0.0,0.0,0.0,0.0,0.0,0.0,0.0,0.0,0.0,0.0,0.0,0.0,0.0,0.0,0.0,0.0,0.06167483329772949,0.12607383728027344,0.02901935577392578,0.32829713821411133,0.005007058382034302,0.0,0.0,0.0,0.0,14.710479736328125,0.013629734516143799,0.0,0.0,0.7357177734375,1.0594725608825684e-05,-0.0031029880046844482,-0.001249171793460846,0.0,0.0,0.0,0.0,0.0,0.0,0.0,-1.9259815216064453,0.0,0.0,0.0,0.0,0.0,-0.009655911475419998,-0.8324031829833984,-0.023188233375549316,-0.07790243625640869,0.01860412210226059,0.0,0.0,0.0,0.0,0.3590087890625,0.0,0.0,0.0,0.07819175720214844,0.0,0.0,-1.576542854309082e-05,8.743465878069401e-05,0.00031644944101572037,0.0,0.0,0.0,0.0,0.0,0.006061673164367676,0.0,0.0,0.0,0.0,0.0,0.0,0.0,0.0,0.0,0.0,0.0,0.0,0.0,0.0,0.017463386058807373,0.0,0.0,0.0,0.0,0.0,0.00291384756565094,0.0591282844543457,0.004348069429397583,0.0007017664611339569,0.0,0.0,0.0,0.0,0.0,0.8515853881835938,0.0,0.0,0.0,1.7881393432617188e-07,0.0,0.06367349624633789,0.035884737968444824,0.011919468641281128,0.007725059986114502,3.873370587825775e-05,0.0,0.0,0.0,0.0,0.1030893325805664,0.0,0.0,0.0,0.05751168727874756,0.0,-0.0005787983536720276,0.0,0.0,0.0,0.0,0.0,0.0,0.0,0.0,0.017549455165863037,0.0,0.0,0.0,0.001087917946279049,0.0
2C,-0.003976315259933472,-4.969085693359375,0.07608413696289062,-0.16631317138671875,1.6013679504394531,0.0,0.0,0.0,0.024273395538330078,27.42315673828125,0.0,0.003695249557495117,0.006394386291503906,17.092041015625,0.02559041976928711,-8.579742431640625,-68.21533203125,-6.38995361328125,-19.249755859375,0.0,0.0,0.0,0.0,0.0,4181.23828125,0.0,1.239776611328125e-05,-0.011590838432312012,402.7880859375,0.22908496856689453,-0.009553790092468262,-1.770538330078125,-1.9541015625,-3.53851318359375,0.0,0.0,0.0,0.0,0.0,605.796875,0.0,0.0,0.0,51.2110595703125,0.0,-0.007173776626586914,-20.41058349609375,-0.17476272583007812,-0.2814521789550781,0.005247175693511963,0.0,0.0,0.0,0.0,84.4833984375,0.0,0.0,0.0,49.672119140625,0.0,1.5341502148658037e-06,0.15805375576019287,0.6441364288330078,3.4246139526367188,2.445373684167862e-05,0.06349489092826843,0.0,0.0,0.032614707946777344,2.6820316314697266,0.11476653814315796,8.313730359077454e-05,0.0030509531497955322,6.7806854248046875,0.159743070602417,-0.12799644470214844,-38.49560546875,-1.1371421813964844,-0.1844482421875,0.02386188507080078,0.0,0.0,0.0,0.00028586387634277344,103.20703125,0.0,0.00024330615997314453,0.12940073013305664,14.987548828125,0.037715911865234375,-0.5059804916381836,15.223388671875,0.174072265625,29.716796875,0.19610595703125,0.00017112493515014648,-0.0006016194820404053,0.1153872013092041,0.08411884307861328,52.951171875,3.933906555175781e-06,0.022380352020263672,-0.2097015380859375,1.76708984375,-0.053955078125,-1.6290550231933594,-445.9296569824219,-11.713420867919922,-135.04534912109375,0.0,0.0,0.0,0.0,0.0,0.0,0.0,0.0,0.0,0.0,0.0,-0.006627559661865234,-4.1248779296875,-4.1806640625,-10.5343017578125,1.6563186645507812,0.0,0.0,0.0,0.0,0.3350830078125,0.0,0.0,0.0,34.14501953125,0.03715705871582031,-0.027670741081237793,-73.300048828125,-4.5188140869140625,-4.5892486572265625,-1.1141357421875,0.00036978721618652344,0.0,0.0,0.0002799034118652344,10.0185546875,0.0,0.0,-0.13639545440673828,-18.3681640625,-0.05904388427734375,-1.0204944610595703,-12.64215087890625,-1.8118133544921875,-9.704833984375,0.08227062225341797,6.109476089477539e-07,0.0005743652582168579,0.00029215216636657715,0.0010304450988769531,392.0439453125,0.17470741271972656,0.017127275466918945,0.009028434753417969,43.322998046875,0.020952224731445312,-0.00505375862121582,-2.3190536499023438,-0.74346923828125,-2.3739013671875,0.0,0.0,0.0,0.0,0.004160977900028229,17.227783203125,0.0,0.0,0.0,0.4281005859375,0.0,-0.004294037818908691,-226.4521484375,-60.4444580078125,-167.68115234375,1.619384765625,0.0,0.010395288467407227,0.0748448371887207,0.0767369270324707,653.35546875,-0.0207061767578125,0.1067352294921875,0.19492816925048828,268.2509765625,-0.792755126953125,-0.010728567838668823,-5.002166748046875,-0.2178192138671875,-7.13629150390625,0.022557735443115234,0.0,0.0,0.0,0.0,8.8236083984375,0.0,0.0004858970642089844,0.0,4.6617431640625,0.0026793181896209717,0.0,-1.158203125,-0.2612876892089844,-1.92535400390625,0.14090728759765625,0.0,0.0,2.7697036266326904,0.0,94.05078125,0.0,3.236983299255371,0.20858383178710938,0.61700439453125,-0.036235809326171875,0.0,0.000640869140625,0.0,0.00128173828125,3.337860107421875e-06,0.0,0.0,0.0,0.0,0.0498046875,0.0,0.0071839988231658936,-0.24974346160888672,0.0626220703125,0.0587921142578125,0.2782444953918457,53.112213134765625,5.909393310546875,19.933929443359375,0.1852874755859375,0.0,0.0,0.0,0.004724074155092239,102.88232421875,0.00038245320320129395,0.023029804229736328,0.09957647323608398,24.818023681640625,0.009965896606445312,0.0,-1.2025909423828125,-1.467041015625,-2.353515625,0.00010435283184051514,0.0,0.0,0.0,0.0,10.113983154296875,0.0,0.028944671154022217,0.036346495151519775,2.9389495849609375,0.0
3C,0.0,-0.0002842545509338379,-0.08000469207763672,-0.039775848388671875,0.0011054277420043945,0.0,0.0,0.0,1.3446435332298279e-05,0.01352691650390625,0.0,0.0,8.063018321990967e-05,0.0069446563720703125,5.4001808166503906e-05,0.0,0.0,-0.15283870697021484,-0.266448974609375,0.0,0.0,0.0,0.0,0.0,22.214080810546875,0.0,0.0,0.0,1.2129096984863281,0.0010208189487457275,-0.010628461837768555,-0.01280832290649414,-0.4181976318359375,0.0,0.0,0.0,0.0,0.0,0.0,14.94049072265625,0.0,0.0,0.0,0.05667591094970703,0.0,0.0,-0.0018533319234848022,-0.015418529510498047,-0.007214367389678955,0.0,0.0,0.0,0.0,0.0,0.4791259765625,0.0,0.0,0.0,0.2562589645385742,0.0,0.00027808104641735554,0.05339449644088745,0.07934528589248657,0.004254885017871857,0.00590028241276741,0.0,0.0,0.0,0.0,0.3125026226043701,0.0003856630064547062,0.0,0.0,0.13391351699829102,0.003977350890636444,-0.06878024339675903,-0.4468507766723633,-0.443878173828125,0.0005521178245544434,7.078051567077637e-07,0.0,3.2782554626464844e-07,2.2351741790771484e-08,0.0,7.34735107421875,0.0,0.0,0.0,0.22512435913085938,0.0,-0.015011310577392578,1.4221420288085938,-0.18218994140625,0.14028358459472656,0.0017656683921813965,0.0014914646744728088,1.9458122551441193e-05,0.00018992647528648376,0.0006290674209594727,-12.21728515625,0.0,0.00011213123798370361,-0.006362259387969971,4.792083740234375,0.005167961120605469,0.0,0.0,-0.06965762376785278,0.0,0.0,0.0,0.0,0.0,0.0,1.9073486328125e-06,0.0,0.0,0.0,-5.960464477539063e-08,0.0,0.0,-0.0005117207765579224,-0.3643989562988281,0.0,0.0,0.0,0.0,0.0,0.0,0.214874267578125,0.0,0.0,0.0,0.001598358154296875,0.0,0.0,-0.14623594284057617,-11.36822509765625,-0.9841842651367188,0.012474536895751953,0.0,0.0,0.0,0.0,4.531982421875,0.0,0.0,0.0,0.03646659851074219,0.0,-0.00014514196664094925,-0.0015518516302108765,-0.2186870574951172,-0.0005888938903808594,0.00017379969358444214,0.0,0.0,0.0,-4.4747255742549896e-05,1.028289794921875,0.0,0.0,0.00017959251999855042,0.019978046417236328,0.0003192499279975891,0.0,0.0,-0.010558128356933594,-0.00020693987607955933,0.0,0.0,0.0,0.0,0.0,1.7177352905273438,0.0,0.0,0.0,0.030857115983963013,0.0,-0.00010953843593597412,-1.7875480651855469,-3.0509414672851562,-0.0830678939819336,0.03132128715515137,0.0,0.0,0.009827375411987305,0.0,41.52978515625,0.0,0.02166271209716797,0.0,7.5714111328125,-0.025552749633789062,-0.0027838312089443207,0.027564644813537598,0.354583740234375,0.004927635192871094,0.0007373923435807228,0.0,0.0,0.0,0.0,2.2503585815429688,0.0,0.0,0.00014471262693405151,0.2771329879760742,0.0,-0.0005683004856109619,-0.005595684051513672,-0.04158973693847656,-0.0019358992576599121,0.0,0.0,0.0,0.0,0.0,2.5234375,0.0,0.0,0.0,0.42070847749710083,0.0,-2.384185791015625e-07,3.814697265625e-06,0.0,0.0010773539543151855,1.6093254089355469e-06,0.0,0.0,0.0,0.0,0.0037384033203125,0.0,0.0,-0.0037195831537246704,-0.025119781494140625,0.02875804901123047,0.006471991539001465,0.003191441297531128,0.29570960998535156,0.05474856495857239,-0.18455395102500916,0.0,0.0,0.0,0.0,3.461669921875,2.1313782781362534e-05,0.00135764479637146,0.0005724132061004639,0.23553991317749023,0.0037156865000724792,0.0,0.0,-0.03907585144042969,-0.0008729547262191772,0.0,0.0,0.0,0.0,0.0,3.0750274658203125,0.0,0.0,0.0016254838556051254,0.5244426727294922,0.0
4A,0.0,0.0020978450775146484,-0.0033922195434570312,0.002292633056640625,0.012138843536376953,0.0,0.0,0.0,0.0,0.7252883911132812,0.0,0.0,0.0,0.5074691772460938,0.002324223518371582,-0.012831568717956543,-0.010117053985595703,-0.524139404296875,-2.10552978515625,0.0,0.0,0.0,0.0,0.0,521.6796875,0.0,0.0,0.0,69.0550537109375,6.151199340820312e-05,-0.001165047287940979,-0.002339184284210205,0.0,2.607257843017578,0.0,0.0,0.0,0.0,0.0,48.203369140625,0.0,0.0,0.0,18.71038818359375,0.0,-0.015591144561767578,-0.050415873527526855,-0.033768653869628906,7.874969482421875,0.0,0.0,0.0,0.0,0.0,13.29913330078125,0.0,0.0,0.0,36.689697265625,0.0,0.0033987127244472504,0.4944801330566406,0.08150964975357056,0.0842282772064209,0.07747501134872437,0.0,0.0,0.0,0.0,2.181577682495117,0.0011816881597042084,0.0,0.0,0.9124717712402344,0.03247228264808655,-0.03669464588165283,-0.02150893211364746,-0.013942837715148926,2.71783447265625,0.0,0.0,2.9802322387695312e-08,0.0,0.0,15.9232177734375,0.0,0.0,1.3485550880432129e-06,1.873016357421875,0.009258151054382324,0.00012276321649551392,0.2640395164489746,-0.004031956195831299,27.816925048828125,0.0014771819114685059,0.0,0.0,0.00016392767429351807,-0.0012994557619094849,0.47357177734375,0.0,3.269314765930176e-05,0.0005307197570800781,0.173858642578125,-0.018472671508789062,-1.38470458984375,-9.178937911987305,0.0,-0.40848398208618164,0.0,0.0,0.0,0.0,0.0,0.0,0.0,0.0,0.0,0.0,0.0,0.0,-0.010965704917907715,-0.0025685131549835205,0.1179351806640625,0.0017618536949157715,0.0003790557384490967,0.0,0.0,0.0010945498943328857,0.08454132080078125,0.0,0.0036235451698303223,0.0,1.042083740234375,0.004656434059143066,0.0,-0.12575864791870117,-0.3650808334350586,-3.9627838134765625,-0.06884098052978516,0.0,0.0,0.0,0.0,3.169189453125,0.0,0.0,0.003809630870819092,6.677001953125,-0.005135774612426758,-0.0010432451963424683,-0.47628116607666016,-0.011881828308105469,0.25194549560546875,-0.001006290316581726,3.6873389035463333e-06,2.9671937227249146e-06,0.0002547549083828926,3.923848271369934e-05,4.842926025390625,2.855435013771057e-06,0.003927543759346008,0.011609658598899841,2.4626998901367188,-0.009781062602996826,0.0,0.0,-0.0009629130363464355,0.009082317352294922,0.0,0.0,0.0,0.0,0.0,0.4863166809082031,0.0,0.0,0.0,0.2776641845703125,0.0,-0.008480072021484375,-4.5626983642578125,-0.1494143009185791,-0.76513671875,0.1541423797607422,0.0,0.0,0.003238499164581299,0.0007333159446716309,144.8212890625,0.0,0.0014123916625976562,0.0,76.281982421875,0.6491432189941406,-0.0019297003746032715,-0.06834220886230469,0.008541107177734375,-1.8686256408691406,0.0002852827310562134,0.0,0.0,0.0,0.0,2.3629150390625,0.0,0.00010264664888381958,-7.301568984985352e-07,0.6257400512695312,0.0,0.0,-0.00418466329574585,-0.00018167495727539062,-0.012326240539550781,0.0,0.0,0.0,0.0,0.0,-1.119659423828125,0.0,0.0,0.0,0.042938232421875,0.0,1.6689300537109375e-06,5.245208740234375e-06,0.001222863793373108,0.024760723114013672,0.0007698908448219299,0.0,0.0,0.0,0.0,1.2176055908203125,0.0,0.0,-0.000940568745136261,0.204986572265625,-0.000827789306640625,0.0018260776996612549,0.0017403364181518555,0.00851529836654663,4.3155364990234375,-0.19680839776992798,0.0,0.0,0.0,0.0,4.58135986328125,0.0,0.0009440779685974121,0.0003522410988807678,3.4538536071777344,0.0001345612108707428,0.0,0.0,-0.14460182189941406,-0.11254501342773438,0.0,0.0,0.0,0.0,0.0,0.2579174041748047,0.0,0.0,0.0,0.23160362243652344,0.0
5F,0.0,-0.05574512481689453,-0.005888700485229492,-0.006237804889678955,0.0050220489501953125,0.00015944615006446838,0.0,0.0,0.0,0.04708290100097656,0.0,0.0004250854253768921,0.0,0.006824493408203125,0.00022159144282341003,0.0,-0.009493350982666016,0.0,0.0,60.775909423828125,3.3708114624023438,0.0,0.0,0.980435848236084,907.3486328125,0.0,0.0,0.0,319.6923828125,1.2031211853027344,0.0,-0.011611223220825195,0.0,0.017961233854293823,6.873893737792969,0.0,0.0,0.0,0.007495999336242676,36.80712890625,0.0,0.0,0.0,6.23406982421875,0.0,-0.010593295097351074,-0.06798481941223145,-0.014199256896972656,-0.005957663059234619,0.0,0.0,0.0,0.0,0.0,0.385467529296875,0.0,0.0,0.0,2.9022216796875,0.0,0.0,0.011825257912278175,0.001202356768772006,0.0003318709786981344,5.960464477539063e-08,0.008125899359583855,0.0,0.0,0.02868541330099106,0.25881290435791016,0.0,0.0012413361109793186,0.0,0.35246193408966064,0.11059597134590149,-0.009093880653381348,-0.016138911247253418,-0.00191497802734375,-0.00029371678829193115,0.1918182373046875,5.492568016052246e-05,0.0,0.0,0.0004018545150756836,4.10406494140625,0.0,0.0,0.0,0.5018081665039062,0.009725093841552734,0.0,-0.004657268524169922,0.001059114933013916,0.015736162662506104,0.016935348510742188,0.0045119524002075195,-0.0002918615937232971,6.822869181632996e-06,0.07434701919555664,2.18634033203125,0.0,3.403425216674805e-05,-6.673485040664673e-05,0.18622970581054688,0.0003413558006286621,0.0,-0.17706742882728577,0.0,-0.36577343940734863,0.0,0.0,0.0,0.0,0.0,-3.0517578125e-05,0.0,0.0,0.0,0.0,0.0,0.0,0.0,0.0,0.0,0.0,0.0,0.0,0.0,0.0,0.0,0.0,0.0,0.0,0.0,0.0,0.0,-0.1468334197998047,-0.008392095565795898,-0.004476219415664673,-0.6556777954101562,-0.02258443832397461,0.0,0.0,0.0,-5.06011962890625,0.0,0.0,0.0,-0.15375804901123047,0.0,0.0015807487070560455,0.040026307106018066,0.0020010024309158325,0.011953532695770264,0.07729506492614746,1.953449100255966e-06,0.0,0.0,0.0012876689434051514,1.0795059204101562,0.0,0.005273714661598206,0.009418964385986328,0.2819404602050781,0.013458847999572754,0.0,0.0,0.0,-0.00017445534467697144,0.024476826190948486,0.0,0.0,0.0,0.0013059936463832855,1.3165454864501953,0.0,0.0,0.0,0.004495315253734589,0.0,-0.0006713345646858215,-0.22611427307128906,-0.020926594734191895,-0.10857725143432617,0.24652099609375,0.0006273984909057617,-5.960464477539063e-08,0.0015935301780700684,0.019129276275634766,5.54931640625,0.0,0.04055213928222656,-0.003748297691345215,9.620361328125,0.06208324432373047,0.0,0.0008852705359458923,3.762543201446533e-06,3.643333911895752e-06,0.013831377029418945,0.00029185228049755096,0.0,0.0,0.0012980839237570763,0.1720447540283203,0.0,0.0002947673201560974,-2.0734965801239014e-05,0.03731083869934082,0.0,0.0,-0.00016049668192863464,0.0,0.0,0.0,0.0,0.0,0.0,0.0,-1.9073486328125e-06,0.0,0.0,0.0,0.0,0.0,0.0,0.009970307350158691,0.016986563801765442,0.006925910711288452,0.028502047061920166,0.0,0.0,0.0,0.0,0.9046630859375,0.0,0.0,0.0,0.0019364356994628906,0.0,0.0,0.0012912750244140625,0.00539088249206543,0.00150318443775177,0.588810920715332,0.0,0.0,2.6052817702293396e-05,0.0,1.0382118225097656,0.00012171640992164612,0.001326046884059906,4.656612873077393e-10,0.7386846542358398,7.916055619716644e-05,0.0,0.0,-8.279457688331604e-05,0.0,0.03195476531982422,0.0,0.0,0.0,0.0,0.6254386901855469,0.0,0.0,0.0,0.09284186363220215,0.0
6C,0.0,0.0024166107177734375,0.00028099119663238525,0.0005178749561309814,0.0,1.1920928955078125e-07,0.0,3.725290298461914e-09,1.8309801816940308e-05,0.07347488403320312,0.0,0.420135498046875,2.9712915420532227e-05,0.0014481544494628906,2.7455389499664307e-05,2.132200241088867,14.918350219726562,0.3580763339996338,5.9078826904296875,1.6585817337036133,-3.0517578125e-05,0.0,3.0517578125e-05,8.78839111328125,695.60693359375,-0.0009765625,1991.771484375,-9.989738464355469e-05,76.334228515625,0.0,0.0,0.0,0.0,0.0,0.0,0.0,0.0,0.006011962890625,0.0,194.5413818359375,0.0,0.0,0.0,0.0,0.0,0.0,0.0,0.0,0.0,0.0,0.0,0.0,0.0,0.0,-14.474609375,0.0,-106.369140625,0.0,0.0,0.0,0.0,-1.8189894035458565e-12,0.0,0.0,0.0,0.0,0.0,0.0,0.0,-0.025146484375,0.0,-1.1205673217773438e-05,0.003926336765289307,0.0031523704528808594,0.0,0.0,-0.010096549987792969,0.0,0.0,0.0,7.450580596923828e-09,0.0,1.4901161193847656e-08,-0.07764911651611328,33.021240234375,0.0,48.35693359375,-0.08597111701965332,-1.066497802734375,0.0,0.0,0.0,0.0,0.0,0.0,7.450580596923828e-09,0.0,8.940696716308594e-06,0.10093748569488525,82.545654296875,0.0,531.50146484375,0.35833740234375,7.099609375,-0.000891566276550293,0.0,0.0,0.0,0.0,0.0,0.0,0.0,3.5762786865234375e-06,0.0,0.0,0.0,0.0,0.0,0.0,0.0,0.0,0.0,0.0,0.0,0.0,0.0,0.0,0.0,0.0,1.1778144836425781,0.0,0.43359375,0.0,0.0,0.0,0.0,0.0,0.0,0.0,0.0,0.0,0.0,-2.384185791015625e-07,0.0,4.036651611328125,-7.62939453125e-06,91.34915161132812,0.0,0.0,0.0,0.0,0.0,0.0,0.0,0.0,-2.9802322387695312e-08,9.313225746154785e-10,7.450580596923828e-07,0.04226946830749512,12.5970458984375,0.0,1.6895751953125,0.04349792003631592,0.2345409393310547,3.854930400848389e-05,0.0,0.0,0.0,0.0,0.0,0.0,0.0,0.0,-0.002105712890625,-0.02685546875,0.0,0.0,0.0,0.0,0.0,0.0,1.0430965423583984,0.0,0.01773834228515625,0.07010525465011597,9.5367431640625e-06,0.0,0.0,0.10695838928222656,53.91650390625,0.0,11.7822265625,0.059015512466430664,0.7241592407226562,0.16262054443359375,0.0,0.0004923492670059204,0.0,0.0,0.0,9.298324584960938e-06,0.0,0.0,0.005909711122512817,3.217437744140625,-0.0001220703125,6.66143798828125,0.013678550720214844,0.06807327270507812,0.0,0.0,0.0,0.0,0.0,0.0,-2.384185791015625e-07,0.0,0.0,0.0,-0.00130462646484375,0.0,0.0,0.0,0.0,-0.004725366830825806,0.0,1.862645149230957e-09,0.0,0.0,0.0,0.0,0.0,2.384185791015625e-07,4.889443516731262e-09,0.2371826171875,0.0,-0.0003662109375,-6.384775042533875e-05,0.000278472900390625,-0.00012916326522827148,0.0,0.0,0.0,-0.006693590432405472,0.0,2.682209014892578e-07,0.0,4.023313522338867e-07,0.0003161430358886719,3.439910888671875,3.8564205169677734e-05,1.409820556640625,0.027297019958496094,0.039231300354003906,0.005448654294013977,0.0,0.0,0.0,0.001811206340789795,0.0,0.0,0.0,3.933906555175781e-06,0.0,0.0974726676940918,1.239776611328125e-05,2.2098922729492188,0.0,0.0,0.005778022110462189
7O,0.0,0.0,0.0,0.0,0.0,0.0,0.0,0.0,0.0,0.00022679567337036133,0.00048828125,0.0,0.0,0.0,0.0,0.0,0.0,0.0,0.0,0.0,0.0,-6.103515625e-05,0.002933502197265625,0.0,28.963546752929688,0.0,0.0,0.0,0.0,0.0,0.0,0.0,0.0,0.0,0.0,0.0,0.0,0.0180511474609375,0.0,0.0,0.0078125,51.27679443359375,0.0,0.0,0.0,0.0,0.0,0.0,0.0,0.0,0.0,0.0,0.0,0.0,0.0,0.0,0.0,0.0,0.0,0.0,0.0,0.0,0.0,0.0,0.0,0.0,0.0,0.0,0.0,1.134723424911499e-05,0.0,0.0,0.0,8.110702037811279e-05,6.631016731262207e-07,0.0,0.0,0.0,0.0,0.0,0.0,1.1920928955078125e-07,3.5762786865234375e-07,0.0,0.051361083984375,0.0,0.0,0.0,-0.014696717262268066,0.0,0.0,0.0,0.0,0.0,0.0,0.0,7.62939453125e-06,0.00023365020751953125,0.0,0.09417247772216797,0.001953125,0.2510566711425781,-6.884336471557617e-06,-0.006256580352783203,0.0,0.0,0.0,0.0,0.0,0.0,0.0,0.0,0.00576019287109375,0.0,0.0,0.0078125,0.0,0.0,0.0,0.0,0.0,0.0,0.0,0.0,0.0,0.0,0.0,0.0,0.0,0.0,0.0,0.0,0.0,0.0,0.0,0.0,0.0,0.0,0.0,0.0,0.0,0.0070819854736328125,0.0,0.0,0.0,0.0,0.0,0.0,0.0,0.0,0.0,0.0,5.550682544708252e-06,0.0001385211944580078,0.0,-1.4901161193847656e-08,4.76837158203125e-07,-8.106231689453125e-06,0.004318356513977051,0.03668212890625,0.0,-9.773361206054688,-6.2212347984313965e-06,0.025737762451171875,7.02887773513794e-05,0.0,0.0,0.0,0.0,0.0,0.0,0.0,0.0,0.0,0.0,-0.0001220703125,0.0,0.0,0.0,0.0,0.0,0.0,0.0,0.0,0.0,5.9157609939575195e-06,5.793571472167969e-05,0.0002384185791015625,0.0,0.00030803680419921875,0.0,0.08329105377197266,0.0,-0.0004553794860839844,0.005254864692687988,0.0,0.00023725628852844238,4.865974187850952e-05,0.00031048059463500977,0.0,2.835690975189209e-05,6.461143493652344e-05,4.9948692321777344e-05,6.243586540222168e-05,0.013248443603515625,-0.0009765625,0.009982109069824219,0.0,0.011826515197753906,0.02172684669494629,0.0,0.0,0.0,0.0,0.0,0.0,0.0,0.0,0.0,0.0,0.0,0.0,0.0,0.0,0.0,0.0,0.0,0.0,0.0,-5.3834402933716774e-05,0.0,0.0,-4.887580871582031e-06,0.0,0.0,-0.0001220703125,0.0,0.0,-0.007798910140991211,0.0,0.00013835099525749683,0.014126412570476532,0.0029841717332601547,0.0006168968975543976,0.0019979327917099,0.0,2.086162567138672e-07,1.0870397090911865e-05,0.0003635287284851074,0.06395137310028076,0.0,0.0134429931640625,0.015535041689872742,0.0705956220626831,0.0907946228981018,0.0,0.0,0.0,0.0,0.0,0.0,0.0,0.0,0.0,0.0,0.0,0.0,0.0,0.0,0.0
8G,0.0,0.005219459533691406,0.0,0.0010355114936828613,0.0,0.0,0.0,0.0,0.030583739280700684,2.528228759765625,1.52587890625e-05,2.44891357421875,0.0,0.6821975708007812,0.2136402130126953,0.0,0.0,0.0,0.0,0.0,0.0,9.489059448242188e-05,-0.0001220703125,25.312728881835938,1316.896484375,0.0001220703125,834.2236328125,0.02207469940185547,95.85186767578125,60.710540771484375,0.0,0.0,0.0,0.0,0.0,0.0,0.0,0.0037994384765625,0.0,-0.00048828125,0.006591796875,0.00390625,-3.814697265625e-06,0.000732421875,0.0,0.0,0.0,0.0,0.0,0.0,0.0,0.0,0.0007781982421875,0.0,0.0,0.0,0.0009765625,0.0,0.0,0.0,0.0,0.0,0.0,0.0,0.0,2.9653310775756836e-06,0.0,2.9802322387695312e-08,0.0,0.0003466606140136719,0.0,0.0,0.0,0.0,0.0,0.0,0.0,0.0,0.0,0.0,0.0,0.0,0.0009765625,0.0,51.839111328125,0.0,308.40673828125,0.0,1.448211669921875,0.006381988525390625,-0.10998275876045227,-4.271411895751953,-0.45602571964263916,1.1239356994628906,0.4945840835571289,3.725290298461914e-09,1.6689300537109375e-05,0.01318359375,-12.239776611328125,-370.287109375,-0.0001220703125,-2414.7685546875,-1.494415283203125,144.2506103515625,-25.69671630859375,0.18078136444091797,1.6987762451171875,0.04114645719528198,1.1496906280517578,0.1569826602935791,-1.1086463928222656e-05,0.0,0.0,1.1030521392822266,214.407470703125,0.0,328.142822265625,0.18929314613342285,4.855079650878906,53.96234130859375,0.03103458881378174,1.3776702880859375,0.12405276298522949,0.30090904235839844,0.03183013200759888,0.0,0.0,-0.000244140625,1.116170883178711,37.76422119140625,0.0,16.36572265625,0.10204315185546875,22.92401123046875,8.119598388671875,0.0,0.0,0.0,0.0,0.0,0.0,0.000849604606628418,0.0,5.36114501953125,151.329833984375,0.00054931640625,807.40234375,4.281642913818359,24.75335693359375,19.822906494140625,0.0,0.3577139377593994,0.031157344579696655,0.8525080680847168,0.03935147821903229,1.862645149230957e-09,-4.172325134277344e-07,0.00244140625,7.917274475097656,9.97705078125,0.0,46.33203125,0.015197992324829102,17.529998779296875,4.127838134765625,0.0,0.0,0.0,0.0,0.0,0.0,0.0,-6.103515625e-05,4.676250457763672,76.86981201171875,6.103515625e-05,1.710205078125,0.0,0.8158473968505859,38.501129150390625,0.34978270530700684,27.484375,0.4963374137878418,8.69049072265625,3.1383056640625,4.57763671875e-05,0.001209259033203125,0.0008544921875,32.29368591308594,4242.275390625,0.0,968.4765625,22.687599182128906,1864.2529296875,201.0299072265625,0.014698535203933716,-0.06427001953125,-0.013665437698364258,-0.8520183563232422,0.0192221999168396,1.6264617443084717e-05,7.128715515136719e-05,0.0001678466796875,0.3993968963623047,52.5234375,0.0,26.2431640625,1.750101089477539,8.520713806152344,6.5684661865234375,0.0,-0.040230318903923035,-0.003941742703318596,-0.017931975424289703,0.0,0.0,0.0,0.0,-0.3015648126602173,-5.544076919555664,0.0,-38.937347412109375,0.0,-0.4625566005706787,-7.16552734375,0.0,0.03657722473144531,0.06454956531524658,0.2037982940673828,0.009613513946533203,1.0477378964424133e-08,0.0,0.0,-0.05286598205566406,-33.15997314453125,3.814697265625e-06,-112.4658203125,0.000687718391418457,-0.9310226440429688,-0.49160003662109375,0.0,-0.00025678426027297974,-8.534512016922235e-05,-0.0052728354930877686,0.00011597340926527977,4.656612873077393e-10,9.313225746154785e-09,6.121397018432617e-05,-0.00019616633653640747,-0.03184318542480469,1.3530254364013672e-05,0.4015960693359375,-0.0013885516673326492,-0.03706765174865723,0.06068110466003418,0.0,0.0,0.0,0.0,0.0,0.0,0.0,0.000614166259765625,0.0,0.0,0.0,0.0,0.0,0.0,0.0
9M,0.0,0.4180445671081543,0.07185173034667969,0.07498693466186523,0.3147921562194824,0.001483917236328125,0.007353782653808594,0.0071430206298828125,0.321258544921875,2.3612060546875,0.0005950927734375,4.220008850097656e-05,0.0013439655303955078,0.40805816650390625,0.04557764530181885,0.0,0.0,0.0,0.0,0.0,2.5033226013183594,1.2343254089355469,0.0,1134.865234375,17254.03125,0.0,0.0,-0.0008071660995483398,1390.3994140625,0.0,0.0,-0.0004746094346046448,0.0,0.0,0.04089087247848511,0.0,0.0,0.0,1.1548042297363281,1111.359375,0.0,0.0,0.0,106.246826171875,0.0,0.0,0.0,0.0,0.0,0.0,0.0,0.0,0.0,0.0,6.970703125,0.0,0.0,0.0,2.0242462158203125,0.0,0.0,0.0,0.0004761330783367157,0.0010711513459682465,7.741837180219591e-07,1.7508864402770996e-07,0.0003472683019936085,1.0547228157520294e-07,0.035198211669921875,0.19143962860107422,0.0,0.007505886256694794,-0.00031466782093048096,0.07722854614257812,0.018936127424240112,0.0,-0.01574528217315674,-0.00024884939193725586,0.00063323974609375,0.0,0.4293670654296875,0.03446388244628906,0.93011474609375,0.30322265625,51.09375,0.0001068115234375,-0.1990509033203125,0.001750946044921875,6.234375,0.0,0.0,0.47090816497802734,0.03274714946746826,0.17499351501464844,0.2066354751586914,0.020443499088287354,0.5649261474609375,0.05992627143859863,19.7181396484375,131.875,0.010162353515625,0.7597618103027344,0.17348670959472656,17.197265625,0.04130840301513672,0.0,0.0,0.0,0.0,0.0,0.0,0.0,0.0,0.0,-0.001953125,0.0,0.0,0.0,0.0,0.0,0.0,-0.020925045013427734,0.0,0.0,0.0,0.005478203296661377,0.05231189727783203,0.015332698822021484,0.18311691284179688,0.519775390625,0.0683746337890625,0.005062103271484375,0.004139631986618042,1.863800048828125,0.040354251861572266,-0.04933130741119385,-1.7867965698242188,-0.013566553592681885,-0.03422999382019043,0.16468358039855957,0.8104238510131836,-9.179256439208984,-3.538196563720703,-27.884185791015625,-344.419189453125,-1.6372661590576172,1.689509391784668,2.543935775756836,76.86419677734375,0.0,-0.0031245648860931396,-0.29076290130615234,-0.22837305068969727,-0.0725107192993164,0.08497333526611328,0.01103067398071289,0.44549560546875,-0.3314390182495117,1.446014404296875,24.310791015625,0.020786762237548828,0.1512889862060547,-0.030287742614746094,16.73382568359375,0.3140077590942383,-0.001659385859966278,-0.08263587951660156,-0.012756824493408203,0.005458831787109375,0.01435081660747528,0.004637792706489563,0.0,0.3800778388977051,2.4960975646972656,98.1107177734375,0.0,0.0,0.03449201583862305,1.3351688385009766,0.0,-0.014501690864562988,-3.306365966796875,-0.18243741989135742,-1.3360214233398438,0.19318008422851562,0.029912948608398438,0.07751178741455078,0.023454666137695312,10.02001953125,94.921875,-0.003818511962890625,-0.037261962890625,2.2160186767578125,155.552734375,2.9621734619140625,-0.0021062716841697693,-0.14848732948303223,-0.009384453296661377,-0.3896453380584717,0.002048686146736145,0.03192281723022461,0.29967451095581055,0.0007345825433731079,11.755630493164062,3.17138671875,0.0003352314233779907,0.16893339157104492,0.027047693729400635,2.9349212646484375,0.05118870735168457,0.0,-0.002661481499671936,0.0,-0.005608916282653809,0.0,0.0,0.0,0.0,1.52587890625e-05,-0.1533203125,0.0,0.0,0.0,-0.001312255859375,0.0,0.0,-0.028234004974365234,-0.012966513633728027,0.005776047706604004,0.00700649619102478,0.0,0.045979976654052734,-0.018477201461791992,-0.008615493774414062,-0.255615234375,-2.6702880859375e-05,0.0,-0.025708794593811035,0.064117431640625,0.06428813934326172,0.0004945416003465652,0.11013936996459961,0.031035661697387695,0.048845767974853516,0.007119104266166687,7.557868957519531e-05,0.04723501205444336,0.001651763916015625,19.8779296875,32.7135009765625,0.005725860595703125,0.05596923828125,0.018149375915527344,30.77593994140625,0.0787663459777832,0.0,0.0,0.0,0.0,0.0,0.010009288787841797,0.0,0.0,0.16045379638671875,7.6787109375,0.0,0.0,0.0,2.1568145751953125,0.0
10,-0.10243892669677734,-21.7689208984375,-2.9068603515625,0.5443115234375,3.3786163330078125,0.1304931640625,0.1047821044921875,0.2431640625,6.79736328125,368.46875,0.0425567626953125,0.86187744140625,3.06982421875,2253.8671875,79.9501953125,-41.990478515625,-301.1572265625,-11.45550537109375,123.263671875,109.25372314453125,430.145263671875,109.93072509765625,0.022247791290283203,870.17919921875,107856.5,194.4940185546875,734.10791015625,96.0540771484375,30226.6875,1814.70703125,-2.394317626953125,-5.48779296875,-2.07025146484375,15.958984375,2.5428314208984375,0.059992432594299316,0.08825421333312988,0.2186603546142578,8.134780883789062,8317.828125,0.0,23.675048828125,29.383544921875,5218.703125,90.430419921875,-4.8733673095703125,-10.449615478515625,-1.0274581909179688,12.67388916015625,0.3983345031738281,0.0261060893535614,0.0,0.0,0.6320438385009766,2757.390625,2.5634765625,25.57257080078125,14.386322021484375,2557.787109375,18.2442626953125,0.0038375668227672577,1.064793586730957,0.7347221374511719,1.0064449310302734,0.12966561317443848,11.98138427734375,0.7649688720703125,-0.00012768059968948364,11.071533203125,40.1016845703125,0.1895008087158203,5.6153717041015625,0.6948051452636719,96.52978515625,13.683181762695312,-73.259521484375,-85.443359375,-6.422607421875,20.173828125,10.1763916015625,59.3448486328125,8.76611328125,4.14776611328125,75.61181640625,6472.6875,37.290283203125,111.911376953125,36.052001953125,2634.5625,161.8671875,-31.666259765625,134.802734375,10.954833984375,23.305908203125,4.947418212890625,13.5750732421875,-81.681640625,198.8115234375,50.406494140625,7136.78125,21.7724609375,76.8017578125,33.510009765625,4634.765625,253.6044921875,-324.37347412109375,-1516.2861328125,-30.853302001953125,-162.979736328125,0.0,0.0,0.0,2.3526611328125,0.0,0.0,-15.025390625,0.0,0.0,-2.7578125,0.0,-1.7244415283203125,-22.658447265625,-3.489959716796875,1.20977783203125,24.31817626953125,10.1324462890625,21.452392578125,7.36102294921875,32.3553466796875,522.90625,5.8260498046875,8.811279296875,2.3068389892578125,2145.6875,98.791015625,-2.9547805786132812,-231.9091796875,-18.92132568359375,-34.7451171875,13.2171630859375,55.101806640625,139.047607421875,65.1427001953125,214.30908203125,21906.0625,9.911865234375,28.6708984375,151.63623046875,13111.28125,274.880859375,-0.646942138671875,-14.8076171875,-4.2535400390625,-4.413818359375,10.60540771484375,2.76434326171875,19.7734375,9.739013671875,68.925537109375,2831.78125,14.459716796875,73.390380859375,16.56829833984375,3301.4765625,668.958984375,-0.7561607360839844,-22.054931640625,-0.4686737060546875,0.12091064453125,5.187400817871094,0.37091922760009766,57.42333984375,14.50616455078125,99.9169921875,4446.8359375,5.75836181640625,86.8826904296875,11.645660400390625,1830.6650390625,52.0687255859375,-7.5083465576171875,-494.0673828125,-163.68994140625,-280.0478515625,48.0955810546875,5.3880615234375,24.78662109375,17.5582275390625,69.984375,17837.5,26.42236328125,135.7734375,486.2265625,47735.5,912.732421875,-1.8377227783203125,-55.6484375,-3.82476806640625,-76.3935546875,3.181488037109375,2.556396484375,7.925941467285156,0.2609996795654297,5.61737060546875,548.8125,10.763442993164062,23.8330078125,1.090057373046875,464.2255859375,16.03131103515625,-0.657379150390625,-5.9708251953125,-0.9053802490234375,-8.04693603515625,-0.080078125,-0.0255126953125,-2.5806884765625,-0.23394775390625,-0.59326171875,1.74609375,-4.57763671875e-05,-2.52099609375,0.008056640625,0.34375,-0.04541015625,0.04917144775390625,0.5546875,2.592529296875,1.275482177734375,0.05225372314453125,0.018208026885986328,2.82080078125,11.78228759765625,-0.188323974609375,-4.35546875,0.5546875,-1.41448974609375,-2.56915283203125,56.267578125,-34.185791015625,4.9163970947265625,471.18017578125,52.2862548828125,442.529052734375,43.04010009765625,5.854339599609375,1523.586669921875,53.97027587890625,299.564697265625,2767.4375,17.07250213623047,139.12353515625,36.76104736328125,4411.42578125,425.912109375,-0.016201376914978027,-8.631103515625,-0.8277511596679688,-1.983428955078125,0.786376953125,1.606414794921875,0.0023484230041503906,0.031213760375976562,13.20458984375,450.20703125,0.21453857421875,14.7470703125,4.408416748046875,644.4267578125,50.5614013671875
11,0.2700134515762329,40.6734619140625,11.352325439453125,20.975830078125,27.171524047851562,-6.103515625e-05,-2.384185791015625e-07,9.5367431640625e-07,92.061767578125,102.0460205078125,0.0,69.2476806640625,3.3954648971557617,153.41778564453125,594.03564453125,8.847633361816406,56.984893798828125,2.287862777709961,65.5787353515625,7.528179168701172,1.52587890625e-05,-3.814697265625e-06,0.0,19.156692504882812,1470.5302734375,0.0009765625,237.063720703125,0.49656105041503906,169.0838623046875,884.9765625,9.057619094848633,37.586326599121094,0.6769317388534546,66.04681396484375,7.464986801147461,0.0,0.0,0.0,7.675394058227539,1711.17333984375,0.0,0.000244140625,22.562416076660156,395.331787109375,1552.6328125,0.04438900947570801,0.1688176393508911,0.02248436212539673,0.32607269287109375,0.04725676774978638,0.0,0.0,-1.1444091796875e-05,0.04655861854553223,478.521484375,0.0,23.388092041015625,0.034841299057006836,5.86346435546875,178.8245849609375,0.00032598734833300114,2.4183807373046875,0.22152340412139893,0.9013218879699707,0.07788258790969849,0.00011777877807617188,1.043081283569336e-07,1.8224120140075684e-05,13.371604919433594,5.792213439941406,-3.814697265625e-06,10.5670166015625,0.11909770965576172,6.831413269042969,48.5872802734375,-4.687896728515625,-12.569244384765625,-0.5562725067138672,-127.39910888671875,-68.82258605957031,2.0503997802734375e-05,-0.0021593570709228516,-0.004903316497802734,-94.5263671875,-872.2041015625,0.0009765625,-380.196533203125,0.5764236450195312,-158.875,-3057.53125,1.807159423828125,419.1192626953125,15.838478088378906,55.11418151855469,7.334102630615234,6.952881813049316e-05,7.62939453125e-05,5.340576171875e-05,-30.16986083984375,831.8349609375,0.00048828125,-1656.3935546875,12.757369995117188,834.326904296875,5519.158203125,13.716354370117188,19.56939697265625,0.02345070242881775,2.2762622833251953,3.2184181213378906,0.0,0.0,0.0,8.219825744628906,218.7294921875,0.0,-32.4168701171875,2.086751937866211,49.46142578125,241.40771484375,0.3458247184753418,8.237659454345703,0.9292135238647461,3.981555938720703,7.2218475341796875,0.0,0.0,-3.0517578125e-05,8.95853042602539,185.5361328125,0.000244140625,5.597198486328125,0.27483391761779785,43.793060302734375,327.546875,1.260413646697998,175.92599487304688,49.823516845703125,71.82058715820312,29.23303985595703,3.814697265625e-06,0.0,-7.62939453125e-06,72.14210510253906,1948.95703125,-0.000244140625,22.6793212890625,9.271356582641602,880.26123046875,9665.50390625,3.340057373046875,142.9666748046875,21.46855926513672,45.083953857421875,12.469619750976562,7.28219747543335e-05,0.0,6.103515625e-05,280.412353515625,605.7109375,0.0,51.83349609375,21.938377380371094,218.326171875,4152.333984375,1.2905445098876953,43.27972412109375,2.976806640625,10.964950561523438,3.182680130004883,3.4768134355545044e-05,1.1444091796875e-05,5.7220458984375e-06,12.253402709960938,702.88720703125,0.0,42.727020263671875,0.44907569885253906,6.66259765625,494.526123046875,22.55056381225586,1224.05419921875,122.06293487548828,489.8485412597656,178.7987823486328,0.001010894775390625,0.0001373291015625,0.000396728515625,186.24188232421875,17621.283203125,-0.00390625,480.119873046875,70.79558563232422,5414.08984375,71357.203125,13.797412872314453,188.2032470703125,3.2468385696411133,70.24948120117188,17.093162536621094,-9.5367431640625e-07,1.1920928955078125e-07,0.0,32.72583770751953,383.19952392578125,0.0001220703125,27.67791748046875,3.6107044219970703,231.91519165039062,1649.343994140625,0.00043696165084838867,0.0010423660278320312,0.00020143389701843262,0.0074005126953125,0.0,0.0,0.0,0.0,0.0,0.010589599609375,0.0,0.0,0.0,-0.01306915283203125,0.325439453125,-7.284125804901123,-63.166595458984375,-2.3685665130615234,-19.85076904296875,-0.3762931823730469,0.0,-1.9073486328125e-06,0.0,-71.6470947265625,-858.812255859375,0.0,-683.2909545898438,-3.0661792755126953,-147.78738403320312,-2788.640625,0.2881166934967041,23.334060668945312,0.9180450439453125,29.1849365234375,5.576148986816406,4.410743713378906e-06,2.86102294921875e-06,5.030632019042969e-05,34.699462890625,211.285400390625,0.00018310546875,651.206787109375,4.341339111328125,217.8638916015625,785.287109375,0.0008840858936309814,0.6069259643554688,0.024064064025878906,0.21323013305664062,0.05479621887207031,0.0,0.0,7.361546158790588e-05,0.7669219970703125,1.8803253173828125,0.0,21.5128173828125,0.35563087463378906,10.819137573242188,159.553955078125
12,0.0,0.0,0.0,5.3085386753082275e-08,0.0,0.0,0.0,0.0,0.0,9.08970832824707e-07,0.0,0.0003566127270460129,0.0,9.179115295410156e-06,4.079192876815796e-07,-0.003834366798400879,-0.0235595703125,-0.0012389123439788818,-0.00780332088470459,0.0,-0.05825519561767578,-0.036380767822265625,-0.013690471649169922,-0.027387142181396484,-1.0553131103515625,-0.049712181091308594,0.25405120849609375,-0.02246713638305664,-1.6195068359375,0.10970687866210938,0.0,0.0,0.0,0.0,0.0,0.0,0.0,0.0,0.0,0.0,0.0,0.0,0.0,0.012781679630279541,0.0,0.0,0.0,0.0,0.0,0.0,0.0,0.0,0.0,0.0,0.004659473896026611,0.0,0.0,0.0,0.0,0.0,0.0,0.11257213354110718,0.04205508530139923,0.14844027161598206,0.10454772412776947,0.0024348273873329163,0.0006442070007324219,0.00018280372023582458,0.8927841186523438,13.562530517578125,0.0,18.80816650390625,2.609105110168457,22.480499267578125,0.7130308151245117,-0.18929505348205566,-0.2531704902648926,-0.017506271600723267,-0.18020176887512207,-0.016102761030197144,0.0,0.0,-2.384185791015625e-07,-1.1637916564941406,-1.072723388671875,0.0,9.179595947265625,-0.22716617584228516,-4.86468505859375,-0.37032318115234375,-1.3432559967041016,-14.477592468261719,-1.6044244766235352,-5.156438827514648,-0.14889287948608398,0.21995246410369873,-0.4995541572570801,-0.3111989498138428,-2.3997764587402344,-53.01495361328125,-1.6856915950775146,-21.444183349609375,-1.879119873046875,-134.185546875,-3.4488754272460938,-0.07528901100158691,-0.31488037109375,-0.00888727605342865,-0.22566843032836914,-0.017221599817276,0.0,0.0,0.0,-0.19795513153076172,-4.571563720703125,0.0,-4.7716827392578125,-0.05359792709350586,-3.0201339721679688,-0.18206357955932617,0.04185536503791809,0.5074973106384277,0.1749889850616455,0.48017072677612305,0.04057568311691284,0.18727481365203857,1.9837932586669922,1.7043838500976562,2.323843002319336,21.3592529296875,0.5980539321899414,0.0,0.05072632431983948,21.126220703125,1.9926910400390625,0.0,0.47513580322265625,0.07799792289733887,0.3567237854003906,0.048097848892211914,0.2880725860595703,0.47234153747558594,0.6155719757080078,0.9928932189941406,14.79071044921875,1.5910720825195312,5.025146484375,0.2675132751464844,46.546142578125,2.1288909912109375,-0.04429801553487778,-0.6314196586608887,-0.5233774185180664,-0.5970840454101562,-0.09897828102111816,-0.002952798269689083,-0.18015384674072266,-0.09740787744522095,-1.72367525100708,-77.47596740722656,-0.22646737098693848,-8.086647033691406,-8.710716247558594,-45.567108154296875,-2.045644760131836,0.07063879072666168,2.3955912590026855,0.9646155834197998,1.05238676071167,0.3035038113594055,0.12428849935531616,1.3292598724365234,0.2226719856262207,1.3552072048187256,11.895374298095703,0.0,81.35208129882812,317.20172119140625,56.329803466796875,4.110746383666992,0.31855106353759766,54.9632568359375,3.459599494934082,15.708381652832031,3.8836231231689453,8.506324768066406,7.524608612060547,34.22425079345703,52.55290222167969,1705.88427734375,166.23883056640625,53.51416015625,271.10772705078125,2395.2255859375,216.0697021484375,0.18992078304290771,1.440068244934082,0.08835816383361816,0.3287496566772461,0.12283575534820557,3.845977783203125,1.9281177520751953,0.2639569044113159,3.4375267028808594,67.5205078125,4.5281524658203125,0.5804901123046875,3.021749496459961,80.32110595703125,5.2854766845703125,-0.01610967516899109,-0.12784075736999512,-0.011491537094116211,-0.08874332904815674,-0.016198009252548218,-0.19740629196166992,-0.5538721084594727,-0.8982200622558594,-0.2140359878540039,-3.8189239501953125,-0.43578243255615234,-0.34664297103881836,-0.14534616470336914,-10.882843017578125,-0.8245811462402344,-0.02944159507751465,-0.5560245513916016,-0.08928346633911133,-0.06854534149169922,-0.008629322052001953,0.0,0.0,0.0,-0.06757736206054688,-8.1715087890625,0.0,-0.4191436767578125,-0.08573150634765625,-6.365814208984375,-0.7894725799560547,-0.0026601552963256836,0.1713733673095703,0.013483285903930664,0.07491445541381836,0.0229339599609375,0.003098428249359131,7.653236389160156e-05,0.06285548210144043,7.128692626953125,0.19171142578125,-0.0002475641667842865,0.5838699340820312,-2.7414474487304688,-3.48681640625,-0.08055496215820312,-0.0009129829704761505,-0.6276698112487793,-0.607337474822998,-1.6844053268432617,0.0,-1.6505498886108398,-0.0018127113580703735,-0.0009015277028083801,-15.897636413574219,-26.596038818359375,-3.4060420989990234,-5.368968963623047,-1.5483818054199219,-21.77239990234375,-2.6328697204589844
13,0.0,-0.002712041139602661,-0.0008328929543495178,-0.001038774847984314,0.0,0.0003179609775543213,4.193931818008423e-05,0.00011787563562393188,0.0003414154052734375,0.0010657310485839844,0.0,0.00020515918731689453,0.0008344054222106934,0.013358116149902344,0.0001958906650543213,0.0,0.001413881778717041,0.0,-0.003511190414428711,0.0,0.0,0.0,0.0,-7.712841033935547e-05,0.19369125366210938,0.0,-0.0005612373352050781,-0.0021158456802368164,0.02492523193359375,-0.0001575946807861328,0.0,0.0,0.0,0.0,0.0,0.0,0.0,0.0,0.0,0.0,0.0,0.0,0.0,0.0,0.0,0.0,0.0,0.0,0.0,0.0,0.0,0.0,0.0,0.0,0.0,0.0,0.0,0.0,0.0,0.0,0.0,0.0,-2.2790394723415375e-05,0.0001471191644668579,0.0,0.0001075873151421547,0.0,0.0,0.0003118962049484253,0.0016455277800559998,0.0,0.00042312685400247574,7.579103112220764e-05,0.00232011079788208,0.00020137708634138107,0.0029665976762771606,0.00017619505524635315,0.0,0.0,0.0,0.0,0.0,0.0,-3.1501054763793945e-05,0.0010142326354980469,0.0,0.001097559928894043,0.034587860107421875,0.16172409057617188,0.0085374116897583,3.972719423472881e-05,0.007385134696960449,0.00035531818866729736,0.000822603702545166,0.00036781374365091324,-0.016104593873023987,-0.001583099365234375,6.413459777832031e-05,0.0006888508796691895,0.054926395416259766,0.0,-0.01710057258605957,0.01501321792602539,0.1346282958984375,0.0022903084754943848,0.0,0.0,0.0,-0.058974623680114746,0.0,0.0,0.0,0.0,0.0,0.0,0.0,0.0,0.0,0.0,0.0,0.0,0.0,0.0,0.0,0.0,0.0,0.0,0.0,0.0,0.002072572708129883,0.00027145445346832275,0.0,0.0,0.1866750717163086,0.0004597306251525879,0.0,0.0,0.0,0.0,0.0,0.0,0.00897073745727539,0.0,0.004067152738571167,0.04502248764038086,0.0,0.007803618907928467,0.04152250289916992,0.5083656311035156,0.005101531744003296,0.0007882043719291687,0.0013151317834854126,0.005498871207237244,0.016195952892303467,0.0,0.0,0.0008572936058044434,0.0006327182054519653,0.0003656148910522461,0.677098274230957,0.0,0.0009323358535766602,0.005734741687774658,0.2168407440185547,0.0048364996910095215,0.0,0.0,0.0,0.0,0.0,0.0,0.0,0.0,0.0,0.0,0.0,2.37384033203125,0.6668887138366699,0.13774776458740234,0.0,-4.306435585021973e-06,-0.0121917724609375,-0.00013066083192825317,0.0005626380443572998,0.0008763521909713745,0.0,0.0,0.00039283931255340576,0.0035747289657592773,0.9454193115234375,-0.0019015073776245117,0.053821563720703125,1.807699203491211,9.1904296875,0.1251354217529297,0.0,0.0003633350133895874,0.0003143288195133209,-0.0004964172840118408,0.0,5.615502595901489e-05,0.0032205209136009216,0.0,0.0002100616693496704,0.03141069412231445,0.0,0.02081584930419922,0.009182214736938477,0.1598505973815918,0.0019350722432136536,0.0,0.0,0.0,0.0,0.0,0.0,0.0,0.0,0.0,0.0,0.0,0.0,0.0,0.0,0.0,0.0,-0.00016323290765285492,0.0,0.0,0.0,0.0,0.0,0.0,-3.0528753995895386e-06,0.0008698105812072754,0.0,7.905438542366028e-05,-0.00010477006435394287,0.0029305219650268555,0.00017934665083885193,0.0003327988088130951,0.0007723197340965271,0.00284731388092041,0.006147503852844238,-0.0005710199475288391,0.0004056170582771301,-2.9087066650390625e-05,-7.450580596923828e-08,0.0004527270793914795,0.002048492431640625,0.0,0.0053411126136779785,-0.0013552308082580566,0.014681816101074219,-0.0004877448081970215,0.0,0.0,0.0,0.0,0.0,0.0,0.0,0.0,0.0,0.0,0.0,0.0,0.0,0.0,0.0
14,-0.03849077224731445,-14.0145263671875,-1.2299652099609375,0.212188720703125,1.822662353515625,17.6378173828125,7.026634216308594,27.40496826171875,43.014892578125,59.45458984375,0.076416015625,4.76300048828125,6.63763427734375,857.6484375,38.457275390625,-2.025543212890625,-14.83477783203125,-0.9802780151367188,30.2650146484375,24.575714111328125,51.2138671875,30.34619140625,0.08507061004638672,61.8421630859375,2305.234375,4.18524169921875,122.1845703125,10.2943115234375,8072.5625,646.671875,-0.364288330078125,-0.56268310546875,-0.10469245910644531,-0.35959625244140625,0.0057086944580078125,0.0,9.870529174804688e-05,0.00017023086547851562,0.0201416015625,2.25390625,0.0,0.0322265625,0.052001953125,21.13671875,0.921875,-0.17465686798095703,-0.5728340148925781,-0.040380239486694336,-0.0775146484375,0.0,0.0,0.0,0.0,0.0,0.0048828125,0.0,0.0,0.00084686279296875,0.037109375,0.0,0.000252746045589447,0.23033952713012695,0.09144449234008789,0.38930797576904297,0.007349610328674316,3.6739349365234375,0.08611011505126953,0.00035712867975234985,-0.01534271240234375,1.560272216796875,0.005026459693908691,0.7202301025390625,0.09055805206298828,21.7099609375,1.644683837890625,-7.85919189453125,-15.7982177734375,-0.38709449768066406,2.754913330078125,0.699615478515625,0.7196807861328125,2.8399658203125,1.971588134765625,2.5416259765625,179.87890625,1.845672607421875,2.6041259765625,7.36639404296875,813.625,90.001953125,-1.2272567749023438,-3.7061767578125,-0.032806396484375,0.010406494140625,0.5123825073242188,0.43904876708984375,-0.02099609375,3.6884765625,3.42218017578125,180.986328125,1.9268798828125,17.2763671875,4.54833984375,599.875,82.90771484375,-24.614418029785156,-389.7355041503906,-1.6177387237548828,-11.404541015625,-0.00051116943359375,0.0032958984375,3.4332275390625e-05,-0.015203475952148438,-0.0095062255859375,-0.08203125,0.08331298828125,-0.001220703125,-0.0008544921875,-4.642578125,-0.086669921875,-0.060011863708496094,-1.0826263427734375,-0.1866588592529297,-0.19916152954101562,0.6760711669921875,0.06682014465332031,1.841552734375,0.3836822509765625,1.192169189453125,16.23779296875,0.2376251220703125,0.8768310546875,0.9209823608398438,532.7265625,13.4398193359375,-0.17433404922485352,-25.26800537109375,-5.6056976318359375,-6.774627685546875,0.15900421142578125,-0.05057525634765625,-9.9310302734375,-3.8900146484375,-4.47039794921875,110.576171875,0.0,-1.62066650390625,2.6632080078125,2250.546875,56.76953125,0.019191741943359375,-4.1822509765625,0.7730484008789062,13.70599365234375,1.783416748046875,0.5280380249023438,6.450927734375,1.3066558837890625,10.8074951171875,212.7333984375,2.9068145751953125,16.46136474609375,7.49627685546875,1498.6640625,99.8193359375,-0.05836129188537598,-1.0242156982421875,-0.039284706115722656,-0.046718597412109375,0.18745040893554688,0.0028229355812072754,74.0947265625,5.7945404052734375,-1.025970458984375,229.62939453125,1.4758186340332031,13.42474365234375,10.549209594726562,1220.509765625,29.123046875,-1.12603759765625,-201.49267578125,-27.2694091796875,-24.384765625,15.121826171875,4.93878173828125,10.468994140625,9.49346923828125,37.54345703125,2149.84375,4.546875,56.14794921875,654.16552734375,36930.0,1438.171875,-0.07058858871459961,-3.52105712890625,0.9322929382324219,-0.6484375,0.2834644317626953,0.13213729858398438,1.566598892211914,0.025255203247070312,2.0785751342773438,26.49755859375,0.35532379150390625,2.570953369140625,1.8967514038085938,163.6318359375,16.89788818359375,-0.057372093200683594,-0.640411376953125,-0.04844474792480469,-0.38176727294921875,-0.0009174346923828125,-0.0003204345703125,-0.00811767578125,-2.67510986328125,-0.14208984375,-0.20654296875,-0.00078582763671875,-0.1090087890625,-0.00396728515625,-1.765625,-0.0352783203125,0.008218765258789062,0.9880828857421875,0.05898284912109375,0.42139434814453125,0.014992713928222656,0.00034373998641967773,-0.0402374267578125,-0.080810546875,0.43886566162109375,7.9228515625,0.46728515625,0.054779052734375,0.1273040771484375,17.2431640625,-0.24407958984375,0.14648818969726562,46.276123046875,42.16917419433594,582.40625,45.098663330078125,0.21161651611328125,654.2655029296875,20.43829345703125,197.9293212890625,518.20703125,10.355087280273438,21.489593505859375,35.0340576171875,1225.939453125,34.008544921875,-0.0010457634925842285,-0.7635955810546875,-0.08127069473266602,-0.18848037719726562,0.017084121704101562,0.35350799560546875,0.0008141398429870605,0.026553034782409668,0.7494049072265625,7.05718994140625,0.0,10.135116577148438,1.346109390258789,177.037109375,8.7286376953125
15,1.9162893295288086e-05,-0.1461935043334961,-0.0020935535430908203,0.006740570068359375,0.04221057891845703,0.0033893585205078125,0.016884803771972656,0.019681930541992188,0.09474849700927734,0.094024658203125,0.006090044975280762,0.025514602661132812,-0.01597738265991211,100.5439453125,0.957275390625,-0.8819580078125,-5.5169677734375,-0.14635658264160156,13.272720336914062,6.528331756591797,8.837165832519531,1.374734878540039,0.05769246816635132,12.933319091796875,860.9931640625,9.207992553710938,27.4010009765625,0.6087112426757812,1964.421875,361.7666015625,-0.05011558532714844,-0.139862060546875,-0.044634342193603516,-0.2122344970703125,0.0,0.0,0.0,0.0,0.0,0.0,0.0,0.0,0.0,0.0,0.0,-0.0016082152724266052,-0.002286374568939209,0.0,-0.0010881423950195312,0.0,0.0,0.0,0.0,0.0,0.0,0.0,0.0,0.0,0.0,0.0,-7.845927029848099e-06,0.0027423501014709473,0.0016563236713409424,0.0021800994873046875,0.0009137988090515137,0.04766845703125,0.0006251409649848938,2.4979934096336365e-05,0.01126408576965332,-0.012981414794921875,1.9975006580352783e-05,0.031378984451293945,0.05008101463317871,0.17572021484375,0.039005279541015625,-0.71588134765625,6.7638702392578125,0.21802043914794922,2.2626571655273438,1.0586318969726562,-0.02053070068359375,0.061405181884765625,0.05088233947753906,1.408782958984375,20.0531005859375,1.05169677734375,0.284210205078125,0.57537841796875,67.03125,40.880859375,4.6253204345703125e-05,-0.05031585693359375,0.017963409423828125,0.38727569580078125,0.03583526611328125,0.1414623260498047,0.071929931640625,0.0211944580078125,0.08388519287109375,0.668701171875,0.06201171875,0.59991455078125,0.7675933837890625,28.7216796875,7.440185546875,-21.12120819091797,-111.66751861572266,-1.005495548248291,-8.030757904052734,0.0,0.0,0.0,0.030559539794921875,0.0,0.0,-0.2083740234375,0.0,1.9073486328125e-06,-0.016357421875,0.0,-0.004221081733703613,-0.13259124755859375,-0.017611026763916016,-0.020241737365722656,0.045650482177734375,0.01743161678314209,0.287933349609375,0.06435680389404297,0.1410045623779297,2.025146484375,0.04901313781738281,0.1314854621887207,0.06178593635559082,21.6214599609375,1.64691162109375,-0.05687665939331055,-1.5494003295898438,-0.5985374450683594,-0.8947601318359375,0.5847015380859375,0.2079143524169922,0.5999794006347656,1.6203041076660156,9.029388427734375,127.259765625,0.0,8.37359619140625,9.275802612304688,983.755859375,36.31982421875,0.10543370246887207,3.053131103515625,0.08550453186035156,0.9752464294433594,4.375892639160156,0.04508066177368164,1.1110801696777344,0.399871826171875,0.4043922424316406,33.2156982421875,1.6075820922851562,1.4381065368652344,1.3791313171386719,173.80224609375,66.8643798828125,-0.04152941703796387,-0.36824607849121094,-0.004406452178955078,-0.012949228286743164,0.0,0.0,0.0,0.0,0.0,0.0,0.0,0.0,0.0,0.0,0.0,-0.31619834899902344,-18.472442626953125,-2.3932418823242188,-7.15087890625,1.21484375,0.24861907958984375,19.90008544921875,1.33001708984375,0.271240234375,-23.36328125,0.521331787109375,1.321533203125,99.8740234375,2320.9765625,476.76953125,-0.0064255595207214355,-0.16359710693359375,0.007927417755126953,-0.058485984802246094,0.0911397933959961,0.020623207092285156,0.14486277103424072,0.0025408565998077393,0.63330078125,1.45867919921875,0.08856630325317383,1.8040390014648438,0.9581336975097656,11.3173828125,2.48907470703125,-0.0033648014068603516,-0.05874347686767578,-0.007336616516113281,-0.06826019287109375,0.0,0.0,0.0,0.0,0.0,0.0,0.0,0.0,0.0,0.0,0.0,-0.00022220611572265625,-0.001621246337890625,-0.0011968612670898438,-0.0017704963684082031,0.000507354736328125,9.5367431640625e-06,-0.0003781318664550781,0.0006122589111328125,0.003856658935546875,-0.20208740234375,-0.0008373260498046875,-0.0013041496276855469,0.3506202697753906,0.16455078125,-0.131134033203125,-0.012924671173095703,1.052642822265625,2.7689743041992188,3.792724609375,8.21478271484375,0.06545782089233398,257.69140625,6.963748931884766,2.62139892578125,138.8056640625,1.5417366027832031,3.9865150451660156,1.93438720703125,250.229248046875,0.821502685546875,-0.00022874772548675537,-0.11566352844238281,-0.024817228317260742,-0.09764480590820312,0.006218910217285156,0.230621337890625,0.00018314272165298462,0.003429621458053589,0.1657562255859375,2.075714111328125,0.0,1.2474708557128906,0.13238954544067383,16.04571533203125,2.3489990234375
