,,Oceania,China,Japan,SKorea,ROW,SEA,CWS,India,Canada,US,RAM,Brazil,EUPlus,EEuro,Russia,NAF,SSAF,SAfrica
Coal,Rice,6.317246879916638e-05,3.8976714611053467,1.2277729183551855e-05,1.816320377656666e-06,2.6200880256510573e-06,0.0007497675833292305,0.0010044395457953215,6.894516263855621e-05,4.21549657403375e-06,2.17981823880109e-06,2.4641847630846314e-05,2.6116920253116405e-06,0.0008289210381917655,0.0008335215388797224,0.008888120763003826,5.490601324709132e-05,3.480222949292511e-05,0.00013347282947506756
Coal,Crop,0.1809186041355133,28.331071853637695,4.233518484397791e-05,6.799113180022687e-06,0.0008537367102690041,0.03999380022287369,0.43410566449165344,0.0003380863054189831,0.0002062620042124763,0.0002056661614915356,0.008196110837161541,0.00010298400593455881,2.3009579181671143,0.030362756922841072,0.08021251112222672,0.0020649689249694347,0.01990816742181778,0.10963230580091476
Coal,Cattle,0.019742857664823532,0.7716911435127258,2.6943012926494703e-05,9.966598781829816e-07,0.003787148743867874,0.00019815683481283486,0.015251247212290764,9.52394930209266e-06,1.3259137631393969e-05,5.862288162461482e-05,7.50464532757178e-05,8.525748125975952e-05,0.1602129340171814,0.0017849546857178211,0.01924164593219757,0.00034324551234021783,0.0027583420742303133,0.03273487836122513
Coal,AnimalOth,0.0365414097905159,11.35768985748291,6.843838491477072e-05,3.3209712455573026e-06,0.0041011786088347435,0.003135034581646323,0.016737842932343483,0.00012800608237739652,3.6208119126968086e-05,0.06365543603897095,0.00028655928326770663,8.447760774288327e-05,0.7239161729812622,0.013812141492962837,0.10426419973373413,0.0001224652078235522,0.005317037925124168,1.71920907497406
Coal,Forestry,0.00044917609193362296,3.1409947872161865,2.4450462660752237e-05,2.4117056796058023e-07,2.6631694709067233e-05,0.0007253937073983252,0.00041066325502470136,1.5141746189328842e-05,5.326817336026579e-05,0.0009024618193507195,2.8390575607772917e-05,3.2279516744893044e-05,0.4567854106426239,0.0087639344856143,0.004153003916144371,0.00021270352590363473,0.0004641944251488894,0.0037824378814548254
Coal,Coal,0.25431326031684875,77.02921295166016,0.0002952196227852255,2.0032739485031925e-06,0.00719062564894557,0.093087337911129,7.586052894592285,0.2916589379310608,0.00024598275194875896,0.4739348888397217,0.031526997685432434,0.0018934309482574463,1.3190289735794067,0.0542336069047451,1.5476487874984741,0.14068199694156647,0.08604435622692108,0.00030817274819128215
Coal,Oil,9.905337350346599e-08,0.0006422557635232806,2.548379143263446e-06,8.205239154790434e-09,0.0002544131421018392,0.00012800394324585795,0.0003095015708822757,8.565515940972546e-07,0.0009515741257928312,0.002878306433558464,0.038938041776418686,2.7550291633815505e-05,0.0017511433688923717,0.00013937641051597893,8.959838305599988e-05,0.08235445618629456,4.029011051898124e-06,4.652207152844312e-08
Coal,Gas,1.4122254299309134e-07,0.017992308363318443,6.098942861854084e-08,6.469697666489083e-09,1.010198388939898e-06,4.5145884541852865e-06,2.7292123832012294e-06,0.0,3.7398137919808505e-07,0.0,3.2180289508687565e-06,1.3865145831459813e-07,3.474967570582521e-06,4.906258936898666e-07,2.0017468216337875e-07,7.391826511593536e-05,2.1594250938505866e-06,0.0
Coal,Mine,0.2881699204444885,15.226593017578125,0.0003285127750132233,0.0014582813018932939,0.07370619475841522,0.21400444209575653,3.772646188735962,0.4638170897960663,0.012796350754797459,0.10130371898412704,0.23014512658119202,0.205779030919075,0.22615642845630646,0.026177598163485527,0.07113993167877197,0.000302301486954093,0.17526163160800934,0.30386725068092346
Coal,Manufac,10.491849899291992,1264.241943359375,1.729103684425354,0.10495077073574066,8.880911827087402,95.85191345214844,32.44898986816406,203.07110595703125,3.4591238498687744,49.428924560546875,17.1994571685791,0.8220085501670837,20.734119415283203,6.892367839813232,11.863027572631836,0.02876604162156582,2.359144449234009,26.03135108947754
Coal,Oil_pcts,5.378760192797927e-08,50.0300178527832,0.0003660893999040127,0.0,1.9868458878136153e-07,0.00047522003296762705,0.0069907112047076225,0.013412670232355595,0.0,0.0,0.0035391198471188545,0.0,0.34228065609931946,0.014772015623748302,0.0,0.0015150482067838311,0.000924927880987525,57.26467514038086
Coal,Electricity,161.7703857421875,3808.28076171875,1.0420383214950562,0.09001980721950531,14.765377044677734,236.53564453125,115.31584167480469,733.3819580078125,48.200199127197266,1209.037841796875,18.4710750579834,1.9268993139266968,386.1471252441406,90.74002838134766,218.56918334960938,0.16220401227474213,11.0514497756958,225.4244384765625
Coal,WatWaste,0.004600441083312035,0.24068133533000946,0.013332956470549107,0.009481336921453476,0.14406253397464752,0.13922840356826782,0.561382532119751,9.258255004882812,0.0038885166868567467,0.05279377102851868,0.060275036841630936,0.00046192461741156876,0.043216247111558914,0.07286451011896133,0.5058721899986267,0.00029835099121555686,0.013280837796628475,0.012934024445712566
Coal,OthServ,0.183404803276062,147.0876922607422,0.17301110923290253,0.005662214942276478,5.171193599700928,2.123821258544922,21.899763107299805,21.519399642944336,0.08617804944515228,2.7214953899383545,0.7200336456298828,0.005685099866241217,3.2456436157226562,1.13380765914917,3.1125802993774414,0.1444210559129715,0.23109062016010284,13.659460067749023
Coal,Transport,0.009055747650563717,2.830632209777832,0.017002250999212265,0.0007901815697550774,0.11145519465208054,0.09498925507068634,1.0985078811645508,0.6538285613059998,0.001654286403208971,0.09822119027376175,0.006389326881617308,0.0014637586427852511,0.18801014125347137,0.12356451898813248,0.16361410915851593,0.031651195138692856,0.040043894201517105,0.4696357548236847
Oil,Rice,1.6949694980894492e-08,7.106246357579948e-06,3.48516579151692e-07,1.0693777596770815e-07,1.972404239936054e-09,0.00017858670616988093,4.437815277924528e-06,2.9524094316002447e-06,2.4848044631653465e-05,1.9183556787538691e-07,2.9904219900345197e-06,2.3024310280561622e-07,2.4940554794739e-06,3.101821130258031e-05,0.011548047885298729,9.598329597793054e-06,3.326150545035489e-05,1.7536125329620234e-10
Oil,Crop,2.9677801649086177e-05,0.00012550843530334532,3.821728114417056e-06,5.578986588261614e-07,1.026075437948748e-07,2.2292777430266142e-05,0.0025481050834059715,3.7666046409867704e-05,0.0011151254875585437,3.89470333175268e-05,0.0001127338910009712,3.736936560017057e-05,0.0005361480289138854,0.0061627598479390144,0.16020436584949493,0.001398150809109211,0.0002938592806458473,4.965947937307646e-07
Oil,Cattle,1.1600097877817461e-06,6.971809852984734e-06,1.7749479752637853e-07,7.046014616207685e-08,6.459788437496172e-08,6.356897301884601e-07,7.340010051848367e-05,4.910317557005328e-07,0.00010719685815274715,6.163683792692609e-06,8.604786671639886e-06,2.1036764792370377e-06,4.979582445230335e-05,0.0002772811858449131,0.023768862709403038,0.00016726297326385975,8.585147588746622e-05,1.5572653921935853e-07
Oil,AnimalOth,2.6055911348521477e-06,4.495497705647722e-05,1.1051671208406333e-05,3.901040486198326e-07,1.3640617169130564e-07,3.0197090381989256e-05,0.0003602294600568712,7.637981070729438e-06,0.0002720300108194351,6.377800673362799e-06,3.4931978007080033e-05,1.0594617378956173e-05,0.00021551622194238007,0.0013659532414749265,0.11231561750173569,0.0007359390729106963,0.00040514126885682344,4.3920226744376123e-07
Oil,Forestry,1.4240224572859006e-06,1.3796412531519309e-05,1.1791590623033699e-05,6.787404771557703e-08,3.724239050484357e-08,1.0060445674753282e-05,0.0006011486984789371,3.1071162993612234e-06,7.592745532747358e-05,5.9931276155111846e-06,9.832651812757831e-06,4.914108649245463e-05,0.00030244700610637665,0.0001687182520981878,0.00982755795121193,7.128357538022101e-05,0.0004047360271215439,7.253080980262894e-08
Oil,Coal,0.0007183740963228047,0.004602213390171528,1.9748871636693366e-05,7.007949079707032e-06,6.564612704096362e-05,0.0008574759704060853,0.004578638356178999,0.00043946277583017945,0.0007335733389481902,0.0007268826011568308,0.0014863358810544014,3.5466324334265664e-05,0.009777422994375229,0.00017849099822342396,0.0005863586557097733,0.019575875252485275,0.00013406372454483062,8.158601849572733e-05
Oil,Oil,0.10075052827596664,2.700040102005005,9.444001625524834e-05,7.166773866629228e-05,5.449381933431141e-05,0.11550827324390411,15.046996116638184,0.0027640550397336483,0.05449993535876274,0.09958307445049286,0.9673186540603638,0.027287332341074944,0.02569718472659588,0.005882763769477606,0.8571770191192627,0.14281906187534332,0.5045807957649231,0.00012290649465285242
Oil,Gas,0.0,0.0,0.0,0.0,0.0,0.0,0.0,0.0,0.0,0.0,0.0,0.0,0.0,0.0,0.0,0.0,0.0,0.0
Oil,Mine,0.0,0.0,0.0,0.0,0.0,0.0,0.0,0.0,0.0,0.0,0.0,0.0,0.0,0.0,0.0,0.0,0.0,0.0
Oil,Manufac,0.03312920406460762,1.3726738691329956,0.018256261944770813,0.0009508537477813661,9.520169987808913e-05,0.17431195080280304,4.2571797370910645,0.03867245465517044,0.06828594952821732,0.0491333045065403,2.6282405853271484,0.020407509058713913,0.1807360053062439,0.016220642253756523,0.6447112560272217,0.05119949206709862,0.01840985380113125,0.0001561500976094976
Oil,Oil_pcts,0.0,6.14156547840139e-08,0.0,0.0,2.066511184395381e-09,0.5430682301521301,0.0030397872906178236,0.0,0.0,0.0,0.633110523223877,0.0,2.9950641078357876e-07,0.0,0.0,1.4042010307312012,6.9429893301276024e-06,0.0
Oil,Electricity,0.06105969101190567,0.4876396358013153,0.0051636421121656895,0.0002688103704713285,7.510475825256435e-06,0.006410632282495499,93.41265106201172,0.000707470637280494,0.015873851254582405,0.2123086154460907,4.987637042999268,0.05103227123618126,11.117133140563965,0.015301564708352089,18.570390701293945,0.004835240077227354,1.9533350467681885,6.084817505325191e-05
Oil,WatWaste,0.0009845311287790537,0.031789518892765045,0.00023241224698722363,7.843209459679201e-05,4.832805643673055e-06,0.0005316919414326549,0.33060982823371887,0.00015059403085615486,0.0002646868524607271,0.012379585765302181,0.0052879005670547485,0.0024532550014555454,0.007637891918420792,0.00012339731620159,0.005113775376230478,0.0017273830017074943,0.0009359988034702837,1.2908811186207458e-05
Oil,OthServ,0.024473045021295547,0.046952903270721436,0.0001306540798395872,3.364464282640256e-05,1.944265932252165e-06,0.017947006970643997,0.11862455308437347,0.002225694013759494,0.043712154030799866,0.049873266369104385,0.016183512285351753,0.0009063968318514526,0.006494190543889999,0.006727057974785566,0.049819283187389374,0.019747605547308922,0.0018918829737231135,9.548930393066257e-06
Oil,Transport,0.0010300282156094909,0.008071660995483398,0.001422390341758728,0.0002551867510192096,1.793903356883675e-05,0.001281052827835083,0.026605620980262756,0.0018435090314596891,0.0029810278210788965,0.01076273899525404,0.020812921226024628,0.000811475096270442,0.010036993771791458,0.018939310684800148,0.011444888077676296,0.014395980164408684,0.0034475356806069613,9.106982906814665e-05
Gas,Rice,0.00039731935248710215,0.012677284888923168,1.8022644781012787e-06,1.6069728303591546e-07,1.842704051568944e-07,0.00013670411135535687,0.05508192628622055,0.007241242099553347,0.023856116458773613,0.215487539768219,0.00024340431264135987,3.525507418089546e-05,0.0032368130050599575,0.002064590575173497,0.062411487102508545,0.002585866954177618,6.490659870905802e-05,7.417212177784904e-09
Gas,Crop,0.05116201564669609,0.1741640418767929,1.1464157978480216e-05,7.286732284228492e-07,2.3413458620780148e-05,0.00481582572683692,2.4178895950317383,0.027842838317155838,1.3979060649871826,2.3487467765808105,0.008649387396872044,0.0015275133773684502,2.78753399848938,0.08761687576770782,2.857025384902954,0.09918545186519623,0.0008853651233948767,4.53188295068685e-06
Gas,Cattle,0.017272794619202614,0.01421369519084692,1.3535648122342536e-06,9.60542081429594e-08,4.444154001248535e-06,1.155151676357491e-05,0.6029073596000671,4.654531221603975e-05,0.1262136995792389,0.6155751347541809,0.0017243310576304793,0.0005582712474279106,0.025337444618344307,0.014201619662344456,0.0798826739192009,0.016490234062075615,5.5444561439799145e-05,2.5309275315521518e-06
Gas,AnimalOth,0.061750348657369614,0.07006615400314331,3.9250622648978606e-05,1.5192451883194735e-06,5.446437626233092e-06,0.005215121898800135,1.222161889076233,0.0009207680122926831,0.2985975444316864,0.8780685663223267,0.00725544011220336,0.0013208360178396106,2.130751132965088,0.10609927773475647,0.4371444880962372,0.010459584183990955,0.002707070903852582,4.796589109901106e-06
Gas,Forestry,0.00338851660490036,0.018752465024590492,2.4602633857284673e-05,1.4652027857664507e-07,9.077649337996263e-06,2.6054234695038758e-05,0.2582334876060486,0.0011803068919107318,0.09123348444700241,0.2002391368150711,0.0006221390212886035,0.000627563102170825,0.0984361320734024,0.001782864797860384,0.06519880890846252,0.006388379726558924,6.400401616701856e-05,8.107545568236674e-07
Gas,Coal,0.0022975169122219086,0.0007440627086907625,7.594615567541041e-07,2.388888864501837e-09,0.0003545799700077623,0.0002537816180847585,0.001124475966207683,0.000753658649045974,0.23524034023284912,0.07121909409761429,0.006976777222007513,8.213332876039203e-06,0.027007900178432465,5.461331966216676e-05,6.700504309264943e-05,0.048898857086896896,0.00011325044033583254,1.7840684449765831e-06
Gas,Oil,0.002502364804968238,0.01235868688672781,1.0653144499883638e-06,3.8630057486166436e-11,0.018159735947847366,0.0715215727686882,0.2920137047767639,6.8352619564393535e-06,0.34374162554740906,0.2497802972793579,0.05796562135219574,0.021681133657693863,0.03245236352086067,0.0030858649406582117,0.0003866025945171714,0.0549728125333786,0.027027234435081482,1.4296366543931072e-06
Gas,Gas,4.205236911773682,1.1545031070709229,3.730534081114456e-05,6.020320597599493e-08,0.0003044385521207005,37.228572845458984,46.429176330566406,0.05669022351503372,54.341007232666016,43.61571502685547,27.19587516784668,3.188105344772339,14.932408332824707,0.5963844656944275,24.07741355895996,14.279576301574707,5.961827754974365,1.1815760444733314e-05
Gas,Mine,0.35455089807510376,0.17884063720703125,0.0002847657015081495,0.00012488296488299966,0.0013841361505910754,0.5653877258300781,4.008720874786377,0.02062491700053215,2.0068769454956055,4.389149188995361,0.6566135287284851,0.8113455772399902,0.276008665561676,0.43108710646629333,3.8545591831207275,0.3364463448524475,0.13400179147720337,0.0033387322910130024
Gas,Manufac,16.646495819091797,15.967684745788574,0.8984786868095398,0.631636381149292,0.026711100712418556,54.67220687866211,239.64559936523438,10.632586479187012,28.267148971557617,278.24542236328125,63.557838439941406,15.411896705627441,34.08465576171875,4.146333694458008,78.23275756835938,23.899356842041016,9.45070743560791,2.088879108428955
Gas,Oil_pcts,11.866049766540527,2.4739837646484375,0.0001101015877793543,0.00017840541840996593,1.0479114280315116e-05,7.427379608154297,42.71817398071289,5.57285213470459,3.276559352874756,53.589599609375,21.014362335205078,5.146072864532471,1.850752353668213,0.18216046690940857,0.052743688225746155,7.589023590087891,5.75909948348999,0.0
Gas,Electricity,31.53665542602539,4.6175408363342285,0.009643708355724812,0.017883161082863808,0.015282740816473961,125.31525421142578,531.1683349609375,16.90687370300293,31.508377075195312,407.1388244628906,73.69173431396484,26.322786331176758,24.26860237121582,11.953391075134277,488.24853515625,109.92434692382812,25.240673065185547,2.6664656616048887e-06
Gas,WatWaste,0.026074480265378952,0.06230419874191284,0.12016814947128296,0.0030381716787815094,0.0008642759057693183,0.3037492334842682,22.015703201293945,0.16089721024036407,0.09405702352523804,4.271738529205322,0.3812519311904907,0.07486438751220703,0.31792134046554565,0.01392815075814724,0.782982349395752,0.034525636583566666,0.02342202328145504,0.0006726572755724192
Gas,OthServ,2.8833556175231934,41.95329284667969,6.382016181945801,0.4421274662017822,0.03198202699422836,3.3225669860839844,56.41387939453125,7.039578914642334,30.16408348083496,184.9488525390625,9.44666862487793,0.5849312543869019,17.27151870727539,0.975517988204956,16.33108139038086,8.148232460021973,0.8423874974250793,0.0033127781935036182
Gas,Transport,0.9429284930229187,94.06417846679688,0.013263748958706856,0.0167070422321558,0.0005232729599811137,10.303494453430176,24.935951232910156,0.9930076599121094,7.495063304901123,45.86455154418945,9.849355697631836,3.308243989944458,1.3271912336349487,2.573286533355713,71.34477996826172,2.9518508911132812,0.02287019044160843,9.76106366579188e-06
Oil_pcts,Rice,0.01076068077236414,3.632418394088745,0.7523133754730225,0.25311756134033203,1.1086269751103828e-06,1.5865795612335205,0.5210863947868347,11.448591232299805,0.16646218299865723,0.2269340604543686,0.41037219762802124,0.3181070387363434,0.2127634882926941,0.05991258844733238,0.3758881390094757,0.08152610063552856,0.0018033538945019245,0.002334470394998789
Oil_pcts,Crop,1.6586519479751587,23.07488250732422,3.198140859603882,0.97954261302948,0.0009660712676122785,3.2968504428863525,12.275097846984863,15.406725883483887,6.2656683921813965,18.90580177307129,12.741825103759766,10.641321182250977,18.503067016601562,1.87663996219635,5.899709701538086,1.2487715482711792,0.31424686312675476,1.4996037483215332
Oil_pcts,Cattle,0.6256630420684814,1.5405268669128418,0.062385279685258865,0.03274092823266983,0.00020483606203924865,0.03619830310344696,0.6277538537979126,0.0017187499906867743,0.5483048558235168,5.413296699523926,2.1708807945251465,1.524695873260498,1.4970794916152954,0.13965702056884766,0.051572564989328384,0.054933100938797,0.009146017022430897,0.15148168802261353
Oil_pcts,AnimalOth,1.1702234745025635,18.149391174316406,5.63149881362915,2.072218179702759,0.0002923505671788007,6.848543643951416,4.617940425872803,0.5629498362541199,2.386173725128174,7.831801414489746,4.147359848022461,3.1595351696014404,9.807452201843262,1.1507761478424072,2.1832387447357178,0.46268099546432495,0.17447799444198608,0.7649537920951843
Oil_pcts,Forestry,1.312448501586914,2.972080945968628,0.675348699092865,0.09295728802680969,0.00023372670693788677,1.0259153842926025,0.2852589786052704,2.496530294418335,5.505905628204346,3.0981340408325195,1.2217963933944702,0.7801018357276917,2.3601808547973633,0.0836414024233818,2.5520379543304443,0.014768309891223907,0.12604005634784698,0.19708143174648285
Oil_pcts,Coal,3.7347004413604736,6.704909324645996,0.00018123396148439497,0.02298811823129654,0.00022133332095108926,0.012182114645838737,0.002729561412706971,0.010305519215762615,0.008207798935472965,2.6798782348632812,0.005676783621311188,0.0019968647975474596,0.31403589248657227,0.02330412156879902,5.926393032073975,7.449007534887642e-05,0.0005420349189080298,0.008163245394825935
Oil_pcts,Oil,0.015122607350349426,1.225582242012024,0.0007390279206447303,0.0606636106967926,4.193266067886725e-05,0.02136165089905262,3.05757737159729,0.0025511044077575207,14.38640022277832,4.059954643249512,3.4589145183563232,2.0540406703948975,1.265165090560913,0.04113928973674774,0.93526291847229,0.6757039427757263,0.090067557990551,7.212130003608763e-05
Oil_pcts,Gas,0.09376339614391327,4.910547256469727,0.0,0.4744097888469696,2.2302268916973844e-05,0.044605597853660583,0.5094019174575806,0.021232374012470245,11.88061237335205,5.471219062805176,0.4814295172691345,0.2980768084526062,1.1507465839385986,0.01030553225427866,1.0186386108398438,0.9354227781295776,0.0021391045302152634,0.0005584528553299606
Oil_pcts,Mine,4.324363708496094,13.227555274963379,0.6081070899963379,0.31417906284332275,0.012064282782375813,4.0646209716796875,11.584447860717773,6.620383262634277,5.013637542724609,8.724510192871094,6.7764811515808105,3.0924601554870605,2.8411848545074463,0.4565914273262024,5.2866997718811035,1.461534857749939,0.5967307686805725,2.858689069747925
Oil_pcts,Manufac,3.1497297286987305,1089.6068115234375,97.80937194824219,17.485620498657227,0.1656758189201355,34.273372650146484,102.7827377319336,185.4915008544922,11.473006248474121,47.24525451660156,17.782621383666992,30.046812057495117,84.24612426757812,18.959484100341797,135.82876586914062,8.843046188354492,2.6692440509796143,4.679892063140869
Oil_pcts,Oil_pcts,2.6802265644073486,102.93158721923828,25.195541381835938,30.438671112060547,0.008134067058563232,5.009761810302734,33.96755599975586,36.42216110229492,8.062257766723633,80.74689483642578,12.747383117675781,7.2044453620910645,64.25830078125,3.2663891315460205,23.125974655151367,1.669983983039856,0.5916308164596558,1.5093715190887451
Oil_pcts,Electricity,4.331282138824463,292.4596862792969,78.7230224609375,41.066009521484375,0.15658614039421082,10.995887756347656,110.5490951538086,12.328675270080566,5.1800618171691895,24.747089385986328,62.29533767700195,20.008468627929688,87.12319946289062,9.488860130310059,45.2630615234375,18.637296676635742,6.8494791984558105,0.0961211770772934
Oil_pcts,WatWaste,0.06637250632047653,0.09419462829828262,1.8088772296905518,0.1500706672668457,0.003614681540057063,0.17263804376125336,0.7013742327690125,1.431725263595581,0.1603928655385971,0.9795536398887634,0.5569810271263123,0.12524116039276123,1.4036688804626465,0.06777875125408173,0.4447997212409973,0.12132840603590012,0.07277198135852814,0.08362672477960587
Oil_pcts,OthServ,3.1934354305267334,81.02721405029297,29.74507713317871,12.405950546264648,0.14465171098709106,15.882397651672363,45.2629280090332,30.385263442993164,12.149772644042969,65.08306121826172,16.37366485595703,2.269747257232666,55.06028366088867,1.2171883583068848,11.300750732421875,5.687216758728027,2.9945781230926514,3.4782679080963135
Oil_pcts,Transport,46.48807907104492,632.3975219726562,128.35238647460938,79.99058532714844,0.8137830495834351,174.68106079101562,336.2590026855469,188.76388549804688,121.60020446777344,1003.929931640625,132.956787109375,125.42671966552734,578.0328369140625,21.665647506713867,130.16896057128906,52.583900451660156,22.5761661529541,26.87993049621582
