scenario,year,fuel,household_Mtoe,nonenergy_industries_Mtoe,energy_industries_Mtoe,power_sector_Mtoe,modeled_final_demand_Mtoe,group,final_energy_share_pct
S0_BASELINE,2017,Coal,75.11067051288468,663.1334568590398,733.1478781472493,2293.264629712265,738.2441273719245,GLOBAL,8.31747136185431
S0_BASELINE,2017,Electricity,655.451758824042,1654.8829662676546,94.75512045405097,130.0403357727458,2310.3347250916963,GLOBAL,26.02952356784101
S0_BASELINE,2017,Gas,510.74328902826477,1099.8963279484406,689.9972871636253,1240.3601955891609,1610.6396169767054,GLOBAL,18.14636702382146
S0_BASELINE,2017,Oil,0.12907186386268432,7.223965545481278,3963.4390590729163,44.216092877339406,7.353037409343964,GLOBAL,0.08284343323201311
S0_BASELINE,2017,Oil_pct,1014.9424857854189,3194.3101040689767,830.2779927819935,295.6990044538877,4209.252589854395,GLOBAL,47.42379461325121
S0_BASELINE,2020,Coal,76.96498895753933,639.4462791410492,781.8148492858973,2446.786346903812,716.4112680985885,GLOBAL,7.52395677926038
S0_BASELINE,2020,Electricity,724.7444441654326,1791.8653212962058,104.13051899315309,142.6247261256321,2516.6097654616383,GLOBAL,26.430158135078717
S0_BASELINE,2020,Gas,551.0766884541108,1098.3994604773943,719.2674286058923,1279.367405065509,1649.476148931505,GLOBAL,17.323271988616497
S0_BASELINE,2020,Oil,0.1378370409495152,7.023916820994694,4076.035517820542,46.80288285694605,7.16175386194421,GLOBAL,0.07521479479794284
S0_BASELINE,2020,Oil_pct,1127.468841357059,3504.6077813419197,949.841718911214,317.1920140810119,4632.076622698979,GLOBAL,48.64739830224646
S0_BASELINE,2025,Coal,77.28234842399591,514.284316732385,841.0511708821751,2752.9265225353292,591.566665156381,GLOBAL,6.136992355491679
S0_BASELINE,2025,Electricity,698.0887386956439,1428.4186665155046,81.21841626198574,146.27342099934438,2126.5074052111486,GLOBAL,22.06067457541306
S0_BASELINE,2025,Gas,549.0725108048325,1054.809617693544,739.1803842784634,1597.9081697325207,1603.8821284983765,GLOBAL,16.638889480194514
S0_BASELINE,2025,Oil,0.1429214334047767,7.453482650601188,4276.864712964144,61.47551019539865,7.596404084005966,GLOBAL,0.07880612032195324
S0_BASELINE,2025,Oil_pct,1241.2346711037787,4068.570751657688,1179.159844538467,380.6264509943275,5309.8054227614675,GLOBAL,55.08463746857879
S0_BASELINE,2030,Coal,79.61880224057019,523.1086201416002,940.0482397808772,2720.9645907141216,602.7274223821704,GLOBAL,5.708140164285285
S0_BASELINE,2030,Electricity,748.1554483963537,1375.0733197521527,77.68652419892646,153.47969026131875,2123.2287681485063,GLOBAL,20.108073665428396
S0_BASELINE,2030,Gas,591.9447100715125,1086.3145894069537,792.4679103112195,1601.4346441309356,1678.2592994784663,GLOBAL,15.893982848127507
S0_BASELINE,2030,Oil,0.15541060094201697,7.257741372961554,4410.186686253834,66.28362842368904,7.413151973903572,GLOBAL,0.07020638012278611
S0_BASELINE,2030,Oil_pct,1438.1388188809829,4709.318424120329,1442.7391525921707,403.2947354060805,6147.457243001311,GLOBAL,58.21959694203603
S0_BASELINE,2035,Coal,80.5871707040074,428.4880742531614,1041.2193461323575,2668.2120765281375,509.0752449571688,GLOBAL,4.449719578001301
S0_BASELINE,2035,Electricity,826.5625876231995,1428.984485605686,77.09871927445083,159.7052941250861,2255.5470732288854,GLOBAL,19.715262272661743
S0_BASELINE,2035,Gas,623.4726807579095,1047.577139672945,818.4498312860402,1701.0721668204276,1671.0498204308544,GLOBAL,14.606294797171559
S0_BASELINE,2035,Oil,0.1712602482999138,6.962171205470491,4509.67617298028,76.06345950756084,7.133431453770405,GLOBAL,0.06235182306074038
S0_BASELINE,2035,Oil_pct,1666.696755104518,5331.111763720541,1694.9885560858597,460.48327207625226,6997.808518825059,GLOBAL,61.16637152910466
S0_BASELINE,2040,Coal,82.85644506714218,391.6595760860843,1084.3951608017926,2706.576613985443,474.5160211532265,GLOBAL,3.773682406787314
S0_BASELINE,2040,Electricity,921.1065676999239,1456.044229275701,80.5358015987997,165.84380581256914,2377.150796975625,GLOBAL,18.904761358796456
S0_BASELINE,2040,Gas,680.2952568907607,1043.3625829278494,849.2834622465176,1801.8463676788094,1723.65783981861,GLOBAL,13.70772950855568
S0_BASELINE,2040,Oil,0.18780711861370636,6.476236078149574,4612.63859360373,86.69020764498893,6.664043196763282,GLOBAL,0.0529971201153095
S0_BASELINE,2040,Oil_pct,1963.2455417454298,6029.115424156144,2047.6861204401334,525.8787111079516,7992.360965901574,GLOBAL,63.56082960574523
S0_BASELINE,2045,Coal,85.31262122465216,351.3857498388045,1132.3817636346382,2667.0992196144207,436.69837106345665,GLOBAL,3.1850121189300524
S0_BASELINE,2045,Electricity,1022.4604206523155,1432.098810261031,80.6389525720584,167.97894395074422,2454.5592309133463,GLOBAL,17.902061045138712
S0_BASELINE,2045,Gas,740.7249280265869,1027.4278335851966,868.2292870195868,1882.176752189268,1768.1527616117837,GLOBAL,12.895830044291246
S0_BASELINE,2045,Oil,0.20635655894738408,5.988421051723732,4685.357329877267,97.74965731930847,6.1947776106711165,GLOBAL,0.045180937396253826
S0_BASELINE,2045,Oil_pct,2316.3571689929663,6729.080372124401,2390.357656775094,589.0128117487458,9045.437541117368,GLOBAL,65.97191585424373
S0_BASELINE,2050,Coal,88.45494411221429,304.80985054262237,1177.5216510411526,2525.213553096436,393.2647946548367,GLOBAL,2.6569173646857265
S0_BASELINE,2050,Electricity,1141.6866283004952,1336.3450137425866,76.7961696836711,164.8587767360881,2478.031642043082,GLOBAL,16.741710393282403
S0_BASELINE,2050,Gas,808.6187560222924,998.9874597078218,873.6530230454223,1939.2592555033846,1807.6062157301142,GLOBAL,12.21228141538178
S0_BASELINE,2050,Oil,0.22767106547827007,5.501221749543818,4723.961754815606,108.71752640169036,5.728892815022088,GLOBAL,0.03870469721047602
S0_BASELINE,2050,Oil_pct,2761.980053028772,7354.932472382926,2675.273148539817,645.1251123502306,10116.912525411697,GLOBAL,68.35038612943961
S1_NO_CN,2017,Coal,75.0993724832252,662.2795537095174,732.2917919242732,2300.07962296821,737.3789261927426,GLOBAL,8.317120797367233
S1_NO_CN,2017,Electricity,653.8557218733454,1647.7798664391714,94.47400931072241,129.6395196541732,2301.635588312517,GLOBAL,25.960846641433363
S1_NO_CN,2017,Gas,510.20805551244626,1100.223450233934,689.8852518917535,1245.959770719585,1610.4315057463803,GLOBAL,18.16454592530295
S1_NO_CN,2017,Oil,0.1290015119117745,7.218633471780945,3965.4150472541,44.29900092444648,7.3476349836927195,GLOBAL,0.08287620592829363
S1_NO_CN,2017,Oil_pct,1014.2736722925257,3194.7282303069915,830.8067772892556,296.66186281812554,4209.001902599517,GLOBAL,47.47461042996815
S1_NO_CN,2020,Coal,76.94633236306576,638.1019728251764,780.4111824923201,2457.3442766966737,715.0483051882422,GLOBAL,7.52416963238845
S1_NO_CN,2020,Electricity,721.7144200116753,1779.0087492103596,103.64695982442005,141.8039738086276,2500.723169222035,GLOBAL,26.3141177908494
S1_NO_CN,2020,Gas,550.078459568741,1098.8620530154758,719.0455319594867,1288.8175591084682,1648.9405125842168,GLOBAL,17.351146825157485
S1_NO_CN,2020,Oil,0.13768845772896637,7.014821411603694,4079.312464450194,46.97375521801782,7.152509869332661,GLOBAL,0.07526302371980843
S1_NO_CN,2020,Oil_pct,1126.1469080040517,3505.340328594562,950.9195862774571,319.00284563641907,4631.487236598613,GLOBAL,48.73530272788486
S1_NO_CN,2025,Coal,77.2436000126122,512.0990085706812,838.029915360557,2771.1335764671935,589.3426085832934,GLOBAL,6.134307546151437
S1_NO_CN,2025,Electricity,692.7900449449108,1406.5123680534023,80.62881667886461,143.95337222690824,2099.3024129983132,GLOBAL,21.85107006714825
S1_NO_CN,2025,Gas,547.1511682286509,1054.824696346438,738.530847727824,1617.0785242529296,1601.975864575089,GLOBAL,16.674532761916467
S1_NO_CN,2025,Oil,0.1424969179126296,7.429241172408651,4284.133944152818,61.821218384257634,7.571738090321281,GLOBAL,0.07881217042255577
S1_NO_CN,2025,Oil_pct,1237.634020122628,4071.494217021423,1182.77780197628,384.8810259365758,5309.128237144051,GLOBAL,55.261277454361284
S1_NO_CN,2030,Coal,79.55123669853313,519.8046027725671,936.8913804926505,2744.8660812530434,599.3558394711002,GLOBAL,5.7015427906391825
S1_NO_CN,2030,Electricity,739.0980422953581,1340.9211830512006,76.9314951223479,149.21132063141343,2080.019225346559,GLOBAL,19.786774129256486
S1_NO_CN,2030,Gas,588.9622104635769,1087.195158055567,791.4247501587668,1628.9750579520103,1676.1573685191438,GLOBAL,15.944923417932047
S1_NO_CN,2030,Oil,0.15455197991317313,7.218647547392162,4421.927452999389,66.7378758816503,7.373199527305335,GLOBAL,0.07013965634496663
S1_NO_CN,2030,Oil_pct,1431.0845821922485,4718.179235905676,1449.7135623776799,409.90797844496274,6149.263818097925,GLOBAL,58.49662000582733
S1_NO_CN,2035,Coal,80.51836585419014,426.00188748005655,1038.1556783679432,2692.495879343569,506.5202533342467,GLOBAL,4.445837609529037
S1_NO_CN,2035,Electricity,816.1256531496595,1393.6110006133356,76.41720703917461,155.1899268050352,2209.736653762995,GLOBAL,19.395335641142744
S1_NO_CN,2035,Gas,620.3696826688873,1048.5471371691222,817.2025263660812,1728.7720874190056,1668.9168198380094,GLOBAL,14.648443208282185
S1_NO_CN,2035,Oil,0.17021506482635002,6.923345274508405,4521.8388064319815,76.54031245994872,7.093560339334755,GLOBAL,0.062261710434049
S1_NO_CN,2035,Oil_pct,1658.189246912995,5342.677849501797,1704.1272277146907,467.9148400579474,7000.867096414792,GLOBAL,61.44812183061197
S1_NO_CN,2040,Coal,82.77206029551206,389.3232537418068,1081.094711127721,2731.1720549583315,472.0953140373189,GLOBAL,3.7695808121244836
S1_NO_CN,2040,Electricity,909.0628909331347,1420.036196923958,79.89990491732468,161.22108588209434,2329.0990878570924,GLOBAL,18.597361528627033
S1_NO_CN,2040,Gas,676.5171474496744,1043.918702086879,847.4390578620073,1830.1556792533138,1720.4358495365536,GLOBAL,13.73731484738147
S1_NO_CN,2040,Oil,0.18656381324025365,6.439555898232214,4624.825780272611,87.22224043294193,6.6261197114724695,GLOBAL,0.05290815854450944
S1_NO_CN,2040,Oil_pct,1952.6359350403316,6042.922345007917,2059.6623512188653,534.4074284755709,7995.558280048249,GLOBAL,63.84283465332252
S1_NO_CN,2045,Coal,85.21300704275141,349.3560879784563,1129.4032796439326,2692.5900953668297,434.56909502120766,GLOBAL,3.1815912267609536
S1_NO_CN,2045,Electricity,1008.7198348317492,1396.021712661299,80.07386759320997,163.39797616589846,2404.7415474930485,GLOBAL,17.605726448996712
S1_NO_CN,2045,Gas,736.1906719203463,1027.6156079472507,865.8643577669438,1911.0796243271286,1763.806279867597,GLOBAL,12.91327581741348
S1_NO_CN,2045,Oil,0.20486641598257874,5.9537590396463065,4697.651803404613,98.34092953374851,6.1586254556288855,GLOBAL,0.04508886835953972
S1_NO_CN,2045,Oil_pct,2303.3108184643647,6746.273746397938,2406.180962025845,598.8049690927766,9049.584564862304,GLOBAL,66.25431763846932
S1_NO_CN,2050,Coal,88.34124986884315,303.2830923959045,1175.9277122999874,2551.881062717912,391.6243422647476,GLOBAL,2.655074790015283
S1_NO_CN,2050,Electricity,1126.3947448070658,1300.9279442591162,76.32021058834428,160.62702530803992,2427.322689066182,GLOBAL,16.456390942662434
S1_NO_CN,2050,Gas,803.2570184939578,998.881145375294,870.8390891570488,1968.7927369785862,1802.138163869252,GLOBAL,12.217860563373849
S1_NO_CN,2050,Oil,0.2258849284850056,5.4690998290382,4736.357408971121,109.37589878323998,5.694984757523206,GLOBAL,0.03860998622245821
S1_NO_CN,2050,Oil_pct,2746.240878504368,7377.009476929865,2695.744276029082,656.3341582073753,10123.250355434233,GLOBAL,68.63206371772598
S2_CAPACITY,2017,Coal,70.98918054415205,178.65766319766826,753.3065510871928,1389.460654938511,249.6468437418203,GLOBAL,3.447319891865136
S2_CAPACITY,2017,Electricity,595.8481734640657,1474.5624351535505,57.85403204567225,111.05346550562953,2070.410608617616,GLOBAL,28.58985744998015
S2_CAPACITY,2017,Gas,412.18939504977556,679.294692701497,498.94597492991926,983.5142919748783,1091.4840877512725,GLOBAL,15.0720704133978
S2_CAPACITY,2017,Oil,0.13263166300074147,6.761142590982323,3714.4956592990625,37.01633194865653,6.893774253983066,GLOBAL,0.09519465481550766
S2_CAPACITY,2017,Oil_pct,922.8435882822106,2900.487210527802,612.8356302041769,263.36880406176476,3823.3307988100123,GLOBAL,52.7955575899414
S2_CAPACITY,2020,Coal,72.20585284630394,198.49591577742032,852.3334532699205,1544.4935055737637,270.70176862372426,GLOBAL,3.4309979011802634
S2_CAPACITY,2020,Electricity,656.1887952794561,1603.5823501592622,63.415515213518695,122.19785747284227,2259.7711454387186,GLOBAL,28.641372003464877
S2_CAPACITY,2020,Gas,438.37463892150987,700.9280229712259,532.7626360400046,1027.6363127693548,1139.3026618927356,GLOBAL,14.440042492653607
S2_CAPACITY,2020,Oil,0.14277270745321063,6.76800997200484,3821.957636357964,39.43926002726345,6.910782679458052,GLOBAL,0.08759041726724602
S2_CAPACITY,2020,Oil_pct,1021.1979641787583,3192.0000904240146,703.5566031625991,281.4746066029503,4213.1980546027735,GLOBAL,53.39999718543401
S2_CAPACITY,2025,Coal,73.24075504598287,223.54742408010975,978.288340796198,1942.747612993933,296.78817912609264,GLOBAL,3.5706059430193418
S2_CAPACITY,2025,Electricity,631.4865771525226,1252.4384189577368,50.359052359415685,125.65307748723676,1883.9249961102594,GLOBAL,22.665167484504398
S2_CAPACITY,2025,Gas,452.969002248798,771.555166183998,589.2378086963334,1374.136734046257,1224.524168432796,GLOBAL,14.732033081814077
S2_CAPACITY,2025,Oil,0.14853326869355352,7.550609095042076,4043.2985064182863,53.49513466527739,7.699142363735629,GLOBAL,0.09262701621423687
S2_CAPACITY,2025,Oil_pct,1126.1474382587462,3772.899639907713,894.0507404079033,336.5246799985073,4899.04707816646,GLOBAL,58.93956647444795
S2_CAPACITY,2030,Coal,74.96776796520459,247.37729985553608,1107.0883371436546,1959.2768736951894,322.34506782074067,GLOBAL,3.504802632577771
S2_CAPACITY,2030,Electricity,677.1293876874653,1222.75972755373,48.55700964181287,132.56541953115146,1899.8891152411952,GLOBAL,20.657168473898235
S2_CAPACITY,2030,Gas,485.2286019076378,820.9236749307181,646.479892168573,1393.0393046732668,1306.1522768383559,GLOBAL,14.201569669917465
S2_CAPACITY,2030,Oil,0.16313284122711938,7.501206021938812,4171.8036833272845,57.608668491561346,7.664338863165932,GLOBAL,0.08333304184300504
S2_CAPACITY,2030,Oil_pct,1296.8053153520536,4364.382692557517,1083.67757016859,354.02887100170244,5661.188007909571,GLOBAL,61.55312618176352
S2_CAPACITY,2035,Coal,75.82853305565918,217.871675156025,1148.1868022723227,1972.8104684377165,293.7002082116842,GLOBAL,2.9150640958508864
S2_CAPACITY,2035,Electricity,746.5778122038232,1284.355132248782,48.97205298880646,139.4723215203491,2030.932944452605,GLOBAL,20.1576285679289
S2_CAPACITY,2035,Gas,519.1922879018872,827.0411541663391,677.5666758291346,1497.401573914651,1346.2334420682264,GLOBAL,13.361777288146707
S2_CAPACITY,2035,Oil,0.18127328001082335,7.2840607732754625,4266.443112590492,65.70649615915933,7.465334053286287,GLOBAL,0.07409571615483136
S2_CAPACITY,2035,Oil_pct,1488.832206697104,4908.093167768781,1255.264218882019,402.5114604830284,6396.925374465885,GLOBAL,63.491434331918676
S2_CAPACITY,2040,Coal,77.33681944447221,203.9213152175054,1177.3935677826912,2024.8124070967724,281.2581346619776,GLOBAL,2.5313292540637677
S2_CAPACITY,2040,Electricity,828.4017825282634,1321.4841140727078,50.699385781529614,145.77270806737764,2149.885896600971,GLOBAL,19.34901925416505
S2_CAPACITY,2040,Gas,567.151650605978,849.0759995560616,711.6321769578946,1607.9453322036882,1416.2276501620395,GLOBAL,12.746079275458534
S2_CAPACITY,2040,Oil,0.20069309998088355,6.850673012433495,4361.57245368808,74.55628567036779,7.051366112414379,GLOBAL,0.06346244649215266
S2_CAPACITY,2040,Oil_pct,1733.7578392570397,5522.9037028712,1486.0996415982095,455.63902199074903,7256.6615421282395,GLOBAL,65.31010976982049
S2_CAPACITY,2045,Coal,78.69654411301424,180.5420867416946,1175.2088036850691,1993.5492009384088,259.23863085470884,GLOBAL,2.1423736972546363
S2_CAPACITY,2045,Electricity,913.4280702541192,1312.2996433730912,50.22029151099987,148.54268938464364,2225.7277136272105,GLOBAL,18.393634062965205
S2_CAPACITY,2045,Gas,617.7480076040893,856.2377045125804,731.0278598315507,1699.4948158177374,1473.98571211667,GLOBAL,12.181163777005573
S2_CAPACITY,2045,Oil,0.2223519357197041,6.373274444419988,4426.1503139418455,83.71507567729519,6.595626380139693,GLOBAL,0.05450690904801708
S2_CAPACITY,2045,Oil_pct,2012.7873112478298,6122.197755354546,1690.4238726017684,504.5903011334131,8134.985066602376,GLOBAL,67.22832155372656
S2_CAPACITY,2050,Coal,80.00318113139409,148.85329927971776,1123.3326976197507,1851.7670478661848,228.85648041111185,GLOBAL,1.763611470417063
S2_CAPACITY,2050,Electricity,1008.2417041236921,1237.185620004606,47.34031458925105,146.7224824162183,2245.427324128298,GLOBAL,17.30368909679467
S2_CAPACITY,2050,Gas,672.2879398307961,846.0015159028743,733.0765647015538,1766.549105919847,1518.2894557336704,GLOBAL,11.700226686764905
S2_CAPACITY,2050,Oil,0.24712988457582366,5.857754013579562,4454.444001008658,92.64390523840564,6.104883898155387,GLOBAL,0.047045393903683015
S2_CAPACITY,2050,Oil_pct,2341.9291691622493,6635.97422120322,1829.9459252817633,543.9154615152369,8977.903390365469,GLOBAL,69.18542735211967
S0_BASELINE,2017,Coal,32.08996607719895,233.43407549815012,283.42339579210926,1193.1804696941313,265.5240415753491,ROW_EX_CHINA,3.8965323501825737
S0_BASELINE,2017,Electricity,545.9159516590829,1138.4986224806867,62.15329687760544,85.30434798188993,1684.4145741397695,ROW_EX_CHINA,24.718574786351667
S0_BASELINE,2017,Gas,438.7274861776935,990.8010013039261,673.435390574799,1201.59009978571,1429.5284874816195,ROW_EX_CHINA,20.97815310407216
S0_BASELINE,2017,Oil,0.12841351743731402,6.002558486460608,3336.1530000591333,43.97457182609318,6.130972003897924,ROW_EX_CHINA,0.08997125310957081
S0_BASELINE,2017,Oil_pct,866.9921598634479,2561.7774568378663,582.2358132802364,232.10005089330954,3428.769616701314,ROW_EX_CHINA,50.31676850628402
S0_BASELINE,2020,Coal,32.2033302805584,219.21132235550243,298.2375438560421,1198.4634645834947,251.4146526360608,ROW_EX_CHINA,3.4986886728685005
S0_BASELINE,2020,Electricity,586.2668422550321,1191.986523441673,63.91707303024259,90.2399031347991,1778.253365696705,ROW_EX_CHINA,24.746190577282935
S0_BASELINE,2020,Gas,462.1514696775594,979.7792420907531,699.4799231589265,1232.6536572235602,1441.9307117683124,ROW_EX_CHINA,20.06592135911738
S0_BASELINE,2020,Oil,0.13704422497061522,5.8215573784922485,3392.713393339587,46.513389974170664,5.958601603462864,ROW_EX_CHINA,0.08291995600729538
S0_BASELINE,2020,Oil_pct,940.9686907032321,2767.4420971829095,635.4246986351493,242.3586906178242,3708.4107878861414,ROW_EX_CHINA,51.60627943472389
S0_BASELINE,2025,Coal,32.07897991376139,199.0213446545181,289.1974481788466,1409.0329716251765,231.10032456827946,ROW_EX_CHINA,3.1589925756238206
S0_BASELINE,2025,Electricity,550.4124496625534,919.5243035374231,48.50660781255953,91.24600841760949,1469.9367531999765,ROW_EX_CHINA,20.093088569520226
S0_BASELINE,2025,Gas,461.8053858394412,963.9982226002079,720.777118615412,1540.5273335114748,1425.8036084396492,ROW_EX_CHINA,19.48981690862035
S0_BASELINE,2025,Oil,0.1419947063019949,6.243538850357427,3539.3686943077832,61.096203667443945,6.385533556659423,ROW_EX_CHINA,0.08728613053472382
S0_BASELINE,2025,Oil_pct,1012.5912678655139,3169.8161846853113,754.0616191325769,294.3511131777983,4182.407452550826,ROW_EX_CHINA,57.17081581570088
S0_BASELINE,2030,Coal,32.399312145132484,192.47465095118193,302.57758739398497,1444.6393201118806,224.8739630963144,ROW_EX_CHINA,2.8229165405527414
S0_BASELINE,2030,Electricity,577.7019736505151,889.2419658115009,44.91866737936175,98.9894947726582,1466.943939462016,ROW_EX_CHINA,18.415027928321308
S0_BASELINE,2030,Gas,488.73589054163637,990.9522346862561,771.422815159952,1546.7715532277216,1479.6881252278927,ROW_EX_CHINA,18.575009867977705
S0_BASELINE,2030,Oil,0.15434344837927058,6.126024335312419,3648.9410545103424,65.90334086022405,6.28036778369169,ROW_EX_CHINA,0.07883951460287314
S0_BASELINE,2030,Oil_pct,1147.7211336368687,3640.507755548426,876.4845283775716,316.73895765527635,4788.228889185295,ROW_EX_CHINA,60.10820614854537
S0_BASELINE,2035,Coal,32.960027644221384,178.26329546996016,318.5625278605663,1509.9155328107386,211.22332311418154,ROW_EX_CHINA,2.3935252267853038
S0_BASELINE,2035,Electricity,634.4046950596444,936.100165951926,45.79712321516036,105.5402716702582,1570.5048610115703,ROW_EX_CHINA,17.796533773820542
S0_BASELINE,2035,Gas,523.6397986397373,973.3981636359217,800.7878294697828,1644.9190032625042,1497.0379622756589,ROW_EX_CHINA,16.96402686660259
S0_BASELINE,2035,Oil,0.17007191876734049,5.977463125175667,3803.0934673240795,75.67542135832929,6.147535043943008,ROW_EX_CHINA,0.06966219446452963
S0_BASELINE,2035,Oil_pct,1329.884932900156,4209.980867835732,1052.946525382456,372.89421073091927,5539.865800735888,ROW_EX_CHINA,62.77625193832702
S0_BASELINE,2040,Coal,33.618137191143646,163.50610760556745,328.3388789054116,1569.1619286152968,197.1242447967111,ROW_EX_CHINA,2.0039945145421605
S0_BASELINE,2040,Electricity,698.337043412505,969.3816147060546,46.98255451423896,111.21644005972725,1667.7186581185595,ROW_EX_CHINA,16.954276964336994
S0_BASELINE,2040,Gas,570.2234820161145,977.1943288546167,831.2327324180822,1745.717917500823,1547.4178108707313,ROW_EX_CHINA,15.731280583409609
S0_BASELINE,2040,Oil,0.18651038892132635,5.65778829731152,3953.375981894921,86.2873204448127,5.844298686232848,ROW_EX_CHINA,0.059414013332732316
S0_BASELINE,2040,Oil_pct,1560.0340106958665,4858.427063528338,1292.3719228109783,435.51678627748595,6418.461074224205,ROW_EX_CHINA,65.25103392437852
S0_BASELINE,2045,Coal,34.397176388048415,148.63731889567504,342.40189886210766,1586.392790779228,183.03449528372346,ROW_EX_CHINA,1.6751010424027921
S0_BASELINE,2045,Electricity,769.4884913346842,978.1105470450754,47.129578682846976,115.14886723439228,1747.5990383797596,ROW_EX_CHINA,15.993733674924256
S0_BASELINE,2045,Gas,621.6187529050411,970.9845163645615,850.6703176871825,1828.1884347808596,1592.6032692696028,ROW_EX_CHINA,14.575238357951433
S0_BASELINE,2045,Oil,0.20495130764498368,5.3220142508672446,4090.9238265984914,97.34671275099467,5.526965558512229,ROW_EX_CHINA,0.050581863020065725
S0_BASELINE,2045,Oil_pct,1840.4603006267312,5557.5493403934815,1545.3539312048804,499.47025524179605,7398.009641020212,ROW_EX_CHINA,67.70534506170145
S0_BASELINE,2050,Coal,35.56234953161459,131.24985180651544,365.7764944414416,1530.8102487493206,166.81220133813002,ROW_EX_CHINA,1.3856916613112586
S0_BASELINE,2050,Electricity,855.8962953685399,938.8600745595937,46.100712166969174,115.64072276196657,1794.7563699281336,ROW_EX_CHINA,14.908855083409321
S0_BASELINE,2050,Gas,679.7931832997567,952.7396122980032,857.2692322431526,1888.552080314771,1632.5327955977598,ROW_EX_CHINA,13.561280670899468
S0_BASELINE,2050,Oil,0.22611816415129907,4.961532969437199,4202.112007376177,108.32641338745992,5.187651133588499,ROW_EX_CHINA,0.04309328010745658
S0_BASELINE,2050,Oil_pct,2197.75294689781,6241.148492300391,1784.3682986786862,559.4104576567853,8438.9014391982,ROW_EX_CHINA,70.1010793042725
S1_NO_CN,2017,Coal,32.08202320295461,232.9547187968486,282.66522052482037,1200.1191286294222,265.0367419998032,ROW_EX_CHINA,3.8943568608296597
S1_NO_CN,2017,Electricity,544.3373988148207,1131.3786796616928,61.849246578788836,84.90944784481829,1675.7160784765135,ROW_EX_CHINA,24.622383892050816
S1_NO_CN,2017,Gas,438.25922598964667,991.4433610028634,673.3586064091077,1207.233347145375,1429.70258699251,ROW_EX_CHINA,21.007547997267224
S1_NO_CN,2017,Oil,0.1283435174754329,5.999000154681741,3338.6376889425196,44.057620423354315,6.127343672157175,ROW_EX_CHINA,0.09003303726222311
S1_NO_CN,2017,Oil_pct,866.3839451070996,2562.6947125869397,582.840453022867,233.08726099189488,3429.0786576940395,ROW_EX_CHINA,50.38567821259008
S1_NO_CN,2020,Coal,32.19313066698679,218.54303194701163,297.0629125870026,1209.3671956738513,250.73616261399843,ROW_EX_CHINA,3.4968878369280185
S1_NO_CN,2020,Electricity,583.2845243570555,1179.1159706931,63.38616922285543,89.43477639004611,1762.4004950501555,ROW_EX_CHINA,24.57929000223415
S1_NO_CN,2020,Gas,461.3243936703004,980.8386733592819,699.3310610197224,1242.1983559307314,1442.1630670295824,ROW_EX_CHINA,20.113103891305233
S1_NO_CN,2020,Oil,0.13689651760193577,5.81557233412009,3396.998623601268,46.68456417841289,5.952468851722027,ROW_EX_CHINA,0.08301601057572201
S1_NO_CN,2020,Oil_pct,939.8084113730569,2769.2054804320424,636.6796809855726,244.22464575728148,3709.0138918050993,ROW_EX_CHINA,51.72770225895688
S1_NO_CN,2025,Coal,32.059206801736764,197.72341868783502,286.79487259109976,1428.1748057260643,229.78262548957179,ROW_EX_CHINA,3.152372141290852
S1_NO_CN,2025,Electricity,545.2470097715101,897.6360190127343,47.8190513911056,88.97099771078285,1442.8830287842445,ROW_EX_CHINA,19.794813700077786
S1_NO_CN,2025,Gas,460.1587218204477,964.8083180358585,720.2336325668741,1559.9492389564298,1424.9670398563062,ROW_EX_CHINA,19.54902547192182
S1_NO_CN,2025,Oil,0.14157304713927552,6.226688545988524,3549.326586226061,61.44290491915303,6.3682615931278,ROW_EX_CHINA,0.0873657457427722
S1_NO_CN,2025,Oil_pct,1009.516890291899,3175.6794692319986,758.1826196980562,298.77815713747054,4185.196359523898,ROW_EX_CHINA,57.416422940966775
S1_NO_CN,2030,Coal,32.36963114551778,190.54562854440618,300.29707395694174,1470.338905250328,222.91525968992397,ROW_EX_CHINA,2.811403148810162
S1_NO_CN,2030,Electricity,568.8805050144755,854.9226145523401,43.997453358294266,94.78526423858665,1423.8031195668157,ROW_EX_CHINA,17.956978715606574
S1_NO_CN,2030,Gas,486.2865622442454,993.0442249248622,770.5536141235718,1574.6854374233653,1479.3307871691077,ROW_EX_CHINA,18.65729263651229
S1_NO_CN,2030,Oil,0.15349050388221125,6.098222743588405,3665.2457056030494,66.35931670936111,6.251713247470616,ROW_EX_CHINA,0.07884649231212568
S1_NO_CN,2030,Oil_pct,1141.820651686755,3654.8465991716826,884.4643536120569,323.6465086759497,4796.667250858437,ROW_EX_CHINA,60.49547900675884
S1_NO_CN,2035,Coal,32.925017567490386,176.5163970215925,316.12378689635676,1535.3655670793792,209.44141458908288,ROW_EX_CHINA,2.3838377176825882
S1_NO_CN,2035,Electricity,624.2231103917364,900.4861515766455,44.92146339524583,101.07776897981088,1524.709261968382,ROW_EX_CHINA,17.354062730674794
S1_NO_CN,2035,Gas,520.9436697600635,975.1999525321695,799.64241194232,1672.99178764153,1496.143622292233,ROW_EX_CHINA,17.028931956403927
S1_NO_CN,2035,Oil,0.1690336327703693,5.948568493013907,3819.3705130049075,76.15389912658084,6.117602125784276,ROW_EX_CHINA,0.0696298328476812
S1_NO_CN,2035,Oil_pct,1322.6964984689969,4226.783905032027,1062.6374273380814,380.599088719134,5549.480403501024,ROW_EX_CHINA,63.163537762391016
S1_NO_CN,2040,Coal,33.57499289108653,161.82816953925712,325.5233661202907,1594.8563296072866,195.40316243034363,ROW_EX_CHINA,1.9949835378463951
S1_NO_CN,2040,Electricity,686.6169833745681,933.061140630393,46.11608697423325,106.6430807124547,1619.678124004961,ROW_EX_CHINA,16.53622773455206
S1_NO_CN,2040,Gas,566.9187916856882,978.4753608377199,829.4823751817959,1774.4004340259594,1545.3941525234084,ROW_EX_CHINA,15.7778198439716
S1_NO_CN,2040,Oil,0.18527520902960573,5.629678006899124,3969.372848326655,86.82094767218408,5.814953215928731,ROW_EX_CHINA,0.059368209781457085
S1_NO_CN,2040,Oil_pct,1551.0735794852812,4877.3615848869385,1304.4727686955011,444.3123379305097,6428.435164372219,ROW_EX_CHINA,65.63160067384847
S1_NO_CN,2045,Coal,34.34493720363117,147.11612934186059,339.4166063908479,1612.6673817048706,181.46106654549175,ROW_EX_CHINA,1.6674113178943426
S1_NO_CN,2045,Electricity,756.1299847527014,941.615267006182,46.30119688819918,110.60554981309686,1697.7452517588833,ROW_EX_CHINA,15.600259061491073
S1_NO_CN,2045,Gas,617.6080601342014,971.7689284142851,848.3825024061848,1857.4445331144882,1589.3769885484867,ROW_EX_CHINA,14.604483647968586
S1_NO_CN,2045,Oil,0.20347066752329973,5.2946345250182345,4106.595095997158,97.93944624989074,5.4981051925415345,ROW_EX_CHINA,0.05052104564104454
S1_NO_CN,2045,Oil_pct,1829.3858051768677,5579.33444053823,1560.4411671266953,509.49926807222306,7408.720245715098,ROW_EX_CHINA,68.07732492700495
S1_NO_CN,2050,Coal,35.49834398398793,130.0104687279085,363.0189529567271,1557.74027920722,165.5088127118964,ROW_EX_CHINA,1.3799434306875313
S1_NO_CN,2050,Electricity,841.0185839959727,902.9267403372885,45.34600777897403,111.43097639282219,1743.9453243332612,ROW_EX_CHINA,14.540288546332752
S1_NO_CN,2050,Gas,674.9923916039471,953.1023826212502,854.5111921653687,1918.4086958612784,1628.0947742251974,ROW_EX_CHINA,13.574374991980557
S1_NO_CN,2050,Oil,0.2243433079461349,4.9355708064511035,4217.425199777157,108.9860551127584,5.159914114397239,ROW_EX_CHINA,0.0430212111875209
S1_NO_CN,2050,Oil_pct,2184.2710127328037,6266.904043733653,1802.8664174123326,570.812666969804,8451.175056466456,ROW_EX_CHINA,70.46237181981164
S2_CAPACITY,2017,Coal,30.36930706126673,64.50313145153265,314.4905940164323,769.597825441391,94.87243851279939,ROW_EX_CHINA,1.6416483829025836
S2_CAPACITY,2017,Electricity,500.42457024253554,1034.855039718676,42.275901644775914,76.52936424778213,1535.2796099612115,ROW_EX_CHINA,26.566085245675456
S2_CAPACITY,2017,Gas,363.39975066342595,631.0848709245897,493.1249002727391,942.9115260976025,994.4846215880157,ROW_EX_CHINA,17.208307243322285
S2_CAPACITY,2017,Oil,0.13195780057983608,5.655619976051989,3154.7642987178724,36.79933034279479,5.787577776631827,ROW_EX_CHINA,0.10014676387440753
S2_CAPACITY,2017,Oil_pct,791.3002694449772,2357.371633930932,429.9924108197779,207.99180887104703,3148.671903375909,ROW_EX_CHINA,54.48381236422527
S2_CAPACITY,2020,Coal,30.52649175069883,69.1217211707989,331.4028592009566,812.1650683383699,99.64821292149774,ROW_EX_CHINA,1.6144142024650945
S2_CAPACITY,2020,Electricity,537.2568226244703,1087.6171935017971,43.921045483719276,81.33125033964265,1624.8740161262674,ROW_EX_CHINA,26.324804147940913
S2_CAPACITY,2020,Gas,382.5282329462061,647.7301934745259,525.677124034617,980.0223331812762,1030.258426420732,ROW_EX_CHINA,16.691356393247897
S2_CAPACITY,2020,Oil,0.14194562134689515,5.6319852124057155,3215.806548858927,39.18457612857446,5.773930833752611,ROW_EX_CHINA,0.09354423595538812
S2_CAPACITY,2020,Oil_pct,857.1290043813393,2554.7232655830417,472.40903011990565,217.48945777820944,3411.852269964381,ROW_EX_CHINA,55.275881020390706
S2_CAPACITY,2025,Coal,30.65788528136461,82.89771852444936,342.60887325944924,1064.7936845825661,113.55560380581397,ROW_EX_CHINA,1.7620590455283505
S2_CAPACITY,2025,Electricity,503.1498237149366,812.8107072907472,33.34711217100028,81.21093327197686,1315.9605310056838,ROW_EX_CHINA,20.419953569020922
S2_CAPACITY,2025,Gas,391.6627570952339,715.2517213330816,581.2226526859432,1317.8201806457287,1106.9144784283155,ROW_EX_CHINA,17.17615515194018
S2_CAPACITY,2025,Oil,0.1475523316604288,6.324117877350376,3383.958578376051,53.16909767765438,6.471670209010805,ROW_EX_CHINA,0.10042186073850096
S2_CAPACITY,2025,Oil_pct,923.6452720460252,2977.9359079843507,575.8856833676255,264.5680284456495,3901.5811800303754,ROW_EX_CHINA,60.54141037277204
S2_CAPACITY,2030,Coal,30.937520575624355,90.93545910538089,357.2065148800013,1134.1962906332203,121.87297968100525,ROW_EX_CHINA,1.7213420360473672
S2_CAPACITY,2030,Electricity,526.9905934715648,784.2280835598469,30.979615585020678,87.8437413795582,1311.2186770314117,ROW_EX_CHINA,18.519739429792274
S2_CAPACITY,2030,Gas,414.6736011622954,760.4780752991442,637.2898157290235,1341.1837753409015,1175.1516764614396,ROW_EX_CHINA,16.597920102710713
S2_CAPACITY,2030,Oil,0.16198422947069038,6.302591014727477,3497.3105225376926,57.296463443239865,6.464575244198168,ROW_EX_CHINA,0.09130608886527304
S2_CAPACITY,2030,Oil_pct,1040.91247790673,3424.493683326135,666.7214944478435,284.36889836294114,4465.406161232865,ROW_EX_CHINA,63.06969234258437
S2_CAPACITY,2035,Coal,31.377940693381706,90.09623733380492,369.8548217563654,1209.8940213883902,121.47417802718664,ROW_EX_CHINA,1.5403394132111015
S2_CAPACITY,2035,Electricity,576.9441154807623,831.0108390865338,31.78337523160614,94.03654649876684,1407.954954567296,ROW_EX_CHINA,17.85341167783393
S2_CAPACITY,2035,Gas,446.5243817211757,773.9452093994839,669.3450203171832,1444.2863394057545,1220.4695911206597,ROW_EX_CHINA,15.476024982099888
S2_CAPACITY,2035,Oil,0.17998575790716964,6.213353448300501,3636.3500213617644,65.39084614596003,6.3933392062076715,ROW_EX_CHINA,0.08107000616332989
S2_CAPACITY,2035,Oil_pct,1195.7157445134487,3934.1877274799967,792.0825087454293,331.86046060658504,5129.903471993445,ROW_EX_CHINA,65.04915392069175
S2_CAPACITY,2040,Coal,31.891642507799816,86.808563013712,379.36043548517614,1278.3517765833633,118.70020552151182,ROW_EX_CHINA,1.3454946039378515
S2_CAPACITY,2040,Electricity,633.3106762704596,867.218132713984,32.716396677753686,99.65061090201637,1500.5288089844435,ROW_EX_CHINA,17.008845154661238
S2_CAPACITY,2040,Gas,488.5082696207696,801.032571055564,703.2722225320822,1554.7920252519164,1289.5408406763336,ROW_EX_CHINA,14.617247165364375
S2_CAPACITY,2040,Oil,0.19927319712040995,5.918203114936592,3774.4532695158246,74.23429231889985,6.117476312057002,ROW_EX_CHINA,0.06934302540949375
S2_CAPACITY,2040,Oil_pct,1389.6281731585975,4517.534407261426,957.7451355867902,383.5428348779241,5907.162580420024,ROW_EX_CHINA,66.95907005062705
S2_CAPACITY,2045,Coal,32.42647312132818,79.27570236892637,389.1674265800665,1298.6227883141328,111.70217549025456,ROW_EX_CHINA,1.1404778279503056
S2_CAPACITY,2045,Electricity,694.4648380046901,881.0704154384024,32.82028601544703,103.82016731215516,1575.5352534430926,ROW_EX_CHINA,16.086195419378196
S2_CAPACITY,2045,Gas,534.3818510489674,814.7160575408493,723.0317256316767,1648.351312594282,1349.0979085898168,ROW_EX_CHINA,13.774272933610417
S2_CAPACITY,2045,Oil,0.2208013445555953,5.579020830640587,3896.8421234172597,83.40010507200276,5.799822175196183,ROW_EX_CHINA,0.05921611255854947
S2_CAPACITY,2045,Oil_pct,1618.3676113150764,5133.828407788031,1122.9462179592308,434.3083539749098,6752.196019103108,ROW_EX_CHINA,68.93983770650252
S2_CAPACITY,2050,Coal,33.004010851236984,67.09647923934081,404.4636159329532,1236.45708335761,100.1004900905778,ROW_EX_CHINA,0.932842143835413
S2_CAPACITY,2050,Electricity,764.6808543732421,850.4323171521152,31.94447409200803,105.08053675336517,1615.1131715253573,ROW_EX_CHINA,15.051331238230812
S2_CAPACITY,2050,Gas,584.6270615657132,811.603190928844,725.8473246674613,1718.7251693329072,1396.2302524945571,ROW_EX_CHINA,13.011548902970658
S2_CAPACITY,2050,Oil,0.24540730858060877,5.187994010848533,3988.3172086839254,92.3470788293116,5.433401319429143,ROW_EX_CHINA,0.0506341750230005
S2_CAPACITY,2050,Oil_pct,1893.4285192906332,5720.393968250517,1261.5679735978597,478.19584206805166,7613.822487541151,ROW_EX_CHINA,70.95364353994012
S0_BASELINE,2017,Coal,43.02070443568572,429.6993813608897,449.7244823551401,1100.0841600181336,472.7200857965754,CHINA,22.931364674769974
S0_BASELINE,2017,Electricity,109.53580716495912,516.384343786968,32.601823576445526,44.73598779085588,625.9201509519271,CHINA,30.36300692529128
S0_BASELINE,2017,Gas,72.01580285057125,109.09532664451446,16.561896588826308,38.77009580345079,181.1111294950857,CHINA,8.785591054615148
S0_BASELINE,2017,Oil,0.0006583464253703,1.2214070590206696,627.2860590137828,0.2415210512462268,1.22206540544604,CHINA,0.0592816516807858
S0_BASELINE,2017,Oil_pct,147.950325921971,632.5326472311103,248.0421795017572,63.59895356057815,780.4829731530813,CHINA,37.8607556936428
S0_BASELINE,2020,Coal,44.76165867698093,420.2349567855468,483.57730542985513,1248.3228823203176,464.9966154625277,CHINA,19.907658939266508
S0_BASELINE,2020,Electricity,138.47760191040058,599.8787978545328,40.2134459629105,52.384822990832994,738.3563997649334,CHINA,31.610869613586555
S0_BASELINE,2020,Gas,88.92521877655132,118.6202183866412,19.78750544696585,46.71374784194885,207.54543716319253,CHINA,8.885535163166724
S0_BASELINE,2020,Oil,0.0007928159789,1.2023594425024455,683.3221244809547,0.289492882775387,1.2031522584813457,CHINA,0.05150993365839895
S0_BASELINE,2020,Oil_pct,186.5001506538269,737.1656841590102,314.4170202760648,74.83332346318768,923.6658348128371,CHINA,39.54442635032181
S0_BASELINE,2025,Coal,45.20336851023453,315.26297207786695,551.8537227033286,1343.8935509101525,360.4663405881015,CHINA,15.512439763403984
S0_BASELINE,2025,Electricity,147.67628903309046,508.8943629780816,32.7118084494262,55.0274125817349,656.5706520111721,CHINA,28.255100526516063
S0_BASELINE,2025,Gas,87.26712496539125,90.81139509333602,18.40326566305147,57.380836221045904,178.07852005872726,CHINA,7.663495878866862
S0_BASELINE,2025,Oil,0.0009267271027818,1.2099438002437612,737.4960186563604,0.379306527954704,1.2108705273465432,CHINA,0.052109043208026194
S0_BASELINE,2025,Oil_pct,228.64340323826485,898.7545669723769,425.0982254058901,86.2753378165292,1127.3979702106417,CHINA,48.51685478800506
S0_BASELINE,2030,Coal,47.219490095437706,330.63396919041827,637.4706523868922,1276.3252706022408,377.853459285856,CHINA,14.57166107442139
S0_BASELINE,2030,Electricity,170.45347474583863,485.83135394065175,32.767856819564706,54.49019548866055,656.2848286864904,CHINA,25.30917702851957
S0_BASELINE,2030,Gas,103.2088195298762,95.36235472069752,21.045095151267383,54.663090903213885,198.5711742505737,CHINA,7.657761968880679
S0_BASELINE,2030,Oil,0.0010671525627464,1.131717037649136,761.2456317434915,0.3802875634649945,1.1327841902118825,CHINA,0.0436850500758359
S0_BASELINE,2030,Oil_pct,290.417685244114,1068.8106685719029,566.2546242145993,86.5557777508042,1359.2283538160168,CHINA,52.417714878102515
S0_BASELINE,2035,Coal,47.627143059786015,250.2247787832013,722.6568182717912,1158.296543717399,297.8519218429873,CHINA,11.386496725689057
S0_BASELINE,2035,Electricity,192.15789256355515,492.8843196537599,31.30159605929046,54.16502245482791,685.0422122173151,CHINA,26.188284628504565
S0_BASELINE,2035,Gas,99.83288211817228,74.17897603702316,17.662001816257465,56.153163557923286,174.01185815519543,CHINA,6.6522500202623815
S0_BASELINE,2035,Oil,0.0011883295325733,0.9847080802948242,706.582705656201,0.3880381492315454,0.9858964098273976,CHINA,0.03768955450381817
S0_BASELINE,2035,Oil_pct,336.8118222043621,1121.1308958848083,642.0420307034036,87.589061345333,1457.9427180891707,CHINA,55.73527907104019
S0_BASELINE,2040,Coal,49.23830787599852,228.15346848051684,756.0562818963809,1137.4146853701466,277.3917763565154,CHINA,10.131983344027448
S0_BASELINE,2040,Electricity,222.7695242874189,486.6626145696462,33.55324708456074,54.62736575284188,709.4321388570652,CHINA,25.912644956638136
S0_BASELINE,2040,Gas,110.07177487464608,66.16825407323265,18.050729828435514,56.12845017798645,176.24002894787873,CHINA,6.437325076125607
S0_BASELINE,2040,Oil,0.00129672969238,0.8184477808380539,659.2626117088096,0.4028872001762216,0.819744510530434,CHINA,0.029941903239328698
S0_BASELINE,2040,Oil_pct,403.2115310495634,1170.688360627806,755.314197629155,90.36192483046572,1573.8998916773694,CHINA,57.48810471996948
S0_BASELINE,2045,Coal,50.91544483660374,202.74843094312948,789.9798647725306,1080.7064288351928,253.6638757797332,CHINA,9.110608598722116
S0_BASELINE,2045,Electricity,252.97192931763132,453.9882632159556,33.50937388921143,52.83007671635195,706.9601925335869,CHINA,25.391229197505382
S0_BASELINE,2045,Gas,119.10617512154576,56.4433172206352,17.55896933240419,53.98831740840839,175.54949234218097,CHINA,6.30504721855929
S0_BASELINE,2045,Oil,0.0014052513024004,0.6664068008564876,594.4335032787759,0.4029445683138035,0.6678120521588881,CHINA,0.023985181989461386
S0_BASELINE,2045,Oil_pct,475.8968683662351,1171.53103173092,845.0037255702135,89.54255650694974,1647.427900097155,CHINA,59.169129803223754
S0_BASELINE,2050,Coal,52.892594580599706,173.55999873610693,811.745156599711,994.4033043471156,226.45259331670664,CHINA,8.194846733106006
S0_BASELINE,2050,Electricity,285.7903329319552,397.4849391829928,30.69545751670193,49.21805397412152,683.275272114948,CHINA,24.72630606474139
S0_BASELINE,2050,Gas,128.82557272253567,46.24784740981856,16.383790802269644,50.7071751886134,175.07342013235422,CHINA,6.335541686726502
S0_BASELINE,2050,Oil,0.001552901326971,0.5396887801066185,521.8497474394288,0.3911130142304399,0.5412416814335895,CHINA,0.019586406849903933
S0_BASELINE,2050,Oil_pct,564.2271061309617,1113.7839800825348,890.9048498611309,85.71465469344524,1678.0110862134966,CHINA,60.72371910857619
S1_NO_CN,2017,Coal,43.01734928027059,429.32483491266873,449.6265713994528,1099.9604943387878,472.3421841929393,CHINA,22.927739167969065
S1_NO_CN,2017,Electricity,109.51832305852462,516.4011867774788,32.62476273193357,44.730071809354925,625.9195098360034,CHINA,30.382463692467834
S1_NO_CN,2017,Gas,71.9488295227996,108.78008923107072,16.526645482645772,38.72642357421003,180.72891875387035,CHINA,8.772677198793698
S1_NO_CN,2017,Oil,0.0006579944363416,1.2196333170992035,626.7773583115807,0.2413805010921628,1.2202913115355452,CHINA,0.059233584964745324
S1_NO_CN,2017,Oil_pct,147.88972718542612,632.0335177200516,247.96632426638857,63.57460182623063,779.9232449054778,CHINA,37.857886355804666
S1_NO_CN,2020,Coal,44.753201696078975,419.5589408781648,483.3482699053176,1247.9770810228224,464.3121425742438,CHINA,19.901204353556494
S1_NO_CN,2020,Electricity,138.42989565461986,599.8927785172596,40.26079060156462,52.36919741858149,738.3226741718794,CHINA,31.645759544635165
S1_NO_CN,2020,Gas,88.75406589844056,118.02337965619398,19.7144709397643,46.619203177737,206.7774455546345,CHINA,8.862831320486462
S1_NO_CN,2020,Oil,0.0007919401270306,1.1992490774836035,682.3138408489264,0.2891910396049279,1.2000410176106342,CHINA,0.05143578927682326
S1_NO_CN,2020,Oil_pct,186.33849663099485,736.1348481625193,314.2399052918845,74.77819987913756,922.473344793514,CHINA,39.538768992045036
S1_NO_CN,2025,Coal,45.18439321087544,314.3755898828462,551.2350427694572,1342.9587707411292,359.55998309372166,CHINA,15.51082053809562
S1_NO_CN,2025,Electricity,147.5430351734007,508.87634904066806,32.80976528775901,54.9823745161254,656.4193842140687,CHINA,28.31684209868748
S1_NO_CN,2025,Gas,86.99244640820328,90.01637831057948,18.297215160949875,57.12928529649992,177.00882471878276,CHINA,7.635866734248393
S1_NO_CN,2025,Oil,0.0009238707733541,1.2025526264201265,734.8073579267572,0.3783134651045994,1.2034764971934806,CHINA,0.05191597743767377
S1_NO_CN,2025,Oil_pct,228.11712983072897,895.8147477894245,424.5951822782238,86.10286879910522,1123.9318776201535,CHINA,48.484554651530836
S1_NO_CN,2030,Coal,47.18160555301535,329.2589742281609,636.5943065357087,1274.5271760027154,376.44057978117627,CHINA,14.572638098468973
S1_NO_CN,2030,Electricity,170.21753728088268,485.9985684988607,32.93404176405363,54.42605639282678,656.2161057797433,CHINA,25.40321192118464
S1_NO_CN,2030,Gas,102.67564821933148,94.15093313070476,20.871136035194997,54.289620528644825,196.82658135003624,CHINA,7.619482840665755
S1_NO_CN,2030,Oil,0.0010614760309619,1.1204248038037568,756.6817473963398,0.3785591722891939,1.1214862798347187,CHINA,0.043414590685015415
S1_NO_CN,2030,Oil_pct,289.2639305054937,1063.332636733994,565.2492087656229,86.26146976901305,1352.5965672394875,CHINA,52.36125254899562
S1_NO_CN,2035,Coal,47.593348286699744,249.48549045846408,722.0318914715864,1157.1303122641898,297.0788387451638,CHINA,11.39437112931424
S1_NO_CN,2035,Electricity,191.90254275792307,493.12484903669,31.495743643928783,54.11215782522433,685.0273917946131,CHINA,26.274023315910245
S1_NO_CN,2035,Gas,99.42601290882388,73.34718463695256,17.560114423761256,55.78029977747553,172.77319754577644,CHINA,6.626664969979957
S1_NO_CN,2035,Oil,0.0011814320559807,0.9747767814944976,702.468293427074,0.3864133333678923,0.9759582135504784,CHINA,0.03743258906917922
S1_NO_CN,2035,Oil_pct,335.49274844399804,1115.89394446977,641.4898003766092,87.31575133881343,1451.386692913768,CHINA,55.667507995726375
S1_NO_CN,2040,Coal,49.19706740442553,227.4950842025497,755.5713450074303,1136.315725351045,276.69215160697524,CHINA,10.138626553087542
S1_NO_CN,2040,Electricity,222.44590755856655,486.975056293565,33.78381794309142,54.57800516963965,709.4209638521315,CHINA,25.994789442545425
S1_NO_CN,2040,Gas,109.5983557639862,65.44334124915896,17.956682680211443,55.75524522735449,175.04169701314515,CHINA,6.41392387506462
S1_NO_CN,2040,Oil,0.0012886042106479,0.8098778913330906,655.4529319459567,0.4012927607578653,0.8111664955437387,CHINA,0.029722975960577956
S1_NO_CN,2040,Oil_pct,401.5623555550503,1165.5607601209788,755.1895825233642,90.09509054506113,1567.123115676029,CHINA,57.422937153341834
S1_NO_CN,2045,Coal,50.868069839120245,202.23995863659567,789.9866732530847,1079.9227136619588,253.1080284757159,CHINA,9.117532378519446
S1_NO_CN,2045,Electricity,252.5898500790477,454.4064456551172,33.77267070501079,52.79242635280159,706.996295734165,CHINA,25.467629994470983
S1_NO_CN,2045,Gas,118.58261178614492,55.84667953296547,17.481855360759024,53.63509121264043,174.42929131911038,CHINA,6.283343602104566
S1_NO_CN,2045,Oil,0.001395748459279,0.6591245146280714,591.0567074074547,0.4014832838577663,0.6605202630873505,CHINA,0.023793456579133773
S1_NO_CN,2045,Oil_pct,473.9250132874971,1166.9393058597084,845.7397948991497,89.30570102055354,1640.8643191472056,CHINA,59.10770056832587
S1_NO_CN,2050,Coal,52.84290588485523,173.272623667996,812.9087593432603,994.1407835106916,226.11552955285123,CHINA,8.204045646931315
S1_NO_CN,2050,Electricity,285.37616081109314,398.00120392182765,30.97420280937026,49.19604891521772,683.3773647329208,CHINA,24.794666272747467
S1_NO_CN,2050,Gas,128.26462689001067,45.77876275404375,16.327896991680113,50.38404111730787,174.04338964405443,CHINA,6.314736170532392
S1_NO_CN,2050,Oil,0.0015416205388707,0.5335290225870958,518.9322091939639,0.3898436704815775,0.5350706431259665,CHINA,0.019413721778504762
S1_NO_CN,2050,Oil_pct,561.9698657715642,1110.1054331962114,892.8778586167492,85.5214912375713,1672.0752989677756,CHINA,60.66713818801032
S2_CAPACITY,2017,Coal,40.61987348288532,114.1545317461356,438.8159570707606,619.8628294971201,154.7744052290209,CHINA,10.581635587949478
S2_CAPACITY,2017,Electricity,95.42360322153014,439.7073954348745,15.578130400896336,34.524101257847406,535.1309986564047,CHINA,36.58590198565854
S2_CAPACITY,2017,Gas,48.7896443863496,48.20982177690723,5.821074657180133,40.60276587727586,96.99946616325684,CHINA,6.6316714423578516
S2_CAPACITY,2017,Oil,0.0006738624209054,1.1055226149303332,559.7313605811903,0.2170016058617421,1.1061964773512387,CHINA,0.07562857692577588
S2_CAPACITY,2017,Oil_pct,131.54331883723336,543.1155765968698,182.84321938439908,55.37699519071775,674.6588954341032,CHINA,46.12516240710836
S2_CAPACITY,2020,Coal,41.67936109560511,129.37419460662142,520.9305940689638,732.3284372353938,171.05355570222653,CHINA,9.959580258150462
S2_CAPACITY,2020,Electricity,118.93197265498594,515.9651566574652,19.494469729799423,40.86660713319963,634.8971293124512,CHINA,36.966837018368864
S2_CAPACITY,2020,Gas,55.8464059753037,53.19782949670005,7.085512005387647,47.61397958807863,109.04423547200376,CHINA,6.349092308625669
S2_CAPACITY,2020,Oil,0.0008270861063155,1.1360247595991253,606.1510874990372,0.2546838986889932,1.1368518457054408,CHINA,0.06619311216564462
S2_CAPACITY,2020,Oil_pct,164.06895979741898,637.2768248409732,231.14757304269344,63.98514882474084,801.3457846383922,CHINA,46.65829730268937
S2_CAPACITY,2025,Coal,42.58286976461825,140.6497055556604,635.6794675367487,877.9539284113669,183.23257532027867,CHINA,9.811650090386646
S2_CAPACITY,2025,Electricity,128.33675343758603,439.6277116669895,17.011940188415405,44.44214421525991,567.9644651045755,CHINA,30.413088860640897
S2_CAPACITY,2025,Gas,61.30624515356406,56.30344485091644,8.015156010390216,56.3165534005285,117.6096900044805,CHINA,6.297707291106863
S2_CAPACITY,2025,Oil,0.0009809370331247,1.2264912176917002,659.3399280422352,0.3260369876230105,1.2274721547248248,CHINA,0.0657280904162462
S2_CAPACITY,2025,Oil_pct,202.50216621272105,794.9637319233628,318.16505704027776,71.95665155285778,997.465898136084,CHINA,53.41182566744934
S2_CAPACITY,2030,Coal,44.03024738958023,156.4418407501552,749.8818222636534,825.0805830619689,200.47208813973543,CHINA,9.46907306093424
S2_CAPACITY,2030,Electricity,150.13879421590045,438.5316439938831,17.577394056792194,44.72167815159326,588.6704382097835,CHINA,27.805184452088145
S2_CAPACITY,2030,Gas,70.55500074534235,60.44559963157395,9.190076439549427,51.85552933236531,131.0006003769163,CHINA,6.187665662117682
S2_CAPACITY,2030,Oil,0.001148611756429,1.1986150072113355,674.4931607895921,0.3122050483214779,1.1997636189677643,CHINA,0.05666948186790919
S2_CAPACITY,2030,Oil_pct,255.8928374453236,939.889009231382,416.9560757207464,69.65997263876129,1195.7818466767058,CHINA,56.48140734299201
S2_CAPACITY,2035,Coal,44.45059236227747,127.77543782222006,778.3319805159573,762.9164470493264,172.22603018449752,CHINA,7.867572887874413
S2_CAPACITY,2035,Electricity,169.63369672306086,453.3442931622481,17.188677757200317,45.435775021582266,622.977989885309,CHINA,28.458675716519753
S2_CAPACITY,2035,Gas,72.66790618071154,53.09594476685509,8.221655511951456,53.11523450889658,125.76385094756662,CHINA,5.7451028914142475
S2_CAPACITY,2035,Oil,0.0012875221036537,1.0707073249749612,630.0930912287279,0.3156500131992985,1.071994847078615,CHINA,0.048970516162869515
S2_CAPACITY,2035,Oil_pct,293.11646218365524,973.9054402887848,463.1817101365895,70.65099987644334,1267.0219024724402,CHINA,57.87967798802871
S2_CAPACITY,2040,Coal,45.4451769366724,117.11275220379338,798.0331322975151,746.4606305134091,162.55792914046577,CHINA,7.101593117853558
S2_CAPACITY,2040,Electricity,195.09110625780397,454.2659813587238,17.982989103775925,46.12209716536127,649.3570876165278,CHINA,28.368162960923353
S2_CAPACITY,2040,Gas,78.64338098520838,48.04342850049765,8.359954425812356,53.1533069517718,126.68680948570604,CHINA,5.534508092737242
S2_CAPACITY,2040,Oil,0.0014199028604736,0.9324698974969032,587.1191841722552,0.3219933514679313,0.9338898003573768,CHINA,0.04079841207450914
S2_CAPACITY,2040,Oil_pct,344.12966609844216,1005.3692956097736,528.3545060114193,72.09618711282488,1349.4989617082158,CHINA,58.95493741641135
S2_CAPACITY,2045,Coal,46.270070991686055,101.2663843727682,786.0413771050027,694.9264126242758,147.53645536445427,CHINA,6.3973790163787765
S2_CAPACITY,2045,Electricity,218.96323224942915,431.2292279346888,17.40000549555284,44.72252207248848,650.1924601841179,CHINA,28.19321903264132
S2_CAPACITY,2045,Gas,83.36615655512195,41.52164697173113,7.996134199873943,51.1435032234553,124.88780352685308,CHINA,5.4153030294153055
S2_CAPACITY,2045,Oil,0.0015505911641088,0.7942536137794014,529.3081905245859,0.3149706052924302,0.7958042049435102,CHINA,0.034507140010076376
S2_CAPACITY,2045,Oil_pct,394.4196999327534,988.3693475665154,567.4776546425376,70.28194715850333,1382.789047499269,CHINA,59.959591781554515
S2_CAPACITY,2050,Coal,46.99917028015711,81.75682004037695,718.8690816867974,615.3099645085748,128.75599032053407,CHINA,5.732981773300086
S2_CAPACITY,2050,Electricity,243.56084975045,386.75330285249095,15.395840497243023,41.641945662853125,630.3141526029409,CHINA,28.065331479567313
S2_CAPACITY,2050,Gas,87.66087826508284,34.39832497403029,7.229240034092448,47.823936586940086,122.05920323911312,CHINA,5.4348010192871605
S2_CAPACITY,2050,Oil,0.0017225759952149,0.6697600027310288,466.1267923247328,0.2968264090940482,0.6714825787262437,CHINA,0.029898394438523917
S2_CAPACITY,2050,Oil_pct,448.5006498716161,915.5802529527024,568.3779516839037,65.71961944718515,1364.0809028243184,CHINA,60.73698733340693
