group,year,fuel,scenario,outcome,baseline,counterfactual,deviation,deviation_pct_baseline
GLOBAL,2025,Coal,S1_NO_CN,modeled_final_demand_Mtoe,591.566665156381,589.3426085832934,-2.2240565730875232,-0.37596042915967764
GLOBAL,2025,Coal,S2_CAPACITY,modeled_final_demand_Mtoe,591.566665156381,296.78817912609264,-294.7784860302883,-49.83013807114427
GLOBAL,2025,Electricity,S1_NO_CN,modeled_final_demand_Mtoe,2126.5074052111486,2099.3024129983132,-27.20499221283535,-1.2793274148102047
GLOBAL,2025,Electricity,S2_CAPACITY,modeled_final_demand_Mtoe,2126.5074052111486,1883.9249961102594,-242.5824091008892,-11.407550639439336
GLOBAL,2025,Gas,S1_NO_CN,modeled_final_demand_Mtoe,1603.8821284983765,1601.975864575089,-1.9062639232874972,-0.11885311828196649
GLOBAL,2025,Gas,S2_CAPACITY,modeled_final_demand_Mtoe,1603.8821284983765,1224.524168432796,-379.3579600655805,-23.65248376579592
GLOBAL,2025,Oil,S1_NO_CN,modeled_final_demand_Mtoe,7.596404084005966,7.571738090321281,-0.02466599368468536,-0.32470618218716113
GLOBAL,2025,Oil,S2_CAPACITY,modeled_final_demand_Mtoe,7.596404084005966,7.699142363735629,0.10273827972966298,1.3524593820117572
GLOBAL,2025,Oil_pct,S1_NO_CN,modeled_final_demand_Mtoe,5309.8054227614675,5309.128237144051,-0.6771856174163986,-0.012753492143299953
GLOBAL,2025,Oil_pct,S2_CAPACITY,modeled_final_demand_Mtoe,5309.8054227614675,4899.04707816646,-410.75834459500766,-7.73584551392817
GLOBAL,2030,Coal,S1_NO_CN,modeled_final_demand_Mtoe,602.7274223821704,599.3558394711002,-3.3715829110701634,-0.5593876744058858
GLOBAL,2030,Coal,S2_CAPACITY,modeled_final_demand_Mtoe,602.7274223821704,322.34506782074067,-280.38235456142974,-46.51893113694239
GLOBAL,2030,Electricity,S1_NO_CN,modeled_final_demand_Mtoe,2123.2287681485063,2080.019225346559,-43.209542801947464,-2.0350865366065554
GLOBAL,2030,Electricity,S2_CAPACITY,modeled_final_demand_Mtoe,2123.2287681485063,1899.8891152411952,-223.33965290731112,-10.518869010147563
GLOBAL,2030,Gas,S1_NO_CN,modeled_final_demand_Mtoe,1678.2592994784663,1676.1573685191438,-2.1019309593225444,-0.12524470801238746
GLOBAL,2030,Gas,S2_CAPACITY,modeled_final_demand_Mtoe,1678.2592994784663,1306.1522768383559,-372.1070226401105,-22.172200848566483
GLOBAL,2030,Oil,S1_NO_CN,modeled_final_demand_Mtoe,7.413151973903572,7.373199527305335,-0.039952446598237046,-0.5389400721701262
GLOBAL,2030,Oil,S2_CAPACITY,modeled_final_demand_Mtoe,7.413151973903572,7.664338863165932,0.2511868892623603,3.3883952486959723
GLOBAL,2030,Oil_pct,S1_NO_CN,modeled_final_demand_Mtoe,6147.457243001311,6149.263818097925,1.8065750966134146,0.02938735521373726
GLOBAL,2030,Oil_pct,S2_CAPACITY,modeled_final_demand_Mtoe,6147.457243001311,5661.188007909571,-486.2692350917405,-7.910087307160093
GLOBAL,2035,Coal,S1_NO_CN,modeled_final_demand_Mtoe,509.0752449571688,506.5202533342467,-2.5549916229221026,-0.5018887970357049
GLOBAL,2035,Coal,S2_CAPACITY,modeled_final_demand_Mtoe,509.0752449571688,293.7002082116842,-215.37503674548464,-42.30711252981969
GLOBAL,2035,Electricity,S1_NO_CN,modeled_final_demand_Mtoe,2255.5470732288854,2209.736653762995,-45.81041946589039,-2.03101145658252
GLOBAL,2035,Electricity,S2_CAPACITY,modeled_final_demand_Mtoe,2255.5470732288854,2030.932944452605,-224.6141287762805,-9.95829931648194
GLOBAL,2035,Gas,S1_NO_CN,modeled_final_demand_Mtoe,1671.0498204308544,1668.9168198380094,-2.1330005928450646,-0.127644344696743
GLOBAL,2035,Gas,S2_CAPACITY,modeled_final_demand_Mtoe,1671.0498204308544,1346.2334420682264,-324.81637836262803,-19.437863215764516
GLOBAL,2035,Oil,S1_NO_CN,modeled_final_demand_Mtoe,7.133431453770405,7.093560339334755,-0.03987111443565006,-0.5589331683362011
GLOBAL,2035,Oil,S2_CAPACITY,modeled_final_demand_Mtoe,7.133431453770405,7.465334053286287,0.33190259951588175,4.652776180255482
GLOBAL,2035,Oil_pct,S1_NO_CN,modeled_final_demand_Mtoe,6997.808518825059,7000.867096414792,3.0585775897334315,0.043707649066210386
GLOBAL,2035,Oil_pct,S2_CAPACITY,modeled_final_demand_Mtoe,6997.808518825059,6396.925374465885,-600.8831443591735,-8.586733157140781
GLOBAL,2040,Coal,S1_NO_CN,modeled_final_demand_Mtoe,474.5160211532265,472.0953140373189,-2.4207071159076463,-0.5101423361901564
GLOBAL,2040,Coal,S2_CAPACITY,modeled_final_demand_Mtoe,474.5160211532265,281.2581346619776,-193.25788649124894,-40.727368071065364
GLOBAL,2040,Electricity,S1_NO_CN,modeled_final_demand_Mtoe,2377.150796975625,2329.0990878570924,-48.05170911853247,-2.021399281007632
GLOBAL,2040,Electricity,S2_CAPACITY,modeled_final_demand_Mtoe,2377.150796975625,2149.885896600971,-227.26490037465373,-9.560390559311417
GLOBAL,2040,Gas,S1_NO_CN,modeled_final_demand_Mtoe,1723.65783981861,1720.4358495365536,-3.2219902820563675,-0.18692748686104868
GLOBAL,2040,Gas,S2_CAPACITY,modeled_final_demand_Mtoe,1723.65783981861,1416.2276501620395,-307.4301896565705,-17.835917463115713
GLOBAL,2040,Oil,S1_NO_CN,modeled_final_demand_Mtoe,6.664043196763282,6.6261197114724695,-0.03792348529081213,-0.5690762225135564
GLOBAL,2040,Oil,S2_CAPACITY,modeled_final_demand_Mtoe,6.664043196763282,7.051366112414379,0.38732291565109733,5.812130927350826
GLOBAL,2040,Oil_pct,S1_NO_CN,modeled_final_demand_Mtoe,7992.360965901574,7995.558280048249,3.197314146675126,0.04000462642160525
GLOBAL,2040,Oil_pct,S2_CAPACITY,modeled_final_demand_Mtoe,7992.360965901574,7256.6615421282395,-735.6994237733343,-9.205032491801928
GLOBAL,2045,Coal,S1_NO_CN,modeled_final_demand_Mtoe,436.69837106345665,434.56909502120766,-2.129276042248989,-0.4875850663385195
GLOBAL,2045,Coal,S2_CAPACITY,modeled_final_demand_Mtoe,436.69837106345665,259.23863085470884,-177.4597402087478,-40.63668471595034
GLOBAL,2045,Electricity,S1_NO_CN,modeled_final_demand_Mtoe,2454.5592309133463,2404.7415474930485,-49.817683420297726,-2.0295979332208036
GLOBAL,2045,Electricity,S2_CAPACITY,modeled_final_demand_Mtoe,2454.5592309133463,2225.7277136272105,-228.83151728613575,-9.32271319445761
GLOBAL,2045,Gas,S1_NO_CN,modeled_final_demand_Mtoe,1768.1527616117837,1763.806279867597,-4.3464817441868036,-0.24582048783074087
GLOBAL,2045,Gas,S2_CAPACITY,modeled_final_demand_Mtoe,1768.1527616117837,1473.98571211667,-294.1670494951138,-16.636970282305352
GLOBAL,2045,Oil,S1_NO_CN,modeled_final_demand_Mtoe,6.1947776106711165,6.1586254556288855,-0.036152155042231016,-0.583590845617369
GLOBAL,2045,Oil,S2_CAPACITY,modeled_final_demand_Mtoe,6.1947776106711165,6.595626380139693,0.4008487694685767,6.470753183747471
GLOBAL,2045,Oil_pct,S1_NO_CN,modeled_final_demand_Mtoe,9045.437541117368,9049.584564862304,4.147023744935723,0.04584657984851275
GLOBAL,2045,Oil_pct,S2_CAPACITY,modeled_final_demand_Mtoe,9045.437541117368,8134.985066602376,-910.452474514992,-10.065322659919945
GLOBAL,2050,Coal,S1_NO_CN,modeled_final_demand_Mtoe,393.2647946548367,391.6243422647476,-1.6404523900890808,-0.4171368534345629
GLOBAL,2050,Coal,S2_CAPACITY,modeled_final_demand_Mtoe,393.2647946548367,228.85648041111185,-164.40831424372485,-41.80600869397014
GLOBAL,2050,Electricity,S1_NO_CN,modeled_final_demand_Mtoe,2478.031642043082,2427.322689066182,-50.70895297689958,-2.0463400110214565
GLOBAL,2050,Electricity,S2_CAPACITY,modeled_final_demand_Mtoe,2478.031642043082,2245.427324128298,-232.60431791478368,-9.386656488494497
GLOBAL,2050,Gas,S1_NO_CN,modeled_final_demand_Mtoe,1807.6062157301142,1802.138163869252,-5.468051860862261,-0.3025023820607769
GLOBAL,2050,Gas,S2_CAPACITY,modeled_final_demand_Mtoe,1807.6062157301142,1518.2894557336704,-289.3167599964438,-16.005519204280077
GLOBAL,2050,Oil,S1_NO_CN,modeled_final_demand_Mtoe,5.728892815022088,5.694984757523206,-0.03390805749888237,-0.5918780223984978
GLOBAL,2050,Oil,S2_CAPACITY,modeled_final_demand_Mtoe,5.728892815022088,6.104883898155387,0.37599108313329843,6.56306716277513
GLOBAL,2050,Oil_pct,S1_NO_CN,modeled_final_demand_Mtoe,10116.912525411697,10123.250355434233,6.337830022535854,0.06264589128962487
GLOBAL,2050,Oil_pct,S2_CAPACITY,modeled_final_demand_Mtoe,10116.912525411697,8977.903390365469,-1139.009135046228,-11.258465783758245
ROW_EX_CHINA,2025,Coal,S1_NO_CN,modeled_final_demand_Mtoe,231.10032456827946,229.78262548957179,-1.317699078707676,-0.5701848671866997
ROW_EX_CHINA,2025,Coal,S2_CAPACITY,modeled_final_demand_Mtoe,231.10032456827946,113.55560380581397,-117.54472076246549,-50.8630703925024
ROW_EX_CHINA,2025,Electricity,S1_NO_CN,modeled_final_demand_Mtoe,1469.9367531999765,1442.8830287842445,-27.05372441573195,-1.8404686022604297
ROW_EX_CHINA,2025,Electricity,S2_CAPACITY,modeled_final_demand_Mtoe,1469.9367531999765,1315.9605310056838,-153.97622219429263,-10.475023626635252
ROW_EX_CHINA,2025,Gas,S1_NO_CN,modeled_final_demand_Mtoe,1425.8036084396492,1424.9670398563062,-0.8365685833430234,-0.058673479179824455
ROW_EX_CHINA,2025,Gas,S2_CAPACITY,modeled_final_demand_Mtoe,1425.8036084396492,1106.9144784283155,-318.8891300113337,-22.365571816746563
ROW_EX_CHINA,2025,Oil,S1_NO_CN,modeled_final_demand_Mtoe,6.385533556659423,6.3682615931278,-0.017271963531623413,-0.2704858314245427
ROW_EX_CHINA,2025,Oil,S2_CAPACITY,modeled_final_demand_Mtoe,6.385533556659423,6.471670209010805,0.08613665235138157,1.3489342994924884
ROW_EX_CHINA,2025,Oil_pct,S1_NO_CN,modeled_final_demand_Mtoe,4182.407452550826,4185.196359523898,2.7889069730717893,0.06668185739222636
ROW_EX_CHINA,2025,Oil_pct,S2_CAPACITY,modeled_final_demand_Mtoe,4182.407452550826,3901.5811800303754,-280.8262725204504,-6.714464712164189
ROW_EX_CHINA,2030,Coal,S1_NO_CN,modeled_final_demand_Mtoe,224.8739630963144,222.91525968992397,-1.9587034063904412,-0.8710227628938619
ROW_EX_CHINA,2030,Coal,S2_CAPACITY,modeled_final_demand_Mtoe,224.8739630963144,121.87297968100525,-103.00098341530916,-45.80387253245207
ROW_EX_CHINA,2030,Electricity,S1_NO_CN,modeled_final_demand_Mtoe,1466.943939462016,1423.8031195668157,-43.140819895200366,-2.940863569130102
ROW_EX_CHINA,2030,Electricity,S2_CAPACITY,modeled_final_demand_Mtoe,1466.943939462016,1311.2186770314117,-155.7252624306043,-10.6156246494133
ROW_EX_CHINA,2030,Gas,S1_NO_CN,modeled_final_demand_Mtoe,1479.6881252278927,1479.3307871691077,-0.3573380587849897,-0.02414955237475834
ROW_EX_CHINA,2030,Gas,S2_CAPACITY,modeled_final_demand_Mtoe,1479.6881252278927,1175.1516764614396,-304.5364487664531,-20.58112406082533
ROW_EX_CHINA,2030,Oil,S1_NO_CN,modeled_final_demand_Mtoe,6.28036778369169,6.251713247470616,-0.028654536221074167,-0.45625570361471124
ROW_EX_CHINA,2030,Oil,S2_CAPACITY,modeled_final_demand_Mtoe,6.28036778369169,6.464575244198168,0.18420746050647807,2.9330680439577423
ROW_EX_CHINA,2030,Oil_pct,S1_NO_CN,modeled_final_demand_Mtoe,4788.228889185295,4796.667250858437,8.438361673142026,0.17623137632791386
ROW_EX_CHINA,2030,Oil_pct,S2_CAPACITY,modeled_final_demand_Mtoe,4788.228889185295,4465.406161232865,-322.8227279524299,-6.742007022294988
ROW_EX_CHINA,2035,Coal,S1_NO_CN,modeled_final_demand_Mtoe,211.22332311418154,209.44141458908288,-1.7819085250986575,-0.8436135265874056
ROW_EX_CHINA,2035,Coal,S2_CAPACITY,modeled_final_demand_Mtoe,211.22332311418154,121.47417802718664,-89.7491450869949,-42.490168113906144
ROW_EX_CHINA,2035,Electricity,S1_NO_CN,modeled_final_demand_Mtoe,1570.5048610115703,1524.709261968382,-45.795599043188304,-2.9159794522183855
ROW_EX_CHINA,2035,Electricity,S2_CAPACITY,modeled_final_demand_Mtoe,1570.5048610115703,1407.954954567296,-162.54990644427426,-10.35016894755582
ROW_EX_CHINA,2035,Gas,S1_NO_CN,modeled_final_demand_Mtoe,1497.0379622756589,1496.143622292233,-0.8943399834258798,-0.0597406349045676
ROW_EX_CHINA,2035,Gas,S2_CAPACITY,modeled_final_demand_Mtoe,1497.0379622756589,1220.4695911206597,-276.5683711549991,-18.474372602721804
ROW_EX_CHINA,2035,Oil,S1_NO_CN,modeled_final_demand_Mtoe,6.147535043943008,6.117602125784276,-0.02993291815873178,-0.4869092724932709
ROW_EX_CHINA,2035,Oil,S2_CAPACITY,modeled_final_demand_Mtoe,6.147535043943008,6.3933392062076715,0.24580416226466362,3.998418236051334
ROW_EX_CHINA,2035,Oil_pct,S1_NO_CN,modeled_final_demand_Mtoe,5539.865800735888,5549.480403501024,9.614602765135714,0.17355299046880449
ROW_EX_CHINA,2035,Oil_pct,S2_CAPACITY,modeled_final_demand_Mtoe,5539.865800735888,5129.903471993445,-409.9623287424429,-7.400221295757482
ROW_EX_CHINA,2040,Coal,S1_NO_CN,modeled_final_demand_Mtoe,197.1242447967111,195.40316243034363,-1.721082366367483,-0.8730952238484864
ROW_EX_CHINA,2040,Coal,S2_CAPACITY,modeled_final_demand_Mtoe,197.1242447967111,118.70020552151182,-78.42403927519929,-39.784065808889146
ROW_EX_CHINA,2040,Electricity,S1_NO_CN,modeled_final_demand_Mtoe,1667.7186581185595,1619.678124004961,-48.04053411359837,-2.8806138181481646
ROW_EX_CHINA,2040,Electricity,S2_CAPACITY,modeled_final_demand_Mtoe,1667.7186581185595,1500.5288089844435,-167.189849134116,-10.025063179585196
ROW_EX_CHINA,2040,Gas,S1_NO_CN,modeled_final_demand_Mtoe,1547.4178108707313,1545.3941525234084,-2.0236583473229075,-0.13077646729322548
ROW_EX_CHINA,2040,Gas,S2_CAPACITY,modeled_final_demand_Mtoe,1547.4178108707313,1289.5408406763336,-257.8769701943977,-16.66498655907873
ROW_EX_CHINA,2040,Oil,S1_NO_CN,modeled_final_demand_Mtoe,5.844298686232848,5.814953215928731,-0.029345470304116716,-0.5021213301990284
ROW_EX_CHINA,2040,Oil,S2_CAPACITY,modeled_final_demand_Mtoe,5.844298686232848,6.117476312057002,0.2731776258241547,4.674258460945314
ROW_EX_CHINA,2040,Oil_pct,S1_NO_CN,modeled_final_demand_Mtoe,6418.461074224205,6428.435164372219,9.974090148014511,0.15539690951884558
ROW_EX_CHINA,2040,Oil_pct,S2_CAPACITY,modeled_final_demand_Mtoe,6418.461074224205,5907.162580420024,-511.2984938041809,-7.966060522786316
ROW_EX_CHINA,2045,Coal,S1_NO_CN,modeled_final_demand_Mtoe,183.03449528372346,181.46106654549175,-1.573428738231712,-0.8596350845193009
ROW_EX_CHINA,2045,Coal,S2_CAPACITY,modeled_final_demand_Mtoe,183.03449528372346,111.70217549025456,-71.3323197934689,-38.97206353528935
ROW_EX_CHINA,2045,Electricity,S1_NO_CN,modeled_final_demand_Mtoe,1747.5990383797596,1697.7452517588833,-49.853786620876235,-2.8527016510089673
ROW_EX_CHINA,2045,Electricity,S2_CAPACITY,modeled_final_demand_Mtoe,1747.5990383797596,1575.5352534430926,-172.06378493666693,-9.845724400042663
ROW_EX_CHINA,2045,Gas,S1_NO_CN,modeled_final_demand_Mtoe,1592.6032692696028,1589.3769885484867,-3.2262807211161544,-0.2025790592905028
ROW_EX_CHINA,2045,Gas,S2_CAPACITY,modeled_final_demand_Mtoe,1592.6032692696028,1349.0979085898168,-243.505360679786,-15.289768982545294
ROW_EX_CHINA,2045,Oil,S1_NO_CN,modeled_final_demand_Mtoe,5.526965558512229,5.4981051925415345,-0.028860365970694524,-0.5221737979938358
ROW_EX_CHINA,2045,Oil,S2_CAPACITY,modeled_final_demand_Mtoe,5.526965558512229,5.799822175196183,0.27285661668395367,4.936824986428943
ROW_EX_CHINA,2045,Oil_pct,S1_NO_CN,modeled_final_demand_Mtoe,7398.009641020212,7408.720245715098,10.71060469488566,0.14477684153718715
ROW_EX_CHINA,2045,Oil_pct,S2_CAPACITY,modeled_final_demand_Mtoe,7398.009641020212,6752.196019103108,-645.8136219171047,-8.729559074054473
ROW_EX_CHINA,2050,Coal,S1_NO_CN,modeled_final_demand_Mtoe,166.81220133813002,165.5088127118964,-1.3033886262336125,-0.7813508938663488
ROW_EX_CHINA,2050,Coal,S2_CAPACITY,modeled_final_demand_Mtoe,166.81220133813002,100.1004900905778,-66.71171124755223,-39.992105321077155
ROW_EX_CHINA,2050,Electricity,S1_NO_CN,modeled_final_demand_Mtoe,1794.7563699281336,1743.9453243332612,-50.81104559487244,-2.8310831735288415
ROW_EX_CHINA,2050,Electricity,S2_CAPACITY,modeled_final_demand_Mtoe,1794.7563699281336,1615.1131715253573,-179.6431984027763,-10.00933616466115
ROW_EX_CHINA,2050,Gas,S1_NO_CN,modeled_final_demand_Mtoe,1632.5327955977598,1628.0947742251974,-4.438021372562389,-0.2718488341875782
ROW_EX_CHINA,2050,Gas,S2_CAPACITY,modeled_final_demand_Mtoe,1632.5327955977598,1396.2302524945571,-236.30254310320265,-14.474597002915297
ROW_EX_CHINA,2050,Oil,S1_NO_CN,modeled_final_demand_Mtoe,5.187651133588499,5.159914114397239,-0.02773701919126026,-0.5346739492883649
ROW_EX_CHINA,2050,Oil,S2_CAPACITY,modeled_final_demand_Mtoe,5.187651133588499,5.433401319429143,0.24575018584064345,4.737214965159936
ROW_EX_CHINA,2050,Oil_pct,S1_NO_CN,modeled_final_demand_Mtoe,8438.9014391982,8451.175056466456,12.273617268256203,0.14544093631957797
ROW_EX_CHINA,2050,Oil_pct,S2_CAPACITY,modeled_final_demand_Mtoe,8438.9014391982,7613.822487541151,-825.0789516570494,-9.777089560788166
CHINA,2025,Coal,S1_NO_CN,modeled_final_demand_Mtoe,360.4663405881015,359.55998309372166,-0.9063574943798471,-0.25144025733474124
CHINA,2025,Coal,S2_CAPACITY,modeled_final_demand_Mtoe,360.4663405881015,183.23257532027867,-177.23376526782283,-49.167909818893385
CHINA,2025,Electricity,S1_NO_CN,modeled_final_demand_Mtoe,656.5706520111721,656.4193842140687,-0.15126779710340088,-0.02303907380569714
CHINA,2025,Electricity,S2_CAPACITY,modeled_final_demand_Mtoe,656.5706520111721,567.9644651045755,-88.60618690659658,-13.495301173633461
CHINA,2025,Gas,S1_NO_CN,modeled_final_demand_Mtoe,178.07852005872726,177.00882471878276,-1.0696953399445022,-0.6006874605605071
CHINA,2025,Gas,S2_CAPACITY,modeled_final_demand_Mtoe,178.07852005872726,117.6096900044805,-60.468830054246766,-33.956273914622145
CHINA,2025,Oil,S1_NO_CN,modeled_final_demand_Mtoe,1.2108705273465432,1.2034764971934806,-0.007394030153062614,-0.610637552576791
CHINA,2025,Oil,S2_CAPACITY,modeled_final_demand_Mtoe,1.2108705273465432,1.2274721547248248,0.016601627378281636,1.371048927473842
CHINA,2025,Oil_pct,S1_NO_CN,modeled_final_demand_Mtoe,1127.3979702106417,1123.9318776201535,-3.466092590488188,-0.3074417980228035
CHINA,2025,Oil_pct,S2_CAPACITY,modeled_final_demand_Mtoe,1127.3979702106417,997.465898136084,-129.9320720745577,-11.52495174798668
CHINA,2030,Coal,S1_NO_CN,modeled_final_demand_Mtoe,377.853459285856,376.44057978117627,-1.4128795046797222,-0.3739226067560869
CHINA,2030,Coal,S2_CAPACITY,modeled_final_demand_Mtoe,377.853459285856,200.47208813973543,-177.38137114612056,-46.9444878131781
CHINA,2030,Electricity,S1_NO_CN,modeled_final_demand_Mtoe,656.2848286864904,656.2161057797433,-0.06872290674709802,-0.010471506233755588
CHINA,2030,Electricity,S2_CAPACITY,modeled_final_demand_Mtoe,656.2848286864904,588.6704382097835,-67.61439047670694,-10.30259843306641
CHINA,2030,Gas,S1_NO_CN,modeled_final_demand_Mtoe,198.5711742505737,196.82658135003624,-1.7445929005374694,-0.8785730895341316
CHINA,2030,Gas,S2_CAPACITY,modeled_final_demand_Mtoe,198.5711742505737,131.0006003769163,-67.5705738736574,-34.02839013702523
CHINA,2030,Oil,S1_NO_CN,modeled_final_demand_Mtoe,1.1327841902118825,1.1214862798347187,-0.011297910377163767,-0.9973577027986718
CHINA,2030,Oil,S2_CAPACITY,modeled_final_demand_Mtoe,1.1327841902118825,1.1997636189677643,0.06697942875588181,5.912814579743878
CHINA,2030,Oil_pct,S1_NO_CN,modeled_final_demand_Mtoe,1359.2283538160168,1352.5965672394875,-6.631786576529294,-0.48790819864157736
CHINA,2030,Oil_pct,S2_CAPACITY,modeled_final_demand_Mtoe,1359.2283538160168,1195.7818466767058,-163.44650713931105,-12.024948323100897
CHINA,2035,Coal,S1_NO_CN,modeled_final_demand_Mtoe,297.8519218429873,297.0788387451638,-0.7730830978234735,-0.2595528318366885
CHINA,2035,Coal,S2_CAPACITY,modeled_final_demand_Mtoe,297.8519218429873,172.22603018449752,-125.62589165848976,-42.17729765890632
CHINA,2035,Electricity,S1_NO_CN,modeled_final_demand_Mtoe,685.0422122173151,685.0273917946131,-0.014820422701973257,-0.002163432039319614
CHINA,2035,Electricity,S2_CAPACITY,modeled_final_demand_Mtoe,685.0422122173151,622.977989885309,-62.064222332006125,-9.05991210835305
CHINA,2035,Gas,S1_NO_CN,modeled_final_demand_Mtoe,174.01185815519543,172.77319754577644,-1.2386606094189858,-0.7118254023322166
CHINA,2035,Gas,S2_CAPACITY,modeled_final_demand_Mtoe,174.01185815519543,125.76385094756662,-48.2480072076288,-27.72685018086411
CHINA,2035,Oil,S1_NO_CN,modeled_final_demand_Mtoe,0.9858964098273976,0.9759582135504784,-0.009938196276919165,-1.0080365622448164
CHINA,2035,Oil,S2_CAPACITY,modeled_final_demand_Mtoe,0.9858964098273976,1.071994847078615,0.08609843725121735,8.73301052656138
CHINA,2035,Oil_pct,S1_NO_CN,modeled_final_demand_Mtoe,1457.9427180891707,1451.386692913768,-6.556025175402738,-0.44967645807067697
CHINA,2035,Oil_pct,S2_CAPACITY,modeled_final_demand_Mtoe,1457.9427180891707,1267.0219024724402,-190.92081561673058,-13.09522063164168
CHINA,2040,Coal,S1_NO_CN,modeled_final_demand_Mtoe,277.3917763565154,276.69215160697524,-0.6996247495401349,-0.2522153896303502
CHINA,2040,Coal,S2_CAPACITY,modeled_final_demand_Mtoe,277.3917763565154,162.55792914046577,-114.8338472160496,-41.39771146944904
CHINA,2040,Electricity,S1_NO_CN,modeled_final_demand_Mtoe,709.4321388570652,709.4209638521315,-0.01117500493364787,-0.0015752042121536004
CHINA,2040,Electricity,S2_CAPACITY,modeled_final_demand_Mtoe,709.4321388570652,649.3570876165278,-60.07505124053739,-8.468047604570279
CHINA,2040,Gas,S1_NO_CN,modeled_final_demand_Mtoe,176.24002894787873,175.04169701314515,-1.1983319347335737,-0.6799431104768876
CHINA,2040,Gas,S2_CAPACITY,modeled_final_demand_Mtoe,176.24002894787873,126.68680948570604,-49.55321946217269,-28.11689248917882
CHINA,2040,Oil,S1_NO_CN,modeled_final_demand_Mtoe,0.819744510530434,0.8111664955437387,-0.008578014986695304,-1.0464254260323997
CHINA,2040,Oil,S2_CAPACITY,modeled_final_demand_Mtoe,0.819744510530434,0.9338898003573768,0.11414528982694283,13.924495786264256
CHINA,2040,Oil_pct,S1_NO_CN,modeled_final_demand_Mtoe,1573.8998916773694,1567.123115676029,-6.776776001340295,-0.43057223888096263
CHINA,2040,Oil_pct,S2_CAPACITY,modeled_final_demand_Mtoe,1573.8998916773694,1349.4989617082158,-224.4009299691536,-14.257636788449128
CHINA,2045,Coal,S1_NO_CN,modeled_final_demand_Mtoe,253.6638757797332,253.1080284757159,-0.5558473040172771,-0.21912749787831132
CHINA,2045,Coal,S2_CAPACITY,modeled_final_demand_Mtoe,253.6638757797332,147.53645536445427,-106.12742041527892,-41.837813953230665
CHINA,2045,Electricity,S1_NO_CN,modeled_final_demand_Mtoe,706.9601925335869,706.996295734165,0.036103200578054384,0.005106822273637304
CHINA,2045,Electricity,S2_CAPACITY,modeled_final_demand_Mtoe,706.9601925335869,650.1924601841179,-56.76773234946904,-8.029834345555754
CHINA,2045,Gas,S1_NO_CN,modeled_final_demand_Mtoe,175.54949234218097,174.42929131911038,-1.1202010230705923,-0.6381112289901113
CHINA,2045,Gas,S2_CAPACITY,modeled_final_demand_Mtoe,175.54949234218097,124.88780352685308,-50.66168881532789,-28.858920717684647
CHINA,2045,Oil,S1_NO_CN,modeled_final_demand_Mtoe,0.6678120521588881,0.6605202630873505,-0.007291789071537602,-1.0918924041524658
CHINA,2045,Oil,S2_CAPACITY,modeled_final_demand_Mtoe,0.6678120521588881,0.7958042049435102,0.12799215278462217,19.165894411586606
CHINA,2045,Oil_pct,S1_NO_CN,modeled_final_demand_Mtoe,1647.427900097155,1640.8643191472056,-6.563580949949483,-0.39841385165095256
CHINA,2045,Oil_pct,S2_CAPACITY,modeled_final_demand_Mtoe,1647.427900097155,1382.789047499269,-264.63885259788617,-16.063759305173807
CHINA,2050,Coal,S1_NO_CN,modeled_final_demand_Mtoe,226.45259331670664,226.11552955285123,-0.3370637638554115,-0.1488451772261265
CHINA,2050,Coal,S2_CAPACITY,modeled_final_demand_Mtoe,226.45259331670664,128.75599032053407,-97.69660299617257,-43.14218776003965
CHINA,2050,Electricity,S1_NO_CN,modeled_final_demand_Mtoe,683.275272114948,683.3773647329208,0.10209261797274394,0.014941652674878127
CHINA,2050,Electricity,S2_CAPACITY,modeled_final_demand_Mtoe,683.275272114948,630.3141526029409,-52.961119512007144,-7.751066323251552
CHINA,2050,Gas,S1_NO_CN,modeled_final_demand_Mtoe,175.07342013235422,174.04338964405443,-1.0300304882997864,-0.5883420153219666
CHINA,2050,Gas,S2_CAPACITY,modeled_final_demand_Mtoe,175.07342013235422,122.05920323911312,-53.0142168932411,-30.281133968344676
CHINA,2050,Oil,S1_NO_CN,modeled_final_demand_Mtoe,0.5412416814335895,0.5350706431259665,-0.006171038307623,-1.140163169118413
CHINA,2050,Oil,S2_CAPACITY,modeled_final_demand_Mtoe,0.5412416814335895,0.6714825787262437,0.1302408972926542,24.063353167421344
CHINA,2050,Oil_pct,S1_NO_CN,modeled_final_demand_Mtoe,1678.0110862134966,1672.0752989677756,-5.935787245721031,-0.35373945348092944
CHINA,2050,Oil_pct,S2_CAPACITY,modeled_final_demand_Mtoe,1678.0110862134966,1364.0809028243184,-313.9301833891782,-18.7084689707012
GLOBAL,2025,Coal,S1_NO_CN,final_energy_share_pct,6.136992355491679,6.134307546151437,-0.002684809340242289,-0.043747966181508946
GLOBAL,2025,Coal,S2_CAPACITY,final_energy_share_pct,6.136992355491679,3.5706059430193418,-2.5663864124723372,-41.81830877100263
GLOBAL,2025,Electricity,S1_NO_CN,final_energy_share_pct,22.06067457541306,21.85107006714825,-0.20960450826481036,-0.9501273750641225
GLOBAL,2025,Electricity,S2_CAPACITY,final_energy_share_pct,22.06067457541306,22.665167484504398,0.6044929090913378,2.740137918380129
GLOBAL,2025,Gas,S1_NO_CN,final_energy_share_pct,16.638889480194514,16.674532761916467,0.035643281721952746,0.21421671058263478
GLOBAL,2025,Gas,S2_CAPACITY,final_energy_share_pct,16.638889480194514,14.732033081814077,-1.9068563983804374,-11.460238380994078
GLOBAL,2025,Oil,S1_NO_CN,final_energy_share_pct,0.07880612032195324,0.07881217042255577,6.050100602533748e-06,0.00767719636218198
GLOBAL,2025,Oil,S2_CAPACITY,final_energy_share_pct,0.07880612032195324,0.09262701621423687,0.013820895892283636,17.537845837125307
GLOBAL,2025,Oil_pct,S1_NO_CN,final_energy_share_pct,55.08463746857879,55.261277454361284,0.17663998578249362,0.32067014307437725
GLOBAL,2025,Oil_pct,S2_CAPACITY,final_energy_share_pct,55.08463746857879,58.93956647444795,3.8549290058691597,6.998192568786672
GLOBAL,2030,Coal,S1_NO_CN,final_energy_share_pct,5.708140164285285,5.7015427906391825,-0.006597373646102689,-0.11557833998858619
GLOBAL,2030,Coal,S2_CAPACITY,final_energy_share_pct,5.708140164285285,3.504802632577771,-2.2033375317075143,-38.59991990899883
GLOBAL,2030,Electricity,S1_NO_CN,final_energy_share_pct,20.108073665428396,19.786774129256486,-0.3212995361719102,-1.5978633334943326
GLOBAL,2030,Electricity,S2_CAPACITY,final_energy_share_pct,20.108073665428396,20.657168473898235,0.5490948084698388,2.7307181065976094
GLOBAL,2030,Gas,S1_NO_CN,final_energy_share_pct,15.893982848127507,15.944923417932047,0.0509405698045402,0.3205022321421568
GLOBAL,2030,Gas,S2_CAPACITY,final_energy_share_pct,15.893982848127507,14.201569669917465,-1.6924131782100424,-10.648137690732618
GLOBAL,2030,Oil,S1_NO_CN,final_energy_share_pct,0.07020638012278611,0.07013965634496663,-6.672377781948013e-05,-0.09503947889463159
GLOBAL,2030,Oil,S2_CAPACITY,final_energy_share_pct,0.07020638012278611,0.08333304184300504,0.013126661720218924,18.697249021045238
GLOBAL,2030,Oil_pct,S1_NO_CN,final_energy_share_pct,58.21959694203603,58.49662000582733,0.2770230637913045,0.4758244274124935
GLOBAL,2030,Oil_pct,S2_CAPACITY,final_energy_share_pct,58.21959694203603,61.55312618176352,3.33352923972749,5.725785499762876
GLOBAL,2035,Coal,S1_NO_CN,final_energy_share_pct,4.449719578001301,4.445837609529037,-0.0038819684722639636,-0.08724074414612086
GLOBAL,2035,Coal,S2_CAPACITY,final_energy_share_pct,4.449719578001301,2.9150640958508864,-1.5346554821504146,-34.488813401579385
GLOBAL,2035,Electricity,S1_NO_CN,final_energy_share_pct,19.715262272661743,19.395335641142744,-0.31992663151899947,-1.622735863689864
GLOBAL,2035,Electricity,S2_CAPACITY,final_energy_share_pct,19.715262272661743,20.1576285679289,0.4423662952671563,2.2437758582626897
GLOBAL,2035,Gas,S1_NO_CN,final_energy_share_pct,14.606294797171559,14.648443208282185,0.042148411110625617,0.28856333311023863
GLOBAL,2035,Gas,S2_CAPACITY,final_energy_share_pct,14.606294797171559,13.361777288146707,-1.2445175090248526,-8.5204189447542
GLOBAL,2035,Oil,S1_NO_CN,final_energy_share_pct,0.06235182306074038,0.062261710434049,-9.011262669137571e-05,-0.14452284194415935
GLOBAL,2035,Oil,S2_CAPACITY,final_energy_share_pct,0.06235182306074038,0.07409571615483136,0.011743893094090983,18.834883276228513
GLOBAL,2035,Oil_pct,S1_NO_CN,final_energy_share_pct,61.16637152910466,61.44812183061197,0.2817503015073086,0.4606294185249226
GLOBAL,2035,Oil_pct,S2_CAPACITY,final_energy_share_pct,61.16637152910466,63.491434331918676,2.325062802814017,3.80121093452092
GLOBAL,2040,Coal,S1_NO_CN,final_energy_share_pct,3.773682406787314,3.7695808121244836,-0.004101594662830443,-0.10868945026887661
GLOBAL,2040,Coal,S2_CAPACITY,final_energy_share_pct,3.773682406787314,2.5313292540637677,-1.2423531527235463,-32.921507927881265
GLOBAL,2040,Electricity,S1_NO_CN,final_energy_share_pct,18.904761358796456,18.597361528627033,-0.3073998301694232,-1.6260444886620529
GLOBAL,2040,Electricity,S2_CAPACITY,final_energy_share_pct,18.904761358796456,19.34901925416505,0.44425789536859384,2.3499788594891675
GLOBAL,2040,Gas,S1_NO_CN,final_energy_share_pct,13.70772950855568,13.73731484738147,0.02958533882578962,0.2158296077211323
GLOBAL,2040,Gas,S2_CAPACITY,final_energy_share_pct,13.70772950855568,12.746079275458534,-0.9616502330971457,-7.015386702056906
GLOBAL,2040,Oil,S1_NO_CN,final_energy_share_pct,0.0529971201153095,0.05290815854450944,-8.896157080005851e-05,-0.1678611415233482
GLOBAL,2040,Oil,S2_CAPACITY,final_energy_share_pct,0.0529971201153095,0.06346244649215266,0.010465326376843158,19.7469718242671
GLOBAL,2040,Oil_pct,S1_NO_CN,final_energy_share_pct,63.56082960574523,63.84283465332252,0.28200504757728595,0.44367741787907006
GLOBAL,2040,Oil_pct,S2_CAPACITY,final_energy_share_pct,63.56082960574523,65.31010976982049,1.7492801640752518,2.7521355132173024
GLOBAL,2045,Coal,S1_NO_CN,final_energy_share_pct,3.1850121189300524,3.1815912267609536,-0.0034208921690987992,-0.1074059388586561
GLOBAL,2045,Coal,S2_CAPACITY,final_energy_share_pct,3.1850121189300524,2.1423736972546363,-1.042638421675416,-32.73577564991093
GLOBAL,2045,Electricity,S1_NO_CN,final_energy_share_pct,17.902061045138712,17.605726448996712,-0.29633459614199964,-1.6553099411001564
GLOBAL,2045,Electricity,S2_CAPACITY,final_energy_share_pct,17.902061045138712,18.393634062965205,0.491573017826493,2.7459018075462276
GLOBAL,2045,Gas,S1_NO_CN,final_energy_share_pct,12.895830044291246,12.91327581741348,0.017445773122233277,0.13528228165472922
GLOBAL,2045,Gas,S2_CAPACITY,final_energy_share_pct,12.895830044291246,12.181163777005573,-0.7146662672856738,-5.54183999658125
GLOBAL,2045,Oil,S1_NO_CN,final_energy_share_pct,0.045180937396253826,0.04508886835953972,-9.206903671410416e-05,-0.2037785004472662
GLOBAL,2045,Oil,S2_CAPACITY,final_energy_share_pct,0.045180937396253826,0.05450690904801708,0.009325971651763257,20.641385923383957
GLOBAL,2045,Oil_pct,S1_NO_CN,final_energy_share_pct,65.97191585424373,66.25431763846932,0.28240178422558415,0.42806363976076384
GLOBAL,2045,Oil_pct,S2_CAPACITY,final_energy_share_pct,65.97191585424373,67.22832155372656,1.2564056994828263,1.9044553780409976
GLOBAL,2050,Coal,S1_NO_CN,final_energy_share_pct,2.6569173646857265,2.655074790015283,-0.0018425746704435753,-0.06935009326725991
GLOBAL,2050,Coal,S2_CAPACITY,final_energy_share_pct,2.6569173646857265,1.763611470417063,-0.8933058942686636,-33.621892277945506
GLOBAL,2050,Electricity,S1_NO_CN,final_energy_share_pct,16.741710393282403,16.456390942662434,-0.2853194506199692,-1.7042431383501497
GLOBAL,2050,Electricity,S2_CAPACITY,final_energy_share_pct,16.741710393282403,17.30368909679467,0.561978703512267,3.3567580032788076
GLOBAL,2050,Gas,S1_NO_CN,final_energy_share_pct,12.21228141538178,12.217860563373849,0.005579147992069267,0.045684731642706346
GLOBAL,2050,Gas,S2_CAPACITY,final_energy_share_pct,12.21228141538178,11.700226686764905,-0.5120547286168744,-4.192948976527221
GLOBAL,2050,Oil,S1_NO_CN,final_energy_share_pct,0.03870469721047602,0.03860998622245821,-9.471098801781125e-05,-0.24470153455218419
GLOBAL,2050,Oil,S2_CAPACITY,final_energy_share_pct,0.03870469721047602,0.047045393903683015,0.008340696693206993,21.549572259538195
GLOBAL,2050,Oil_pct,S1_NO_CN,final_energy_share_pct,68.35038612943961,68.63206371772598,0.2816775882863709,0.4121082619093615
GLOBAL,2050,Oil_pct,S2_CAPACITY,final_energy_share_pct,68.35038612943961,69.18542735211967,0.8350412226800614,1.2217066646831944
ROW_EX_CHINA,2025,Coal,S1_NO_CN,final_energy_share_pct,3.1589925756238206,3.152372141290852,-0.00662043433296855,-0.20957422895054392
ROW_EX_CHINA,2025,Coal,S2_CAPACITY,final_energy_share_pct,3.1589925756238206,1.7620590455283505,-1.3969335300954702,-44.220855119281545
ROW_EX_CHINA,2025,Electricity,S1_NO_CN,final_energy_share_pct,20.093088569520226,19.794813700077786,-0.29827486944244086,-1.4844650109933941
ROW_EX_CHINA,2025,Electricity,S2_CAPACITY,final_energy_share_pct,20.093088569520226,20.419953569020922,0.32686499950069603,1.626753390200682
ROW_EX_CHINA,2025,Gas,S1_NO_CN,final_energy_share_pct,19.48981690862035,19.54902547192182,0.05920856330146762,0.3037923012774925
ROW_EX_CHINA,2025,Gas,S2_CAPACITY,final_energy_share_pct,19.48981690862035,17.17615515194018,-2.3136617566801725,-11.871131306815096
ROW_EX_CHINA,2025,Oil,S1_NO_CN,final_energy_share_pct,0.08728613053472382,0.0873657457427722,7.96152080483753e-05,0.09121175100860164
ROW_EX_CHINA,2025,Oil,S2_CAPACITY,final_energy_share_pct,0.08728613053472382,0.10042186073850096,0.013135730203777132,15.04904630702071
ROW_EX_CHINA,2025,Oil_pct,S1_NO_CN,final_energy_share_pct,57.17081581570088,57.416422940966775,0.24560712526589867,0.4296022747998767
ROW_EX_CHINA,2025,Oil_pct,S2_CAPACITY,final_energy_share_pct,57.17081581570088,60.54141037277204,3.370594557071165,5.895655867386617
ROW_EX_CHINA,2030,Coal,S1_NO_CN,final_energy_share_pct,2.8229165405527414,2.811403148810162,-0.011513391742579593,-0.4078544858547328
ROW_EX_CHINA,2030,Coal,S2_CAPACITY,final_energy_share_pct,2.8229165405527414,1.7213420360473672,-1.1015745045053742,-39.022567216588
ROW_EX_CHINA,2030,Electricity,S1_NO_CN,final_energy_share_pct,18.415027928321308,17.956978715606574,-0.45804921271473376,-2.487366375427968
ROW_EX_CHINA,2030,Electricity,S2_CAPACITY,final_energy_share_pct,18.415027928321308,18.519739429792274,0.10471150147096608,0.5686198352701138
ROW_EX_CHINA,2030,Gas,S1_NO_CN,final_energy_share_pct,18.575009867977705,18.65729263651229,0.08228276853458638,0.4429756383410452
ROW_EX_CHINA,2030,Gas,S2_CAPACITY,final_energy_share_pct,18.575009867977705,16.597920102710713,-1.9770897652669923,-10.643815423621316
ROW_EX_CHINA,2030,Oil,S1_NO_CN,final_energy_share_pct,0.07883951460287314,0.07884649231212568,6.977709252536934e-06,0.008850522847184863
ROW_EX_CHINA,2030,Oil,S2_CAPACITY,final_energy_share_pct,0.07883951460287314,0.09130608886527304,0.012466574262399902,15.812596418427953
ROW_EX_CHINA,2030,Oil_pct,S1_NO_CN,final_energy_share_pct,60.10820614854537,60.49547900675884,0.38727285821347124,0.6442928229406881
ROW_EX_CHINA,2030,Oil_pct,S2_CAPACITY,final_energy_share_pct,60.10820614854537,63.06969234258437,2.961486194038997,4.9269249305498795
ROW_EX_CHINA,2035,Coal,S1_NO_CN,final_energy_share_pct,2.3935252267853038,2.3838377176825882,-0.009687509102715541,-0.404738124098514
ROW_EX_CHINA,2035,Coal,S2_CAPACITY,final_energy_share_pct,2.3935252267853038,1.5403394132111015,-0.8531858135742023,-35.64557431968658
ROW_EX_CHINA,2035,Electricity,S1_NO_CN,final_energy_share_pct,17.796533773820542,17.354062730674794,-0.4424710431457477,-2.486276534347612
ROW_EX_CHINA,2035,Electricity,S2_CAPACITY,final_energy_share_pct,17.796533773820542,17.85341167783393,0.05687790401338688,0.3196010230770708
ROW_EX_CHINA,2035,Gas,S1_NO_CN,final_energy_share_pct,16.96402686660259,17.028931956403927,0.06490508980133569,0.3826042620170309
ROW_EX_CHINA,2035,Gas,S2_CAPACITY,final_energy_share_pct,16.96402686660259,15.476024982099888,-1.4880018845027028,-8.771513368869751
ROW_EX_CHINA,2035,Oil,S1_NO_CN,final_energy_share_pct,0.06966219446452963,0.0696298328476812,-3.236161684842809e-05,-0.04645506375040463
ROW_EX_CHINA,2035,Oil,S2_CAPACITY,final_energy_share_pct,0.06966219446452963,0.08107000616332989,0.011407811698800258,16.37590056771589
ROW_EX_CHINA,2035,Oil_pct,S1_NO_CN,final_energy_share_pct,62.77625193832702,63.163537762391016,0.38728582406399426,0.61693046670654
ROW_EX_CHINA,2035,Oil_pct,S2_CAPACITY,final_energy_share_pct,62.77625193832702,65.04915392069175,2.272901982364729,3.6206398314408537
ROW_EX_CHINA,2040,Coal,S1_NO_CN,final_energy_share_pct,2.0039945145421605,1.9949835378463951,-0.009010976695765338,-0.4496507665253773
ROW_EX_CHINA,2040,Coal,S2_CAPACITY,final_energy_share_pct,2.0039945145421605,1.3454946039378515,-0.658499910604309,-32.85936692070997
ROW_EX_CHINA,2040,Electricity,S1_NO_CN,final_energy_share_pct,16.954276964336994,16.53622773455206,-0.4180492297849341,-2.465744960190829
ROW_EX_CHINA,2040,Electricity,S2_CAPACITY,final_energy_share_pct,16.954276964336994,17.008845154661238,0.054568190324243204,0.3218550129800662
ROW_EX_CHINA,2040,Gas,S1_NO_CN,final_energy_share_pct,15.731280583409609,15.7778198439716,0.04653926056199076,0.2958389834523173
ROW_EX_CHINA,2040,Gas,S2_CAPACITY,final_energy_share_pct,15.731280583409609,14.617247165364375,-1.1140334180452331,-7.081644829475012
ROW_EX_CHINA,2040,Oil,S1_NO_CN,final_energy_share_pct,0.059414013332732316,0.059368209781457085,-4.5803551275230836e-05,-0.07709216850698215
ROW_EX_CHINA,2040,Oil,S2_CAPACITY,final_energy_share_pct,0.059414013332732316,0.06934302540949375,0.009929012076761431,16.71156604277286
ROW_EX_CHINA,2040,Oil_pct,S1_NO_CN,final_energy_share_pct,65.25103392437852,65.63160067384847,0.3805667494699492,0.5832348187938293
ROW_EX_CHINA,2040,Oil_pct,S2_CAPACITY,final_energy_share_pct,65.25103392437852,66.95907005062705,1.7080361262485297,2.6176384089607327
ROW_EX_CHINA,2045,Coal,S1_NO_CN,final_energy_share_pct,1.6751010424027921,1.6674113178943426,-0.007689724508449514,-0.459060338080815
ROW_EX_CHINA,2045,Coal,S2_CAPACITY,final_energy_share_pct,1.6751010424027921,1.1404778279503056,-0.5346232144524865,-31.915878560114454
ROW_EX_CHINA,2045,Electricity,S1_NO_CN,final_energy_share_pct,15.993733674924256,15.600259061491073,-0.3934746134331828,-2.460179851875933
ROW_EX_CHINA,2045,Electricity,S2_CAPACITY,final_energy_share_pct,15.993733674924256,16.086195419378196,0.0924617444539404,0.5781123178192367
ROW_EX_CHINA,2045,Gas,S1_NO_CN,final_energy_share_pct,14.575238357951433,14.604483647968586,0.029245290017152925,0.20065050943882737
ROW_EX_CHINA,2045,Gas,S2_CAPACITY,final_energy_share_pct,14.575238357951433,13.774272933610417,-0.8009654243410154,-5.495384738624556
ROW_EX_CHINA,2045,Oil,S1_NO_CN,final_energy_share_pct,0.050581863020065725,0.05052104564104454,-6.081737902118717e-05,-0.12023554568771228
ROW_EX_CHINA,2045,Oil,S2_CAPACITY,final_energy_share_pct,0.050581863020065725,0.05921611255854947,0.008634249538483747,17.06985275544034
ROW_EX_CHINA,2045,Oil_pct,S1_NO_CN,final_energy_share_pct,67.70534506170145,68.07732492700495,0.37197986530350136,0.5494098951338443
ROW_EX_CHINA,2045,Oil_pct,S2_CAPACITY,final_energy_share_pct,67.70534506170145,68.93983770650252,1.2344926448010654,1.823331147158387
ROW_EX_CHINA,2050,Coal,S1_NO_CN,final_energy_share_pct,1.3856916613112586,1.3799434306875313,-0.005748230623727313,-0.4148275395038353
ROW_EX_CHINA,2050,Coal,S2_CAPACITY,final_energy_share_pct,1.3856916613112586,0.932842143835413,-0.4528495174758457,-32.680395655070996
ROW_EX_CHINA,2050,Electricity,S1_NO_CN,final_energy_share_pct,14.908855083409321,14.540288546332752,-0.3685665370765694,-2.472131729865111
ROW_EX_CHINA,2050,Electricity,S2_CAPACITY,final_energy_share_pct,14.908855083409321,15.051331238230812,0.142476154821491,0.9556478617867812
ROW_EX_CHINA,2050,Gas,S1_NO_CN,final_energy_share_pct,13.561280670899468,13.574374991980557,0.013094321081089433,0.0965566704123154
ROW_EX_CHINA,2050,Gas,S2_CAPACITY,final_energy_share_pct,13.561280670899468,13.011548902970658,-0.5497317679288098,-4.053686235610875
ROW_EX_CHINA,2050,Oil,S1_NO_CN,final_energy_share_pct,0.04309328010745658,0.0430212111875209,-7.20689199356847e-05,-0.16723934626460324
ROW_EX_CHINA,2050,Oil,S2_CAPACITY,final_energy_share_pct,0.04309328010745658,0.0506341750230005,0.007540894915543918,17.499004245534536
ROW_EX_CHINA,2050,Oil_pct,S1_NO_CN,final_energy_share_pct,70.1010793042725,70.46237181981164,0.3612925155391338,0.5153879499785587
ROW_EX_CHINA,2050,Oil_pct,S2_CAPACITY,final_energy_share_pct,70.1010793042725,70.95364353994012,0.8525642356676144,1.2161927378708026
CHINA,2025,Coal,S1_NO_CN,final_energy_share_pct,15.512439763403984,15.51082053809562,-0.0016192253083637809,-0.01043823752459468
CHINA,2025,Coal,S2_CAPACITY,final_energy_share_pct,15.512439763403984,9.811650090386646,-5.700789673017338,-36.74979410051473
CHINA,2025,Electricity,S1_NO_CN,final_energy_share_pct,28.255100526516063,28.31684209868748,0.0617415721714174,0.21851478501545546
CHINA,2025,Electricity,S2_CAPACITY,final_energy_share_pct,28.255100526516063,30.413088860640897,2.157988334124834,7.637517807093502
CHINA,2025,Gas,S1_NO_CN,final_energy_share_pct,7.663495878866862,7.635866734248393,-0.027629144618469326,-0.3605292552536039
CHINA,2025,Gas,S2_CAPACITY,final_energy_share_pct,7.663495878866862,6.297707291106863,-1.3657885877599991,-17.82200459618368
CHINA,2025,Oil,S1_NO_CN,final_energy_share_pct,0.052109043208026194,0.05191597743767377,-0.0001930657703524269,-0.3705033876398052
CHINA,2025,Oil,S2_CAPACITY,final_energy_share_pct,0.052109043208026194,0.0657280904162462,0.013619047208219999,26.13566929995425
CHINA,2025,Oil_pct,S1_NO_CN,final_energy_share_pct,48.51685478800506,48.484554651530836,-0.032300136474226804,-0.06657508326820155
CHINA,2025,Oil_pct,S2_CAPACITY,final_energy_share_pct,48.51685478800506,53.41182566744934,4.89497087944428,10.08921724384837
CHINA,2030,Coal,S1_NO_CN,final_energy_share_pct,14.57166107442139,14.572638098468973,0.0009770240475823755,0.006704960008282179
CHINA,2030,Coal,S2_CAPACITY,final_energy_share_pct,14.57166107442139,9.46907306093424,-5.10258801348715,-35.01720213932277
CHINA,2030,Electricity,S1_NO_CN,final_energy_share_pct,25.30917702851957,25.40321192118464,0.09403489266506782,0.37154464785285146
CHINA,2030,Electricity,S2_CAPACITY,final_energy_share_pct,25.30917702851957,27.805184452088145,2.4960074235685745,9.862064739426161
CHINA,2030,Gas,S1_NO_CN,final_energy_share_pct,7.657761968880679,7.619482840665755,-0.0382791282149233,-0.49987357103133473
CHINA,2030,Gas,S2_CAPACITY,final_energy_share_pct,7.657761968880679,6.187665662117682,-1.4700963067629962,-19.197466736849716
CHINA,2030,Oil,S1_NO_CN,final_energy_share_pct,0.0436850500758359,0.043414590685015415,-0.00027045939082048776,-0.6191120082293109
CHINA,2030,Oil,S2_CAPACITY,final_energy_share_pct,0.0436850500758359,0.05666948186790919,0.012984431792073287,29.7228268470168
CHINA,2030,Oil_pct,S1_NO_CN,final_energy_share_pct,52.417714878102515,52.36125254899562,-0.05646232910689264,-0.10771612085379129
CHINA,2030,Oil_pct,S2_CAPACITY,final_energy_share_pct,52.417714878102515,56.48140734299201,4.063692464889492,7.752517396722875
CHINA,2035,Coal,S1_NO_CN,final_energy_share_pct,11.386496725689057,11.39437112931424,0.007874403625184101,0.06915563069911285
CHINA,2035,Coal,S2_CAPACITY,final_energy_share_pct,11.386496725689057,7.867572887874413,-3.5189238378146435,-30.90435910700791
CHINA,2035,Electricity,S1_NO_CN,final_energy_share_pct,26.188284628504565,26.274023315910245,0.08573868740568003,0.327393292924417
CHINA,2035,Electricity,S2_CAPACITY,final_energy_share_pct,26.188284628504565,28.458675716519753,2.270391088015188,8.669491416570244
CHINA,2035,Gas,S1_NO_CN,final_energy_share_pct,6.6522500202623815,6.626664969979957,-0.02558505028242486,-0.38460746671418283
CHINA,2035,Gas,S2_CAPACITY,final_energy_share_pct,6.6522500202623815,5.7451028914142475,-0.9071471288481341,-13.63669624690916
CHINA,2035,Oil,S1_NO_CN,final_energy_share_pct,0.03768955450381817,0.03743258906917922,-0.0002569654346389477,-0.6817948315438848
CHINA,2035,Oil,S2_CAPACITY,final_energy_share_pct,0.03768955450381817,0.048970516162869515,0.011280961659051347,29.931268245445885
CHINA,2035,Oil_pct,S1_NO_CN,final_energy_share_pct,55.73527907104019,55.667507995726375,-0.06777107531381432,-0.12159457428648254
CHINA,2035,Oil_pct,S2_CAPACITY,final_energy_share_pct,55.73527907104019,57.87967798802871,2.1443989169885214,3.847471391065021
CHINA,2040,Coal,S1_NO_CN,final_energy_share_pct,10.131983344027448,10.138626553087542,0.00664320906009408,0.06556671911635234
CHINA,2040,Coal,S2_CAPACITY,final_energy_share_pct,10.131983344027448,7.101593117853558,-3.03039022617389,-29.909151281424375
CHINA,2040,Electricity,S1_NO_CN,final_energy_share_pct,25.912644956638136,25.994789442545425,0.08214448590728907,0.31700540815014644
CHINA,2040,Electricity,S2_CAPACITY,final_energy_share_pct,25.912644956638136,28.368162960923353,2.455518004285217,9.47613803374471
CHINA,2040,Gas,S1_NO_CN,final_energy_share_pct,6.437325076125607,6.41392387506462,-0.02340120106098631,-0.36352368078746533
CHINA,2040,Gas,S2_CAPACITY,final_energy_share_pct,6.437325076125607,5.534508092737242,-0.902816983388365,-14.024722578275291
CHINA,2040,Oil,S1_NO_CN,final_energy_share_pct,0.029941903239328698,0.029722975960577956,-0.00021892727875074194,-0.7311735563395345
CHINA,2040,Oil,S2_CAPACITY,final_energy_share_pct,0.029941903239328698,0.04079841207450914,0.010856508835180443,36.258579651411125
CHINA,2040,Oil_pct,S1_NO_CN,final_energy_share_pct,57.48810471996948,57.422937153341834,-0.06516756662764323,-0.11335834942738364
CHINA,2040,Oil_pct,S2_CAPACITY,final_energy_share_pct,57.48810471996948,58.95493741641135,1.4668326964418696,2.55154123376821
CHINA,2045,Coal,S1_NO_CN,final_energy_share_pct,9.110608598722116,9.117532378519446,0.006923779797329388,0.07599689661018409
CHINA,2045,Coal,S2_CAPACITY,final_energy_share_pct,9.110608598722116,6.3973790163787765,-2.71322958234334,-29.780991609319123
CHINA,2045,Electricity,S1_NO_CN,final_energy_share_pct,25.391229197505382,25.467629994470983,0.07640079696560065,0.30089444024674006
CHINA,2045,Electricity,S2_CAPACITY,final_energy_share_pct,25.391229197505382,28.19321903264132,2.801989835135938,11.03526660068598
CHINA,2045,Gas,S1_NO_CN,final_energy_share_pct,6.30504721855929,6.283343602104566,-0.021703616454724184,-0.34422607321382576
CHINA,2045,Gas,S2_CAPACITY,final_energy_share_pct,6.30504721855929,5.4153030294153055,-0.8897441891439843,-14.111618173531962
CHINA,2045,Oil,S1_NO_CN,final_energy_share_pct,0.023985181989461386,0.023793456579133773,-0.0001917254103276124,-0.7993494083632667
CHINA,2045,Oil,S2_CAPACITY,final_energy_share_pct,0.023985181989461386,0.034507140010076376,0.01052195802061499,43.86857696238507
CHINA,2045,Oil_pct,S1_NO_CN,final_energy_share_pct,59.169129803223754,59.10770056832587,-0.06142923489788643,-0.10381973691717118
CHINA,2045,Oil_pct,S2_CAPACITY,final_energy_share_pct,59.169129803223754,59.959591781554515,0.7904619783307609,1.3359364603798747
CHINA,2050,Coal,S1_NO_CN,final_energy_share_pct,8.194846733106006,8.204045646931315,0.009198913825308352,0.11225242063583762
CHINA,2050,Coal,S2_CAPACITY,final_energy_share_pct,8.194846733106006,5.732981773300086,-2.4618649598059203,-30.041622985581157
CHINA,2050,Electricity,S1_NO_CN,final_energy_share_pct,24.72630606474139,24.794666272747467,0.06836020800607656,0.2764675314909054
CHINA,2050,Electricity,S2_CAPACITY,final_energy_share_pct,24.72630606474139,28.065331479567313,3.3390254148259224,13.503939513177926
CHINA,2050,Gas,S1_NO_CN,final_energy_share_pct,6.335541686726502,6.314736170532392,-0.02080551619411075,-0.32839364371479196
CHINA,2050,Gas,S2_CAPACITY,final_energy_share_pct,6.335541686726502,5.4348010192871605,-0.9007406674393419,-14.21726368443712
CHINA,2050,Oil,S1_NO_CN,final_energy_share_pct,0.019586406849903933,0.019413721778504762,-0.0001726850713991701,-0.8816577370341774
CHINA,2050,Oil,S2_CAPACITY,final_energy_share_pct,0.019586406849903933,0.029898394438523917,0.010311987588619984,52.64869492216518
CHINA,2050,Oil_pct,S1_NO_CN,final_energy_share_pct,60.72371910857619,60.66713818801032,-0.05658092056587094,-0.09317762712244654
CHINA,2050,Oil_pct,S2_CAPACITY,final_energy_share_pct,60.72371910857619,60.73698733340693,0.013268224830738973,0.021850151844314592
