grid,scenario,year,region,household,government,investment,capital,labor,carbon_revenue,walras,foreign_saving,max_absolute_gap
fiveyear_2050,A,2017,Australia_Oceania,-1.4210854715202004e-13,5.684341886080802e-14,-1.1368683772161603e-13,1.1368683772161603e-13,0.0,-1.056932319443149e-13,-8.936573186721886e-12,-28.861806758880604,8.936573186721886e-12
fiveyear_2050,A,2017,China,-9.094947017729282e-13,2.8421709430404007e-13,-9.094947017729282e-13,9.094947017729282e-13,9.094947017729282e-13,-1.2441191596029224e-12,1.6565142867190745e-11,-291.5860937271117,1.6565142867190745e-11
fiveyear_2050,A,2017,Japan,3.410605131648481e-13,-2.2737367544323206e-13,0.0,0.0,2.2737367544323206e-13,3.659295089164516e-13,-8.565242435317325e-12,-6.197278839111336,8.565242435317325e-12
fiveyear_2050,A,2017,South Korea,2.2737367544323206e-13,-2.842170943040401e-14,5.684341886080802e-14,0.0,0.0,-1.0658141036401503e-14,-2.9965691767215215e-13,-133.1521340675354,2.9965691767215215e-13
fiveyear_2050,A,2017,Rest of World,-7.105427357601002e-15,1.7763568394002505e-15,-3.552713678800501e-15,-7.105427357601002e-15,-7.105427357601002e-15,1.8972243610084653e-22,-8.251066068474508e-14,-5.164942010045053,8.251066068474508e-14
fiveyear_2050,A,2017,Southeast Asia,-3.410605131648481e-13,-2.4868995751603507e-14,0.0,2.2737367544323206e-13,-2.2737367544323206e-13,-1.0140891581264373e-13,-9.020150470780418e-12,-35.062517150878925,9.020150470780418e-12
fiveyear_2050,A,2017,"Central, Western and South Asia",-1.1368683772161603e-12,0.0,-2.2737367544323206e-13,4.547473508864641e-13,-2.2737367544323206e-13,-2.668025088944036e-13,2.417568348173162e-11,9.855717460632334,2.417568348173162e-11
fiveyear_2050,A,2017,India,-2.2737367544323206e-13,-4.973799150320701e-14,1.1368683772161603e-13,0.0,0.0,-5.961268705793105e-13,5.422145675055593e-12,108.4770244293213,5.422145675055593e-12
fiveyear_2050,A,2017,Canada,1.4210854715202004e-13,-2.842170943040401e-14,0.0,5.684341886080802e-14,-1.1368683772161603e-13,-2.6359188130418656e-13,1.4723980138154128e-12,32.964850512623784,1.4723980138154128e-12
fiveyear_2050,A,2017,United States,-1.1226575225009583e-12,-4.547473508864641e-13,-4.547473508864641e-13,9.094947017729282e-13,0.0,-1.3500311979441904e-13,4.9605977478979394e-11,618.4464428100584,4.9605977478979394e-11
fiveyear_2050,A,2017,Rest of America,-1.1368683772161603e-13,-1.4210854715202004e-13,0.0,4.547473508864641e-13,0.0,-2.741479897212789e-13,-1.8562533637974544e-12,-25.203875717163097,1.8562533637974544e-12
fiveyear_2050,A,2017,Brazil,0.0,5.684341886080802e-14,5.684341886080802e-14,0.0,-1.1368683772161603e-13,-8.908376833801952e-13,6.032389224282352e-14,-33.710240165710445,8.908376833801952e-13
fiveyear_2050,A,2017,"EU, UK and EFTA",-4.547473508864641e-13,4.547473508864641e-13,-4.547473508864641e-13,0.0,0.0,-5.687894599759602e-12,-1.1386071970794585e-11,-173.0840643920898,1.1386071970794585e-11
fiveyear_2050,A,2017,Eastern Europe,1.5987211554602254e-14,0.0,1.4210854715202004e-14,-1.4210854715202004e-14,0.0,-5.46680756219331e-14,-4.887909105521618e-14,22.509004647254944,5.46680756219331e-14
fiveyear_2050,A,2017,Russia,2.2737367544323206e-13,1.0658141036401503e-14,-5.684341886080802e-14,0.0,-5.684341886080802e-14,4.679825598312157e-13,6.916310841756481e-13,-121.9565746383667,6.916310841756481e-13
fiveyear_2050,A,2017,North Africa,-7.105427357601002e-14,3.597122599785507e-14,0.0,5.684341886080802e-14,0.0,2.809119466735604e-14,-1.4623484198919222e-13,34.642320316314695,1.4623484198919222e-13
fiveyear_2050,A,2017,Sub Saharan,3.410605131648481e-13,1.7763568394002505e-14,-5.684341886080802e-14,0.0,0.0,1.3456857316767245e-13,4.659638105566881e-13,55.19547505187988,4.659638105566881e-13
fiveyear_2050,A,2017,South Africa,7.105427357601002e-15,-3.552713678800501e-15,-2.1316282072803006e-14,0.0,-2.842170943040401e-14,6.500212676211423e-14,2.08716556411469e-12,-28.11130776119232,2.08716556411469e-12
fiveyear_2050,A,2020,Australia_Oceania,-1.1368683772161603e-13,1.4210854715202004e-13,0.0,0.0,0.0,1.0658141036401503e-14,1.2819933456893516e-12,-30.668134611991917,1.2819933456893516e-12
fiveyear_2050,A,2020,China,9.094947017729282e-13,-3.979039320256561e-13,-9.094947017729282e-13,0.0,0.0,1.8142809007894057e-12,2.158605459143774e-13,-337.49973840306603,1.8142809007894057e-12
fiveyear_2050,A,2020,Japan,3.410605131648481e-13,1.1368683772161603e-13,2.2737367544323206e-13,-4.547473508864641e-13,-2.2737367544323206e-13,-7.105427357601002e-13,5.713768605311052e-12,-6.3161059961414985,5.713768605311052e-12
fiveyear_2050,A,2020,South Korea,0.0,5.684341886080802e-14,1.1368683772161603e-13,0.0,0.0,-1.4210854715202004e-14,1.9938347952932015e-12,-144.5247457790073,1.9938347952932015e-12
fiveyear_2050,A,2020,Rest of World,-7.105427357601002e-15,-1.1546319456101628e-14,-3.552713678800501e-15,-7.105427357601002e-15,-7.105427357601002e-15,8.554469250476132e-22,-1.6114501245430062e-13,-5.624007921373759,1.6114501245430062e-13
fiveyear_2050,A,2020,Southeast Asia,1.1368683772161603e-13,1.1368683772161603e-13,3.410605131648481e-13,0.0,-2.2737367544323206e-13,7.567280135845067e-13,1.1786139464578591e-11,-40.61403439133689,1.1786139464578591e-11
fiveyear_2050,A,2020,"Central, Western and South Asia",-9.094947017729282e-13,-2.2737367544323206e-13,-2.2737367544323206e-13,0.0,0.0,1.0249578963339445e-12,-1.1361504506625884e-11,11.13973840136869,1.1361504506625884e-11
fiveyear_2050,A,2020,India,-3.410605131648481e-13,7.105427357601002e-14,0.0,0.0,0.0,5.959154591358827e-13,-2.7741490668576142e-12,128.09877636923886,2.7741490668576142e-12
fiveyear_2050,A,2020,Canada,7.105427357601002e-14,-5.684341886080802e-14,5.684341886080802e-14,5.684341886080802e-14,0.0,-1.2795716661534953e-13,-2.345332364127869e-12,35.562492490786134,2.345332364127869e-12
fiveyear_2050,A,2020,United States,-1.3642420526593924e-12,0.0,-9.094947017729282e-13,-9.094947017729282e-13,1.8189894035458565e-12,-2.3803181647963356e-13,-1.1421330515794135e-10,668.5440850776498,1.1421330515794135e-10
fiveyear_2050,A,2020,Rest of America,-9.094947017729282e-13,-2.842170943040401e-14,0.0,0.0,2.2737367544323206e-13,8.064660050877137e-13,1.3171717723630053e-11,-26.116300059689756,1.3171717723630053e-11
fiveyear_2050,A,2020,Brazil,1.4210854715202004e-14,-5.684341886080802e-14,0.0,0.0,-1.1368683772161603e-13,9.90393559811471e-15,5.600025949398687e-13,-35.1900613816153,5.600025949398687e-13
fiveyear_2050,A,2020,"EU, UK and EFTA",-1.0231815394945443e-12,-4.547473508864641e-13,1.8189894035458565e-12,9.094947017729282e-13,0.0,-1.8047785488306545e-12,-3.133112131530626e-11,-182.73479130989983,3.133112131530626e-11
fiveyear_2050,A,2020,Eastern Europe,-1.9539925233402755e-14,1.4210854715202004e-14,1.4210854715202004e-14,-2.842170943040401e-14,0.0,-5.745404152435185e-15,2.451642408197793e-13,23.569278929799566,2.451642408197793e-13
fiveyear_2050,A,2020,Russia,1.1368683772161603e-13,5.861977570020827e-14,0.0,0.0,5.684341886080802e-14,-1.2178086788024e-13,2.557802970076115e-12,-130.47551672837125,2.557802970076115e-12
fiveyear_2050,A,2020,North Africa,-5.684341886080802e-14,-1.0658141036401503e-14,0.0,0.0,2.842170943040401e-14,-4.881515569919289e-13,1.3435474961811669e-12,40.12609547840733,1.3435474961811669e-12
fiveyear_2050,A,2020,Sub Saharan,2.8421709430404007e-13,-7.105427357601002e-15,-5.684341886080802e-14,0.0,1.1368683772161603e-13,-4.4962866636826844e-13,-1.8827013617126137e-12,61.67765504326446,1.8827013617126137e-12
fiveyear_2050,A,2020,South Africa,-2.842170943040401e-14,3.197442310920451e-14,-1.4210854715202004e-14,-2.842170943040401e-14,0.0,-6.115356138471904e-15,-6.96790353013159e-13,-28.95468520802149,6.96790353013159e-13
fiveyear_2050,A,2025,Australia_Oceania,-5.684341886080802e-14,5.684341886080802e-14,1.1368683772161603e-13,-1.1368683772161603e-13,1.1368683772161603e-13,-7.815970093361102e-14,1.4996320500077618e-12,-31.183587982940413,1.4996320500077618e-12
fiveyear_2050,A,2025,China,0.0,1.1368683772161603e-13,-9.094947017729282e-13,-1.8189894035458565e-12,0.0,1.2448708730516955e-11,-1.6689551331710052e-11,-421.45630597828637,1.6689551331710052e-11
fiveyear_2050,A,2025,Japan,1.1368683772161603e-13,0.0,-2.2737367544323206e-13,0.0,0.0,3.8191672047105385e-13,5.242458973865155e-12,-6.443694854242664,5.242458973865155e-12
fiveyear_2050,A,2025,South Korea,1.1368683772161603e-13,0.0,2.2737367544323206e-13,1.1368683772161603e-13,0.0,3.694822225952521e-13,1.566488832073815e-12,-159.28775048622288,1.566488832073815e-12
fiveyear_2050,A,2025,Rest of World,0.0,0.0,-7.105427357601002e-15,-1.4210854715202004e-14,0.0,-4.593172768169266e-15,2.0976968742845538e-13,-6.2032122280852855,2.0976968742845538e-13
fiveyear_2050,A,2025,Southeast Asia,6.821210263296962e-13,4.618527782440651e-14,-2.2737367544323206e-13,2.2737367544323206e-13,2.2737367544323206e-13,-4.618527782440651e-13,-1.5120028834777322e-12,-46.65626740873011,1.5120028834777322e-12
fiveyear_2050,A,2025,"Central, Western and South Asia",-4.547473508864641e-13,2.2737367544323206e-13,-4.547473508864641e-13,0.0,-2.2737367544323206e-13,5.293543381412746e-13,-1.039166271886942e-11,12.643992193623268,1.039166271886942e-11
fiveyear_2050,A,2025,India,-6.821210263296962e-13,1.4210854715202004e-14,2.2737367544323206e-13,0.0,2.2737367544323206e-13,-3.014145779388768e-12,7.963534855785373e-12,163.12730119612667,7.963534855785373e-12
fiveyear_2050,A,2025,Canada,3.836930773104541e-13,1.7053025658242404e-13,0.0,0.0,1.1368683772161603e-13,1.829647544582258e-13,5.237964047063333e-12,37.73861513312361,5.237964047063333e-12
fiveyear_2050,A,2025,United States,-8.952838470577262e-13,9.094947017729282e-13,9.094947017729282e-13,0.0,-1.8189894035458565e-12,-7.815970093361102e-13,-1.9238558775232362e-11,742.5938200367258,1.9238558775232362e-11
fiveyear_2050,A,2025,Rest of America,-1.3642420526593924e-12,-1.4210854715202004e-13,-2.2737367544323206e-13,2.2737367544323206e-13,0.0,3.552713678800501e-15,-6.767864938393108e-12,-27.717640041287726,6.767864938393108e-12
fiveyear_2050,A,2025,Brazil,5.115907697472721e-13,-5.684341886080802e-14,0.0,-1.1368683772161603e-13,-1.1368683772161603e-13,-4.812189145384719e-13,-6.038830081507556e-13,-38.6163411193312,6.038830081507556e-13
fiveyear_2050,A,2025,"EU, UK and EFTA",-4.547473508864641e-13,0.0,-2.7284841053187847e-12,0.0,0.0,2.2737367544323206e-13,3.570915726822781e-12,-186.23387720258836,3.570915726822781e-12
fiveyear_2050,A,2025,Eastern Europe,-7.460698725481052e-14,-1.4210854715202004e-14,0.0,1.4210854715202004e-14,1.4210854715202004e-14,6.405986852087153e-14,2.3420939856943205e-13,25.45201041825383,2.3420939856943205e-13
fiveyear_2050,A,2025,Russia,2.2737367544323206e-13,-6.750155989720952e-14,-5.684341886080802e-14,0.0,5.684341886080802e-14,4.503822649458047e-13,-2.6116172575207643e-12,-142.12720504694087,2.6116172575207643e-12
fiveyear_2050,A,2025,North Africa,1.9895196601282805e-13,-9.325873406851315e-15,5.684341886080802e-14,-5.684341886080802e-14,-5.684341886080802e-14,-3.552637418123834e-14,-8.749387116218395e-13,48.89596455119807,8.749387116218395e-13
fiveyear_2050,A,2025,Sub Saharan,-5.684341886080802e-14,-1.7763568394002505e-14,-5.684341886080802e-14,0.0,1.1368683772161603e-13,-1.6956904177822416e-12,3.0283709981668237e-12,64.9591646647352,3.0283709981668237e-12
fiveyear_2050,A,2025,South Africa,5.684341886080802e-14,2.1316282072803006e-14,-1.4210854715202004e-14,0.0,-2.842170943040401e-14,7.996275465039725e-15,-1.349950723832031e-12,-29.484985845130584,1.349950723832031e-12
fiveyear_2050,A,2030,Australia_Oceania,1.7053025658242404e-13,5.684341886080802e-14,1.1368683772161603e-13,0.0,0.0,-2.948752353404416e-13,-1.1176371747194586e-12,-33.016117435630846,1.1176371747194586e-12
fiveyear_2050,A,2030,China,-2.7284841053187847e-12,-7.958078640513122e-13,0.0,0.0,-9.094947017729282e-13,9.663381206337363e-13,2.9081731587474284e-12,-526.4617027308459,2.9081731587474284e-12
fiveyear_2050,A,2030,Japan,9.094947017729282e-13,2.2737367544323206e-13,2.2737367544323206e-13,0.0,2.2737367544323206e-13,1.758593271006248e-13,2.4678268613191076e-11,-6.667107037601094,2.4678268613191076e-11
fiveyear_2050,A,2030,South Korea,2.2737367544323206e-13,1.7053025658242404e-13,-2.2737367544323206e-13,1.1368683772161603e-13,0.0,7.212008767965017e-13,-1.6020040078566323e-12,-177.23064312131322,1.6020040078566323e-12
fiveyear_2050,A,2030,Rest of World,7.105427357601002e-15,-1.5987211554602254e-14,7.105427357601002e-15,-7.105427357601002e-15,1.4210854715202004e-14,6.905174506621964e-21,-8.224255350284344e-14,-6.988478037015903,8.224255350284344e-14
fiveyear_2050,A,2030,Southeast Asia,0.0,-7.105427357601002e-14,-2.2737367544323206e-13,0.0,0.0,-8.419931418757187e-13,7.037218916829768e-12,-57.13709471625482,7.037218916829768e-12
fiveyear_2050,A,2030,"Central, Western and South Asia",-1.3642420526593924e-12,-2.2737367544323206e-13,-4.547473508864641e-13,4.547473508864641e-13,0.0,-2.119193709404499e-12,-1.6229905863026842e-11,14.829554176016126,1.6229905863026842e-11
fiveyear_2050,A,2030,India,0.0,0.0,-4.547473508864641e-13,0.0,-2.2737367544323206e-13,-7.131243580111665e-13,-4.483486589812272e-11,223.25310555467584,4.483486589812272e-11
fiveyear_2050,A,2030,Canada,3.979039320256561e-13,-5.684341886080802e-14,-1.1368683772161603e-13,1.1368683772161603e-13,0.0,-6.039613253960852e-14,-1.9027670512515573e-13,41.33401564151006,3.979039320256561e-13
fiveyear_2050,A,2030,United States,-5.400124791776761e-13,-9.094947017729282e-13,0.0,0.0,-1.8189894035458565e-12,-5.258016244624741e-13,-8.12490967097907e-11,822.0785803303459,8.12490967097907e-11
fiveyear_2050,A,2030,Rest of America,-5.684341886080801e-13,-5.684341886080802e-14,0.0,0.0,2.2737367544323206e-13,4.760636329592671e-13,-3.507813775525416e-11,-30.467613425493276,3.507813775525416e-11
fiveyear_2050,A,2030,Brazil,5.684341886080801e-13,1.7053025658242404e-13,1.1368683772161603e-13,-1.1368683772161603e-13,0.0,1.1673634026017455e-13,1.3071656112231464e-13,-42.72087218466595,5.684341886080801e-13
fiveyear_2050,A,2030,"EU, UK and EFTA",-2.0463630789890885e-12,-9.094947017729282e-13,0.0,0.0,9.094947017729282e-13,-5.684341886080801e-13,2.011143501611237e-12,-199.418898794901,2.0463630789890885e-12
fiveyear_2050,A,2030,Eastern Europe,-9.237055564881302e-14,-1.4210854715202004e-14,0.0,0.0,-1.4210854715202004e-14,-3.11972669919669e-14,1.0074517082700264e-12,27.42748892219175,1.0074517082700264e-12
fiveyear_2050,A,2030,Russia,3.410605131648481e-13,-1.3145040611561853e-13,1.1368683772161603e-13,0.0,5.684341886080802e-14,-1.7582528193591041e-13,2.421337952670341e-12,-152.07297648535337,2.421337952670341e-12
fiveyear_2050,A,2030,North Africa,-2.842170943040401e-14,-4.085620730620576e-14,-5.684341886080802e-14,0.0,5.684341886080802e-14,-4.799079701151856e-14,2.71172104350457e-13,62.60989583368706,2.71172104350457e-13
fiveyear_2050,A,2030,Sub Saharan,5.684341886080802e-14,-1.4210854715202004e-14,-5.684341886080802e-14,-1.1368683772161603e-13,-1.1368683772161603e-13,-2.8402033864628036e-13,-1.672655334108583e-13,72.19033523024162,2.8402033864628036e-13
fiveyear_2050,A,2030,South Africa,4.263256414560601e-14,-7.105427357601002e-15,-1.4210854715202004e-14,0.0,0.0,-8.082152175172931e-15,-1.2996365016723313e-13,-31.54147171959301,1.2996365016723313e-13
fiveyear_2050,A,2035,Australia_Oceania,3.410605131648481e-13,5.684341886080802e-14,3.410605131648481e-13,1.1368683772161603e-13,2.2737367544323206e-13,6.0111915445304476e-12,-7.315748007385992e-10,-37.33417386939203,7.315748007385992e-10
fiveyear_2050,A,2035,China,3.637978807091713e-12,2.2737367544323206e-13,-1.8189894035458565e-12,0.0,0.0,-3.6624214772018604e-10,-1.0712037692428567e-6,-624.085680524258,1.0712037692428567e-6
fiveyear_2050,A,2035,Japan,4.547473508864641e-13,0.0,4.547473508864641e-13,9.094947017729282e-13,0.0,-3.1816327350497886e-11,-6.548361852765083e-10,-6.89669440486052,6.548361852765083e-10
fiveyear_2050,A,2035,South Korea,3.410605131648481e-13,1.1368683772161603e-13,6.821210263296962e-13,1.1368683772161603e-13,0.0,-3.1546356638045836e-9,1.7746515368344262e-9,-189.33531574542312,3.1546356638045836e-9
fiveyear_2050,A,2035,Rest of World,2.842170943040401e-14,-1.7763568394002505e-15,-1.4210854715202004e-14,-7.105427357601002e-15,-7.105427357601002e-15,-7.066940127550593e-11,-3.616520416471758e-10,-8.038856745901082,3.616520416471758e-10
fiveyear_2050,A,2035,Southeast Asia,-1.5916157281026244e-12,1.4210854715202004e-14,2.2737367544323206e-13,-4.547473508864641e-13,2.2737367544323206e-13,-4.533262654149439e-12,-3.2208390621235594e-8,-68.5400780436142,3.2208390621235594e-8
fiveyear_2050,A,2035,"Central, Western and South Asia",-2.7284841053187847e-12,-9.094947017729282e-13,0.0,4.547473508864641e-13,6.821210263296962e-13,3.12141423819412e-11,-1.4219949662219733e-9,17.528202880808454,1.4219949662219733e-9
fiveyear_2050,A,2035,India,-4.547473508864641e-13,-4.263256414560601e-14,0.0,-2.2737367544323206e-13,0.0,8.178011924839662e-13,2.1002506400691345e-9,278.71102632849386,2.1002506400691345e-9
fiveyear_2050,A,2035,Canada,5.400124791776761e-13,5.684341886080802e-14,0.0,1.1368683772161603e-13,4.547473508864641e-13,-3.5065284009760944e-12,-3.937998371839058e-9,45.887137827140904,3.937998371839058e-9
fiveyear_2050,A,2035,United States,6.721734280290548e-12,9.094947017729282e-13,-4.547473508864641e-11,0.0,1.8189894035458565e-12,-1.0036671937996289e-8,-2.953829607577063e-7,896.826396826642,2.953829607577063e-7
fiveyear_2050,A,2035,Rest of America,2.2737367544323206e-13,-2.8421709430404007e-13,-6.821210263296962e-13,2.2737367544323206e-13,2.2737367544323206e-13,2.305711177541525e-12,-1.1341398931108415e-9,-34.95980425816595,1.1341398931108415e-9
fiveyear_2050,A,2035,Brazil,-2.2737367544323206e-13,1.1368683772161603e-13,4.547473508864641e-13,1.1368683772161603e-13,1.1368683772161603e-13,1.7032427288860792e-11,4.497906047618017e-9,-47.68229741854434,4.497906047618017e-9
fiveyear_2050,A,2035,"EU, UK and EFTA",0.0,0.0,9.094947017729282e-13,0.0,0.0,-1.068883648258634e-9,-5.216224963078275e-8,-219.51126421909964,5.216224963078275e-8
fiveyear_2050,A,2035,Eastern Europe,-8.526512829121202e-14,-4.263256414560601e-14,2.842170943040401e-14,0.0,1.4210854715202004e-14,-1.1205036898331855e-11,1.475513045079424e-10,31.116549903696974,1.475513045079424e-10
fiveyear_2050,A,2035,Russia,3.410605131648481e-13,-5.3290705182007514e-14,-2.2737367544323206e-13,0.0,0.0,-3.820407877367982e-11,6.306208888418041e-10,-165.8853857355119,6.306208888418041e-10
fiveyear_2050,A,2035,North Africa,-1.1567635738174431e-11,1.7497114868092467e-13,1.1368683772161603e-13,-5.684341886080802e-14,0.0,-7.14279840400021e-10,-4.586581781040877e-9,75.23745621998401,4.586581781040877e-9
fiveyear_2050,A,2035,Sub Saharan,2.8421709430404007e-13,-2.1316282072803006e-14,-1.1368683772161603e-13,-2.2737367544323206e-13,3.410605131648481e-13,5.377032154152339e-12,-5.248921297607012e-10,94.11598293121345,5.248921297607012e-10
fiveyear_2050,A,2035,South Africa,-2.4158453015843406e-13,-4.973799150320701e-14,-2.842170943040401e-14,-2.842170943040401e-14,2.842170943040401e-14,-2.4710622063380035e-12,1.8900436771218665e-11,-37.1532019532015,1.8900436771218665e-11
fiveyear_2050,A,2040,Australia_Oceania,2.2737367544323206e-13,1.1368683772161603e-13,-2.2737367544323206e-13,0.0,3.410605131648481e-13,-7.302105586859398e-10,-9.459654393140227e-9,-41.759174862380604,9.459654393140227e-9
fiveyear_2050,A,2040,China,1.8189894035458565e-12,-3.410605131648481e-13,-1.8189894035458565e-12,-1.8189894035458565e-12,9.094947017729282e-13,-4.5343995225266553e-10,9.583754945197143e-7,-732.2612882912882,9.583754945197143e-7
fiveyear_2050,A,2040,Japan,2.0463630789890885e-12,4.547473508864641e-13,1.3642420526593924e-12,4.547473508864641e-13,-4.547473508864641e-13,-6.312710354450246e-10,-1.421904016751796e-8,-7.097636845529475,1.421904016751796e-8
fiveyear_2050,A,2040,South Korea,4.547473508864641e-13,0.0,-2.2737367544323206e-13,-5.684341886080801e-13,0.0,1.3031353773840237e-11,-1.5897285265964456e-8,-200.06428285424232,1.5897285265964456e-8
fiveyear_2050,A,2040,Rest of World,-1.4210854715202004e-14,-5.329070518200751e-15,2.842170943040401e-14,7.105427357601002e-15,-1.4210854715202004e-14,-5.37972484999971e-10,9.300009651269647e-10,-9.028765054398802,9.300009651269647e-10
fiveyear_2050,A,2040,Southeast Asia,-2.2737367544323206e-13,2.7000623958883807e-13,4.547473508864641e-13,4.547473508864641e-13,2.2737367544323206e-13,-4.281019982954604e-12,3.505738277453929e-8,-80.38979495617997,3.505738277453929e-8
fiveyear_2050,A,2040,"Central, Western and South Asia",-4.547473508864641e-13,-2.2737367544323206e-13,-4.547473508864641e-13,4.547473508864641e-13,0.0,-4.722444657545566e-10,-7.726157491561025e-10,20.37810385652849,7.726157491561025e-10
fiveyear_2050,A,2040,India,-9.094947017729282e-13,-4.121147867408581e-13,0.0,0.0,2.2737367544323206e-13,-1.9052307298660592e-10,-5.557240001508035e-8,335.9137923115391,5.557240001508035e-8
fiveyear_2050,A,2040,Canada,-6.536993168992922e-13,-1.1368683772161603e-13,0.0,-1.1368683772161603e-13,2.2737367544323206e-13,2.1660895299646654e-11,-1.342414179816842e-9,50.530505468586504,1.342414179816842e-9
fiveyear_2050,A,2040,United States,6.565414878423326e-12,-9.094947017729282e-13,3.637978807091713e-12,0.0,0.0,1.4402331771634636e-8,-3.109726094407961e-7,972.2888857754607,3.109726094407961e-7
fiveyear_2050,A,2040,Rest of America,-9.094947017729282e-13,-4.547473508864641e-13,-6.821210263296962e-13,0.0,-2.2737367544323206e-13,-2.9249136446196644e-10,-8.77889760886319e-9,-39.75783535407282,8.77889760886319e-9
fiveyear_2050,A,2040,Brazil,1.0231815394945443e-12,1.1368683772161603e-13,2.2737367544323206e-13,1.1368683772161603e-13,1.1368683772161603e-13,-1.3727127807530737e-11,1.3228600437287241e-9,-52.87813054030295,1.3228600437287241e-9
fiveyear_2050,A,2040,"EU, UK and EFTA",-9.094947017729282e-12,0.0,-1.8189894035458565e-12,-9.094947017729282e-13,-1.8189894035458565e-12,5.9117155615240335e-12,-1.636544766370207e-8,-239.91107398851904,1.636544766370207e-8
fiveyear_2050,A,2040,Eastern Europe,-1.4210854715202004e-14,0.0,-5.684341886080802e-14,0.0,1.4210854715202004e-14,2.8646640615193064e-11,3.3801939025579486e-10,34.30062583903879,3.3801939025579486e-10
fiveyear_2050,A,2040,Russia,-4.547473508864641e-13,9.947598300641403e-14,3.410605131648481e-13,1.1368683772161603e-13,-5.684341886080802e-14,-1.5990971050569554e-10,1.3785779628960881e-8,-178.69539763136285,1.3785779628960881e-8
fiveyear_2050,A,2040,North Africa,-2.2737367544323206e-13,5.417888360170764e-14,5.684341886080802e-14,1.1368683772161603e-13,0.0,-1.2712087744672574e-10,7.411642855004175e-9,89.75774304707643,7.411642855004175e-9
fiveyear_2050,A,2040,Sub Saharan,1.1368683772161603e-13,4.263256414560601e-14,2.2737367544323206e-13,2.2737367544323206e-13,-1.1368683772161603e-13,-1.2517793964660807e-11,3.861964614770841e-8,121.92419964644577,3.861964614770841e-8
fiveyear_2050,A,2040,South Africa,1.7053025658242404e-13,-2.842170943040401e-14,0.0,-2.842170943040401e-14,0.0,2.9592706493511214e-12,-6.59383658785373e-12,-43.25047556639559,6.59383658785373e-12
fiveyear_2050,A,2045,Australia_Oceania,-5.684341886080801e-13,-2.2737367544323206e-13,9.094947017729282e-13,0.0,1.1368683772161603e-13,-3.424815986363683e-10,-2.258366293972358e-8,-46.355617450602615,2.258366293972358e-8
fiveyear_2050,A,2045,China,9.094947017729282e-13,-1.8189894035458565e-12,9.094947017729282e-13,1.8189894035458565e-12,0.0,1.1516476661199704e-10,-3.441073204157874e-8,-851.7843518660989,3.441073204157874e-8
fiveyear_2050,A,2045,Japan,-1.5916157281026244e-12,-6.821210263296962e-13,-1.3642420526593924e-12,0.0,2.2737367544323206e-13,1.8319568084734783e-11,1.6379999578930438e-8,-7.29890124226195,1.6379999578930438e-8
fiveyear_2050,A,2045,South Korea,-9.094947017729282e-13,-2.2737367544323206e-13,-2.2737367544323206e-13,3.410605131648481e-13,2.2737367544323206e-13,5.880096409782709e-11,-1.5930186236801092e-7,-209.1426108341453,1.5930186236801092e-7
fiveyear_2050,A,2045,Rest of World,-4.263256414560601e-14,-1.5987211554602254e-14,-2.842170943040401e-14,2.1316282072803006e-14,0.0,-7.69229683006058e-19,-2.489599637556239e-9,-9.95510114658723,2.489599637556239e-9
fiveyear_2050,A,2045,Southeast Asia,-8.640199666842818e-12,1.3500311979441904e-13,2.2737367544323206e-13,0.0,0.0,-1.0956568985420745e-11,7.45253601053264e-8,-92.44935599396523,7.45253601053264e-8
fiveyear_2050,A,2045,"Central, Western and South Asia",-1.8189894035458565e-12,-3.410605131648481e-13,-9.094947017729282e-13,-4.547473508864641e-13,-4.547473508864641e-13,6.250999717849481e-11,1.1992142390226945e-8,23.36678116524051,1.1992142390226945e-8
fiveyear_2050,A,2045,India,1.8189894035458565e-12,4.263256414560601e-13,4.547473508864641e-13,-4.547473508864641e-13,-2.2737367544323206e-13,6.690551135297702e-11,-3.955165084335022e-8,394.04862278378624,3.955165084335022e-8
fiveyear_2050,A,2045,Canada,-1.1368683772161603e-13,2.2737367544323206e-13,2.2737367544323206e-13,3.410605131648481e-13,2.2737367544323206e-13,-2.2790658249505213e-11,1.7973889043787494e-9,55.1601949612777,1.7973889043787494e-9
fiveyear_2050,A,2045,United States,3.240074875066057e-12,0.0,3.637978807091713e-12,1.8189894035458565e-12,-1.8189894035458565e-12,9.640643838793039e-11,1.8396713130641729e-6,1047.9269731933666,1.8396713130641729e-6
fiveyear_2050,A,2045,Rest of America,0.0,1.1368683772161603e-13,4.547473508864641e-13,0.0,0.0,-7.354117315117037e-13,2.8358044801279902e-9,-44.91409312621463,2.8358044801279902e-9
fiveyear_2050,A,2045,Brazil,8.526512829121202e-13,-6.821210263296962e-13,0.0,-1.1368683772161603e-13,0.0,3.3136488220671034e-11,1.625494405743666e-9,-58.84499320064851,1.625494405743666e-9
fiveyear_2050,A,2045,"EU, UK and EFTA",-6.366462912410498e-12,-1.8189894035458565e-12,0.0,9.094947017729282e-13,9.094947017729282e-13,-7.50560502638109e-10,1.669104676693678e-8,-260.1516195062763,1.669104676693678e-8
fiveyear_2050,A,2045,Eastern Europe,2.3447910280083306e-13,5.684341886080802e-14,0.0,0.0,2.842170943040401e-14,-4.091171845743702e-12,4.733351488539483e-10,37.091717472359214,4.733351488539483e-10
fiveyear_2050,A,2045,Russia,2.2737367544323206e-13,-1.4210854715202004e-13,-2.2737367544323206e-13,0.0,0.0,-2.1267116508637305e-9,-3.6590563468053006e-8,-190.06847947892967,3.6590563468053006e-8
fiveyear_2050,A,2045,North Africa,-2.2737367544323206e-13,-2.220446049250313e-14,0.0,-1.1368683772161603e-13,0.0,-4.4277215365096054e-10,-1.4563437389369938e-7,106.00194942988486,1.4563437389369938e-7
fiveyear_2050,A,2045,Sub Saharan,-1.1368683772161603e-13,1.4210854715202004e-14,-2.2737367544323206e-13,-1.1368683772161603e-13,2.2737367544323206e-13,-5.0614532719758595e-11,2.815954758261796e-8,156.88907621496733,2.815954758261796e-8
fiveyear_2050,A,2045,South Africa,-3.410605131648481e-13,1.4210854715202004e-14,2.842170943040401e-14,-2.842170943040401e-14,2.842170943040401e-14,1.6334457405554845e-11,-2.0406787371030077e-10,-49.52019137515442,2.0406787371030077e-10
fiveyear_2050,A,2050,Australia_Oceania,-1.5916157281026244e-12,-1.1368683772161603e-13,-1.1368683772161603e-12,-2.2737367544323206e-13,2.2737367544323206e-13,1.9803678696916904e-9,2.843876245606225e-8,-50.99287630841992,2.843876245606225e-8
fiveyear_2050,A,2050,China,-2.7284841053187847e-12,-1.2505552149377763e-12,1.8189894035458565e-12,1.8189894035458565e-12,0.0,-1.5019168131402694e-9,-3.971454134443775e-7,-980.5277919935005,3.971454134443775e-7
fiveyear_2050,A,2050,Japan,-2.2737367544323206e-13,4.547473508864641e-13,0.0,0.0,0.0,8.519407401763601e-11,6.411301001207903e-8,-7.493582923562767,6.411301001207903e-8
fiveyear_2050,A,2050,South Korea,-2.2737367544323206e-13,3.410605131648481e-13,0.0,-4.547473508864641e-13,1.1368683772161603e-13,-3.333369136271358e-10,-2.9943453228042927e-7,-216.3563153314778,2.9943453228042927e-7
fiveyear_2050,A,2050,Rest of World,1.4210854715202004e-14,2.1316282072803006e-14,1.4210854715202004e-14,1.4210854715202004e-14,1.4210854715202004e-14,-1.5076146184571033e-19,-4.091191385668935e-9,-10.82626889170047,4.091191385668935e-9
fiveyear_2050,A,2050,Southeast Asia,-1.3642420526593924e-12,1.9184653865522705e-13,-1.3642420526593924e-12,0.0,2.2737367544323206e-13,-7.212008767965017e-13,-7.655535227968358e-8,-105.30813422375182,7.655535227968358e-8
fiveyear_2050,A,2050,"Central, Western and South Asia",-3.637978807091713e-12,-1.3642420526593924e-12,4.547473508864641e-13,4.547473508864641e-13,-4.547473508864641e-13,1.6483880926898564e-10,-1.0859048416023143e-7,26.487826397845588,1.0859048416023143e-7
fiveyear_2050,A,2050,India,-4.547473508864641e-13,5.400124791776761e-13,0.0,4.547473508864641e-13,-2.2737367544323206e-13,-5.1514280077654476e-11,-1.4987108443165198e-8,453.78478017114253,1.4987108443165198e-8
fiveyear_2050,A,2050,Canada,2.1032064978498966e-12,-2.2737367544323206e-13,0.0,0.0,2.2737367544323206e-13,8.151523900323809e-10,5.7834768085740507e-8,59.71476956707566,5.7834768085740507e-8
fiveyear_2050,A,2050,United States,1.7763568394002505e-11,0.0,-1.8189894035458565e-12,0.0,0.0,-1.9127810446661897e-11,-4.4885018724016845e-7,1119.9112343826462,4.4885018724016845e-7
fiveyear_2050,A,2050,Rest of America,-1.8189894035458565e-12,-1.1368683772161603e-13,0.0,-2.2737367544323206e-13,2.2737367544323206e-13,-5.190869956095412e-11,5.981746653560549e-9,-50.398962097016295,5.981746653560549e-9
fiveyear_2050,A,2050,Brazil,1.1368683772161603e-12,0.0,6.821210263296962e-13,0.0,0.0,-3.4177440793046126e-12,-1.8712853488977998e-10,-65.4247829497826,1.8712853488977998e-10
fiveyear_2050,A,2050,"EU, UK and EFTA",-5.002220859751105e-12,0.0,-7.275957614183426e-12,-3.637978807091713e-12,9.094947017729282e-13,-1.1655174603220075e-9,-7.102971721906215e-8,-280.0045064660185,7.102971721906215e-8
fiveyear_2050,A,2050,Eastern Europe,5.684341886080802e-14,1.4210854715202004e-14,-5.684341886080802e-14,0.0,-1.4210854715202004e-14,2.1661339388856504e-11,-3.5066136661043856e-9,39.6309914718444,3.5066136661043856e-9
fiveyear_2050,A,2050,Russia,6.821210263296962e-13,2.2026824808563106e-13,0.0,0.0,0.0,-3.6493165533049384e-12,-7.631797416252084e-9,-200.17158652917445,7.631797416252084e-9
fiveyear_2050,A,2050,North Africa,-2.8421709430404007e-12,4.529709940470639e-14,-1.1368683772161603e-13,-5.684341886080802e-14,-5.684341886080802e-14,-4.4672733253814613e-10,2.2322410586639307e-10,123.60323081023323,4.4672733253814613e-10
fiveyear_2050,A,2050,Sub Saharan,2.2737367544323206e-13,1.8474111129762605e-13,0.0,2.2737367544323206e-13,0.0,-5.7657743423214185e-11,-3.775994628085755e-8,200.19850035532934,3.775994628085755e-8
fiveyear_2050,A,2050,South Africa,-3.410605131648481e-13,0.0,0.0,0.0,2.842170943040401e-14,-1.3358495238245456e-10,1.0192025001742877e-10,-55.826525441699026,1.3358495238245456e-10
