target,technology,scope,year,n,capacity_weight_sum,P,S,T,K,E,net,total_decline,remainder,observed_completed,model_factual,model_without_source_contribution,net_pct,deployment_channels_K_E
CHN,pv,foreign_sample,2010,10,121749.15999999997,0.0,0.0,0.0,0.0,0.0,0.0,0.0,0.0,5995.67804208925,7234.108111850086,7234.108111850086,,0.0
CHN,pv,foreign_sample,2011,10,121749.15999999997,197.88348995319998,39.91128942733566,0.0,6.188100984871058,45.092182071786866,289.07506243719354,743.7818810220253,454.70681858483164,5251.896161067225,5184.21557064235,5473.290633079543,38.86556930372888,51.28028305665792
CHN,pv,foreign_sample,2012,10,121749.15999999997,478.041584706919,45.886216407251844,-26.545502192728506,8.993555049129599,91.17656764768009,597.5524216182521,1551.9535904544673,954.4011688362152,4443.724451634783,3883.9721130313537,4481.524534649606,38.50324038641307,100.17012269680968
CHN,pv,foreign_sample,2013,10,121749.15999999997,637.5063383877575,73.34453523291879,-58.95745585647482,19.174456773128114,197.13806409964397,868.2059386369735,2325.053326472015,1456.8473878350414,3670.624715617236,3130.919848959172,3999.1257875961455,37.34133444390156,216.3125208727721
CHN,pv,foreign_sample,2014,10,121749.15999999997,616.8850321981342,46.7236510598029,-64.27166655497012,23.65721574403358,227.95259315299302,850.9468255999935,2782.955301631187,1932.0084760311936,3212.7227404580635,2798.4923345904213,3649.4391601904144,30.577092815728083,251.6098088970266
CHN,pv,foreign_sample,2015,10,121749.15999999997,667.5683047380867,59.862606644176466,-58.37744201036938,26.437427026368105,159.84340918521337,855.334305583475,3741.3466020165283,2886.012296433053,2254.331440072722,2405.950707295655,3261.2850128791297,22.86166978281197,186.2808362115815
CHN,pv,foreign_sample,2016,10,121749.15999999997,732.4008731472588,75.71331614446962,-52.30818771215865,33.17479544773775,237.76924064015947,1026.750037667467,3982.6967854876575,2955.94674782019,2012.981256601593,2004.9442033075777,3031.6942409750445,25.780271332951788,270.9440360878972
CHN,pv,foreign_sample,2017,10,121749.15999999997,748.3780305458461,64.38428697951996,-58.46628662066649,41.18585680718439,294.1165424418663,1089.5984301537503,4230.229941433064,3140.6315112793136,1765.4481006561866,1718.2771993416095,2807.875629495359,25.757427970561572,335.30239924905067
CHN,pv,foreign_sample,2018,10,121749.15999999997,789.0017584981233,59.25983592106318,-117.77383408487799,42.87987613008115,245.858716118163,1019.2263525825526,4502.542400906741,3483.316048324188,1493.1356411825097,1575.2296899955772,2594.45604257813,22.636685273131388,288.7385922482441
CHN,pv,foreign_sample,2019,10,121749.15999999997,849.4153761119453,81.66764107073836,-105.08688256323754,31.42524067644635,184.1158701212271,1041.5372454171195,4768.715440129609,3727.1781947124896,1226.9626019596417,1350.0769689899548,2391.614214407074,21.84104416573893,215.54111079767344
CHN,pv,foreign_sample,2020,10,121749.15999999997,878.4204471257203,94.14061477642304,-92.65670427121636,27.549196769901044,168.2545802780926,1075.7081346789205,4907.90257083747,3832.1944361585493,1087.7754712517803,1188.868336957325,2264.5764716362455,21.917878750705615,195.80377704799363
CHN,pv,foreign_sample,2021,10,121749.15999999997,814.6239936128468,85.53470726074606,-78.47330323405184,29.06402882422227,117.73783750744079,968.4872639712041,5012.010187329013,4043.5229233578098,983.6678547602367,1163.8230240115254,2132.3102879827293,19.323329916999384,146.80186633166306
CHN,pv,foreign_sample,2022,10,121749.15999999997,884.9351865601628,116.697413574297,-99.28100886783477,26.91478841494898,132.9762172201116,1062.2425969016858,4998.729793498682,3936.4871965969955,996.9482485905693,1054.4960176504162,2116.7386145521023,21.250250379270994,159.8910056350606
CHN,pv,foreign_sample,2023,10,121749.15999999997,928.0648498141061,111.45698754189516,-100.5409684299189,23.657086311165905,197.71470017096738,1160.3526554082157,5072.195332263309,3911.8426768550935,923.4827098259411,840.2346556328362,2000.5873110410519,22.876734419658963,221.37178648213327
CHN,pv,foreign_sample,2024,10,121749.15999999997,1021.2839021893934,128.3220236596199,-107.443495209411,18.558732331580828,252.5873108572441,1313.3084738284274,5150.693417276401,3837.3849434479744,844.9846248128493,649.15794807945,1962.4664219078772,25.497702298167116,271.14604318882493
CHN,pv,common_receivers,2010,8,68396.45999999999,0.0,0.0,0.0,0.0,0.0,0.0,0.0,0.0,6602.865061952403,7893.980135281313,7893.980135281313,,0.0
CHN,pv,common_receivers,2011,8,68396.45999999999,183.04496114217844,30.580699722364564,0.0,5.130494879386299,52.489561831274486,271.2457175752038,1001.7411219494213,730.4954043742176,5601.123940002982,5515.3475107071745,5786.593228282379,27.07742665563641,57.62005671066078
CHN,pv,common_receivers,2012,8,68396.45999999999,456.8085723059282,66.4849616532532,0.0,7.79426724810855,96.55980419378878,627.6476054010786,2199.2479698470693,1571.6003644459906,4403.6170921053335,4044.628092290036,4672.275697691115,28.539192215088132,104.35407144189733
CHN,pv,common_receivers,2013,8,68396.45999999999,625.619469492977,120.73368340031733,-5.701620328793965,16.41595690411731,224.30137687633214,981.36886634495,2927.4498457551904,1946.0809794102402,3675.4152161972133,3174.957648881805,4156.326515226755,33.522995031595066,240.71733378044945
CHN,pv,common_receivers,2014,8,68396.45999999999,603.4749676371754,91.93576330636604,-9.482406003714663,19.417779913627996,281.6371276975161,986.9832325509709,3213.5918687760127,2226.6086362250417,3389.27319317639,2796.678219157341,3783.6614517083117,30.712774765853865,301.05490761114413
CHN,pv,common_receivers,2015,8,68396.45999999999,709.4297165756842,136.85285515142277,-10.07007478144309,21.024080676082285,146.17302845365617,1003.4096060754024,4625.959220859361,3622.5496147839585,1976.905841093042,2358.2660436523674,3361.6756497277693,21.69084417240063,167.19710912973846
CHN,pv,common_receivers,2016,8,68396.45999999999,822.9248130999579,174.8516624687837,-9.024782827604035,25.332495007405058,239.9544712398822,1254.0386589884247,4797.365068192351,3543.3264092039262,1805.4999937600521,1923.0793132128774,3177.117972201302,26.140154880081848,265.28696624728724
CHN,pv,common_receivers,2017,8,68396.45999999999,858.788349785607,162.4386897214173,-16.735372818438517,30.52364783097539,306.69465970874455,1341.7099742283058,4992.632595233548,3650.922621005242,1610.232466718855,1620.8876904634324,2962.597664691738,26.87379751334461,337.21830753971994
CHN,pv,common_receivers,2018,8,68396.45999999999,912.179681933311,158.62348607652544,-49.03107176426991,29.33810507265885,261.61208058252174,1312.722281900747,5264.641907471189,3951.919625570442,1338.223154481214,1432.1362530956133,2744.8585349963605,24.934692709827594,290.9501856551806
CHN,pv,common_receivers,2019,8,68396.45999999999,1004.1804256130702,178.07419974870356,-47.765300641188716,22.588204226958325,200.56894878484977,1357.6464777323931,5464.554090260459,4106.907612528065,1138.3109716919446,1219.1077064039741,2576.7541841363673,24.844597661722172,223.15715301180808
CHN,pv,common_receivers,2020,8,68396.45999999999,1033.4787512843677,189.75187260749485,-34.28869711351278,19.90940869890143,184.52107712631124,1393.3724126035627,5580.907284461148,4187.534871857586,1021.957777491255,1065.40150991622,2458.7739225197824,24.96677227523762,204.43048582521266
CHN,pv,common_receivers,2021,8,68396.45999999999,961.8772515706046,170.54986850049903,-21.152238816118416,20.588509814923654,114.04110090447696,1245.904491974386,5711.595765699689,4465.691273725303,891.269296252714,1048.5223217694293,2294.426813743815,21.813597164150128,134.6296107194006
CHN,pv,common_receivers,2022,8,68396.45999999999,1079.4177192787834,209.5627071967409,-67.55604844847576,18.711085226623318,116.30029552213847,1356.4357587758104,5724.683632823571,4368.247874047762,878.181429128832,959.0194536052634,2315.4552123810736,23.69451040051237,135.01138074876178
CHN,pv,common_receivers,2023,8,68396.45999999999,1121.2244331798245,205.79960891390948,-73.05901763841989,17.319259589853537,195.91836233878746,1467.2026463839552,5755.686675254976,4288.484028871022,847.178386697427,752.6220410749523,2219.824687458907,25.491357142351017,213.237621928641
CHN,pv,common_receivers,2024,8,68396.45999999999,1252.094586953709,232.92638892449276,-77.78430076981797,14.28268500944477,261.9579715902252,1683.4773317080535,5817.419969729393,4133.942638021339,785.4450922230103,558.1907597659867,2241.6680914740405,28.93855593145982,276.24065659967
CHN,pv,common_without_India,2010,7,44221.740000000005,0.0,0.0,0.0,0.0,0.0,0.0,0.0,0.0,6923.7893282248915,8917.815187847751,8917.815187847751,,0.0
CHN,pv,common_without_India,2011,7,44221.740000000005,194.75534851056997,16.09706174983889,0.0,5.820222840408677,76.17593923600379,292.84857233682135,286.7296590597147,-6.118913277106515,6637.059669165177,6176.484027701656,6469.332600038477,102.13403569661145,81.99616207641246
CHN,pv,common_without_India,2012,7,44221.740000000005,479.5669207467754,51.64632711803148,0.0,8.908901593667915,119.88760734792092,660.0097568063959,1890.2842836802308,1230.274526873835,5033.505044544661,4581.2838351053815,5241.293591911777,34.91589929115901,128.79650894158883
CHN,pv,common_without_India,2013,7,44221.740000000005,571.1046458669227,38.98272220757325,-8.818527872343855,20.6497642558161,230.4990046134062,852.4176090713744,3068.719209102551,2216.301600031177,3855.0701191223397,3672.0259503707894,4524.443559442164,27.777634608696065,251.14876886922232
CHN,pv,common_without_India,2014,7,44221.740000000005,550.9025261232897,16.817620937249416,-14.666157481293808,24.58949483289134,353.7487914944428,931.3922759065796,2923.372618214247,1991.9803423076676,4000.4167100106442,3221.1524749947275,4152.544750901307,31.860197023926567,378.3382863273341
CHN,pv,common_without_India,2015,7,44221.740000000005,651.2345625403186,62.233914427888536,-15.575087434053497,26.754155694978706,169.54191418931964,894.1894594184519,4712.284075732284,3818.0946163138315,2211.5052524926077,2726.558371329107,3620.7478307475585,18.975712097312297,196.29606988429833
CHN,pv,common_without_India,2016,7,44221.740000000005,771.1479082846574,111.10411806121621,-13.958365222103566,32.29533040051397,287.9149206149133,1188.5039121391974,4859.575576479072,3671.0716643398746,2064.2137517458195,2232.7368709456077,3421.240783084805,24.4569488309164,320.2102510154273
CHN,pv,common_without_India,2017,7,44221.740000000005,803.0579426224309,99.81592467944786,-25.884107173562526,39.08605490727214,335.8038502772208,1251.879665312809,5159.504597781659,3907.6249324688497,1764.2847304432323,1888.997489516159,3140.8771548289683,24.263563324491614,374.88990518449293
CHN,pv,common_without_India,2018,7,44221.740000000005,867.9728275444654,115.640248900259,-42.47716264644697,36.591127805047044,328.4004407606327,1306.1274823639571,5369.939746656351,4063.8122642923936,1553.84958156854,1644.7819592935818,2950.909441657539,24.322944837085572,364.99156856567976
CHN,pv,common_without_India,2019,7,44221.740000000005,959.72837754735,155.829307938664,-6.139343890462263,27.885995736094614,267.36161184894553,1404.665949180592,5565.73363630599,4161.067687125398,1358.0556919189014,1387.1271876018861,2791.793136782478,25.237750150632017,295.24760758504016
CHN,pv,common_without_India,2020,7,44221.740000000005,985.1920653030913,162.26799035032562,-6.05151332400618,24.552696578733276,233.34317145107784,1399.3044103592217,5726.538290098807,4327.233879739585,1197.2510381260845,1226.6448433931876,2625.9492537524093,24.435432707725383,257.89586802981114
CHN,pv,common_without_India,2021,7,44221.740000000005,922.5119135073201,136.70439928869013,-6.232812355755138,25.333401318787693,140.88585870740357,1219.2027604664463,5911.388834488337,4692.186074021891,1012.4004937365545,1199.0811140208148,2418.283874487261,20.624641596122903,166.21926002619125
CHN,pv,common_without_India,2022,7,44221.740000000005,1003.8916974909964,174.15779324492107,-6.196725779273786,21.435559330091923,145.8340712811542,1339.1223955678897,5937.2152226086455,4598.092827040757,986.5741056162453,1068.451800072587,2407.5741956404772,22.554722127447434,167.26963061124613
CHN,pv,common_without_India,2023,7,44221.740000000005,1105.9329792430117,196.23159057525208,-5.94082661012341,19.845400089193802,222.28641956337714,1538.355562860711,6011.63516278846,4473.279599927749,912.1541654364318,825.183568227567,2363.539131088278,25.589636117358033,242.13181965257093
CHN,pv,common_without_India,2024,7,44221.740000000005,1180.5728035152513,209.22047230633584,-5.778119260214424,16.595476679128446,319.10192201581094,1719.7125552563125,5996.058115157836,4276.345559901523,927.7312130670553,640.5564061274351,2360.268961383748,28.680718602592194,335.6973986949394
CHN,wind,foreign_sample,2010,13,25102.63,0.0,0.0,0.0,0.0,0.0,0.0,0.0,0.0,2873.975064316949,3091.038218057203,3091.038218057203,,0.0
CHN,wind,foreign_sample,2011,13,25102.63,10.45545506275115,-34.41675247318969,0.04357167973480973,26.586821492755114,0.0,2.669095762051386,43.91669118844534,41.24759542639396,2830.0583731285033,2902.63121338182,2905.300309143872,6.0776340152730715,26.586821492755114
CHN,wind,foreign_sample,2012,13,25102.63,27.831368913726884,6.695360500478426,0.12659648338144844,33.49337953146971,0.0,68.14670542905645,181.37809541310102,113.23138998404455,2692.5969689038475,2623.4805806869936,2691.6272861160496,37.571629183693695,33.49337953146971
CHN,wind,foreign_sample,2013,13,25102.63,40.813896064886436,26.279320476130458,-2.5950943935832536,43.460082651755776,0.0,107.95820479918942,357.10297255597675,249.1447677567873,2516.872091760972,2491.733144273787,2599.6913490729767,30.231673521638555,43.460082651755776
CHN,wind,foreign_sample,2014,13,25102.63,62.20552228424955,49.50689808897356,-5.543591950189605,49.01771871570229,0.0,155.18654713873576,487.83998475321823,332.65343761448247,2386.1350795637304,2312.5776549573743,2467.7642020961102,31.8109527691215,49.01771871570229
CHN,wind,foreign_sample,2015,13,25102.63,65.40982025438089,34.36014423331112,-5.188280637537183,58.91018197910076,0.0,153.49186582925557,618.753145174358,465.2612793451024,2255.2219191425907,2170.827679813053,2324.319545642308,24.806640099744982,58.91018197910076
CHN,wind,foreign_sample,2016,13,25102.63,72.38497922984217,29.29616150302445,-6.659456473632675,61.64500036128569,0.0,156.66668462051967,665.2840991551036,508.61741453458393,2208.6909651618453,2097.638825529597,2254.305510150117,23.54883948368569,61.64500036128569
CHN,wind,foreign_sample,2017,13,25102.63,88.94677680307616,53.99106276748003,-5.536249552546452,56.66925534288407,0.0,194.07084536089377,825.6010827497953,631.5302373889015,2048.373981567154,1994.546024239401,2188.6168696002946,23.506612262972094,56.66925534288407
CHN,wind,foreign_sample,2018,13,25102.63,70.67909991815887,18.296045500311706,-1.6523707279021695,60.10457801350878,0.0,147.42735270407718,870.6646263472991,723.2372736432219,2003.31043796965,1968.9216987852424,2116.34905148932,16.93273715765615,60.10457801350878
CHN,wind,foreign_sample,2019,13,25102.63,106.5859806688915,72.85927255967701,-2.916370766114604,56.18646018307091,0.0,232.7153426455248,1001.5719741165235,768.8566314709988,1872.4030902004254,1844.9473079447994,2077.662650590324,23.235009431129566,56.18646018307091
CHN,wind,foreign_sample,2020,13,25102.63,147.32473456950635,118.41114418104786,-10.004921194546903,69.77894645055747,0.0,325.50990400656485,1170.9126140964518,845.402710089887,1703.0624502204969,1714.2681292996779,2039.7780333062424,27.799675235179556,69.77894645055747
CHN,wind,foreign_sample,2021,13,25102.63,176.4838847461442,150.05327079079288,-4.65946229827659,59.019728608708874,0.0,380.8974218473694,1361.1660805268264,980.2686586794571,1512.8089837901223,1593.2745979458987,1974.1720197932682,27.983170260894738,59.019728608708874
CHN,wind,foreign_sample,2022,13,25102.63,234.5983459404997,197.95956982801363,-16.05263088565987,53.55303536373037,0.0,470.0583202465839,1424.6373797393958,954.5790594928117,1449.337684577553,1498.69640966893,1968.754729915514,32.994945024717104,53.55303536373037
CHN,wind,foreign_sample,2023,13,25102.63,250.35035889792982,190.33058299083172,-18.342152147306575,57.69375226695999,0.0,480.0325420084149,1429.2225798478498,949.1900378394348,1444.7524844690988,1437.3658579717924,1917.3983999802074,33.586968802264344,57.69375226695999
CHN,wind,foreign_sample,2024,13,25102.63,188.40731835172855,124.72276854723586,1.2328435603424523,64.23632409044282,0.0,378.5992545497496,1414.8741325256883,1036.2748779759386,1459.1009317912606,1422.194053251633,1800.7933078013825,26.758511294139854,64.23632409044282
CHN,wind,common_receivers,2010,11,17535.230000000007,0.0,0.0,0.0,0.0,0.0,0.0,0.0,0.0,2905.5789666090755,3143.184131163665,3143.1841311636654,,0.0
CHN,wind,common_receivers,2011,11,17535.230000000007,14.174867746129735,-53.354250105310975,0.05968557208584575,19.345098002067534,0.0,-19.77459878502786,54.9680246959171,74.74262348094496,2850.6109419131585,2959.0022345488233,2939.227635763795,-35.97473057185675,19.345098002067534
CHN,wind,common_receivers,2012,11,17535.230000000007,33.92936071294829,-16.69934429245281,0.17355621932073725,24.10346987309316,0.0,41.507042512909386,147.31143859741437,105.80439608450496,2758.2675280116614,2666.924910504711,2708.431953017621,28.1763880036115,24.10346987309316
CHN,wind,common_receivers,2013,11,17535.230000000007,46.59981328435995,2.3548953666518315,0.1405183574803452,32.66142121459243,0.0,81.75664822308457,339.4476967875845,257.6910485644999,2566.1312698214915,2532.432821023928,2614.189469247013,24.085197512547936,32.66142121459243
CHN,wind,common_receivers,2014,11,17535.230000000007,74.04357059463767,35.32155691833843,-3.759848538338918,33.859562979770864,0.0,139.46484195440803,486.87027225910816,347.40543030470013,2418.708694349967,2320.424668876606,2459.8895108310144,28.645175090950318,33.859562979770864
CHN,wind,common_receivers,2015,11,17535.230000000007,79.7987466801769,21.511801741621984,-4.4067750461981445,35.37134893444708,0.0,132.2751223100478,639.556315695083,507.2811933850352,2266.0226509139925,2153.799458277563,2286.0745805876104,20.6823260225784,35.37134893444708
CHN,wind,common_receivers,2016,11,17535.230000000007,70.63408023758653,-17.7778259414337,-3.239586711791456,46.0868797690123,0.0,95.7035473533737,713.3516115793897,617.6480642260159,2192.227355029686,2125.8924396545717,2221.595987007945,13.416041374250506,46.0868797690123
CHN,wind,common_receivers,2017,11,17535.230000000007,95.37911966074296,24.44357391617301,-2.548340608008594,42.04497690704284,0.0,159.3193298759502,883.0348704493097,723.7155405733595,2022.544096159766,2007.3715104910261,2166.6908403669768,18.042246711603205,42.04497690704284
CHN,wind,common_receivers,2018,11,17535.230000000007,99.69146227816198,26.48168562886365,-1.9128747435491533,44.55672850385355,0.0,168.81700166733003,927.6959902363195,758.8789885689894,1977.8829763727563,1947.5337446746653,2116.350746341995,18.197448673279908,44.55672850385355
CHN,wind,common_receivers,2019,11,17535.230000000007,142.03618976545272,91.72772229085056,-1.2319729394933212,40.00401145771274,0.0,272.53595057452276,1059.8067591710612,787.2708085965386,1845.7722074380142,1807.4683246836805,2080.004275258203,25.71562676083417,40.00401145771274
CHN,wind,common_receivers,2020,11,17535.230000000007,161.16668172033874,108.76492618280656,-0.9277350022763395,45.823497599604195,0.0,314.8273705004732,1239.6456127381907,924.8182422377174,1665.933353870885,1674.1431641603526,1988.9705346608257,25.396562313084534,45.823497599604195
CHN,wind,common_receivers,2021,11,17535.230000000007,217.40399811082992,163.0544855021272,-0.8098732301558043,35.58199659333391,0.0,415.2306069761353,1472.0482888173597,1056.8176818412246,1433.5306777917158,1527.0080867916888,1942.238693767824,28.20767566733362,35.58199659333391
CHN,wind,common_receivers,2022,11,17535.230000000007,254.98703658529865,195.37144190341772,-3.617943697223031,29.662760646192368,0.0,476.40329543768576,1494.3221277906737,1017.9188323529881,1411.2568388184018,1434.5557037712063,1910.9589992088922,31.88089680114948,29.662760646192368
CHN,wind,common_receivers,2023,11,17535.230000000007,262.92527845244115,184.36146898806842,-3.3306286058460732,32.354335032467716,0.0,476.3104538671312,1537.8060549462127,1061.4956010790816,1367.772911662863,1375.5720977896794,1851.8825516568104,30.973376150726033,32.354335032467716
CHN,wind,common_receivers,2024,11,17535.230000000007,267.2054117504103,177.27946124437875,2.215646048622852,36.33129681089737,0.0,483.03181585430923,1508.2715888704483,1025.2397730161392,1397.3073777386273,1320.009402094713,1803.0412179490224,32.025519768363075,36.33129681089737
CHN,wind,common_without_India,2010,10,14108.310000000001,0.0,0.0,0.0,0.0,0.0,0.0,0.0,0.0,3220.9351936443827,3402.969256835584,3402.969256835584,,0.0
CHN,wind,common_without_India,2011,10,14108.310000000001,15.225298661118948,-60.49166415328638,0.07418324620077708,22.88387536240132,0.0,-22.308306883565333,27.497377973580516,49.80568485714585,3193.4378156708026,3201.4644767819127,3179.1561698983473,-81.1288512853813,22.88387536240132
CHN,wind,common_without_India,2012,10,14108.310000000001,36.181859131103025,-20.86510128440296,0.2157131664756142,29.101373737774065,0.0,44.633844750949734,212.25859017831561,167.6247454273659,3008.6766034660673,2882.069637262277,2926.703482013226,21.02805107367077,29.101373737774065
CHN,wind,common_without_India,2013,10,14108.310000000001,53.97048738659761,13.054042080313282,0.1746503810619468,38.980886088653435,0.0,106.18006593662628,462.7561448330649,356.5760788964386,2758.179048811318,2717.6591975011806,2823.8392634378074,22.945144461545674,38.980886088653435
CHN,wind,common_without_India,2014,10,14108.310000000001,70.73780281214663,16.584137617206764,-4.673118813304837,40.9259162775985,0.0,123.57473789364705,626.9856806318885,503.4109427382416,2593.949513012494,2517.6860747661976,2641.2608126598443,19.70933973629286,40.9259162775985
CHN,wind,common_without_India,2015,10,14108.310000000001,83.1457130925414,17.202031344486613,-5.477184297293235,42.660665805406495,0.0,137.53122594514127,773.0289917608541,635.4977658157127,2447.906201883529,2312.825514990367,2450.356740935508,17.79121189644699,42.660665805406495
CHN,wind,common_without_India,2016,10,14108.310000000001,68.31001086116885,-34.11475728841092,-3.365732705553376,56.024288064771305,0.0,86.85380893197583,835.2170884739102,748.3632795419344,2385.718105170473,2292.0085947958787,2378.8624037278546,10.398950180805468,56.024288064771305
CHN,wind,common_without_India,2017,10,14108.310000000001,93.82344079020025,11.73951984030359,-3.167334619084111,51.05105853095023,0.0,153.44668454236998,1042.2880362936585,888.8413517512884,2178.6471573507242,2162.635288495236,2316.081973037606,14.722099765053553,51.05105853095023
CHN,wind,common_without_India,2018,10,14108.310000000001,104.55151513626228,24.199091326645167,-2.377513578119947,53.772424589222766,0.0,180.14551747401026,1098.1271667145672,917.981649240557,2122.8080269298157,2084.5539095118643,2264.699426985875,16.404795631545916,53.772424589222766
CHN,wind,common_without_India,2019,10,14108.310000000001,149.57350983136382,96.3698059751919,-1.5312201707923545,48.5038198573399,0.0,292.9159154931033,1231.8387514074225,938.9228359143193,1989.0964422369602,1929.673957860001,2222.5898733531044,23.778754740296627,48.5038198573399
CHN,wind,common_without_India,2020,10,14108.310000000001,179.44095899729643,128.2318107694369,-1.1530825906126347,55.48622192001423,0.0,362.0059090961349,1447.1808361031124,1085.1749270069777,1773.7543575412706,1767.2710578449733,2129.276966941108,25.014559346358137,55.48622192001423
CHN,wind,common_without_India,2021,10,14108.310000000001,237.95945090658495,183.01065776629787,-1.0065920979638927,42.40768385504366,0.0,462.3712004299625,1694.67726280044,1232.3060623704773,1526.257930843943,1602.893466044086,2065.264666474048,27.28373186915236,42.40768385504366
CHN,wind,common_without_India,2022,10,14108.310000000001,268.95243856321866,206.87503709843764,-4.496745170602024,35.30116370534136,0.0,506.63189419639554,1756.2023303813762,1249.5704361849807,1464.7328632630067,1510.0712104349564,2016.7031046313518,28.848150661910097,35.30116370534136
CHN,wind,common_without_India,2023,10,14108.310000000001,275.3490213046709,192.16396561842498,-4.13964100931226,38.709744286996255,0.0,502.0830902007799,1821.3942945492618,1319.311204348482,1399.540899095121,1445.5791495293727,1947.6622397301526,27.565864881828336,38.709744286996255
CHN,wind,common_without_India,2024,10,14108.310000000001,277.8906025759725,182.68454075543332,2.7538282800131917,43.540067580767044,0.0,506.86903919218594,1753.9061150313141,1247.0370758391282,1467.0290786130688,1383.286050402369,1890.155089594555,28.899439647779342,43.540067580767044
USA,pv,foreign_sample,2010,10,360841.45999999996,0.0,0.0,0.0,0.0,0.0,0.0,0.0,0.0,4734.817675378212,5571.10852922849,5571.10852922849,,0.0
USA,pv,foreign_sample,2011,10,360841.45999999996,7.236617801441901,-0.7819715134163849,0.0,7.070776894375299,29.053500139060002,42.57892332146082,428.7509419252015,386.1720186037407,4306.066733453012,4109.858730707959,4152.43765402942,9.93092239757435,36.1242770334353
USA,pv,foreign_sample,2012,10,360841.45999999996,15.292084285003,-0.09947414347241898,0.0,-2.320217396857335,47.42077501531661,60.29316775998984,1266.7358123860072,1206.4426446260172,3468.081862992205,2972.230194184561,3032.5233619445507,4.759727100982675,45.10055761845927
USA,pv,foreign_sample,2013,10,360841.45999999996,13.944425982034883,-0.11314721245369165,0.025312782149838172,-7.954858279593391,43.70905287001767,49.61078614215531,2000.9911028101678,1951.3803166680125,2733.826572568045,2372.021273343883,2421.632059486038,2.4793106812160493,35.754194590424284
USA,pv,foreign_sample,2014,10,360841.45999999996,13.970380187834754,-0.47515649043913655,0.0,-6.051236321207645,36.38782974553345,43.83181712172143,2398.839453240449,2355.0076361187275,2335.9782221377636,2141.0674225662246,2184.8992396879457,1.8272092808258447,30.336593424325805
USA,pv,foreign_sample,2015,10,360841.45999999996,15.683810833055656,-0.20891982179835578,0.0,-7.803112415388214,12.224930354197738,19.896708950066824,3049.3773173232657,3029.4806083731983,1685.440358054947,1851.385386441824,1871.2820953918908,0.6524843231775624,4.421817938809524
USA,pv,foreign_sample,2016,10,360841.45999999996,16.153127020311032,0.16622067397311094,0.0,-9.167017668161286,22.296199264806887,29.448529290929745,3205.922978397428,3176.4744491064985,1528.8946969807844,1545.4085254034514,1574.857054694381,0.9185663376619995,13.129181596645601
USA,pv,foreign_sample,2017,10,360841.45999999996,17.126488994117537,0.3020648164393718,0.0,-13.930241144243798,16.52468912081956,20.023001787132664,3315.1353553387116,3295.11235355158,1419.6823200395004,1326.8850430601717,1346.9080448473044,0.6039874587590373,2.5944479765757613
USA,pv,foreign_sample,2018,10,360841.45999999996,16.724615648262862,0.15823700032175803,-0.7638738546172209,-16.42795756623347,-1.3856746712684807,-1.6946534435345537,3620.3039327652814,3621.998586208816,1114.5137426129309,1187.9021529606723,1186.2074995171379,-0.04680970092585939,-17.81363223750195
USA,pv,foreign_sample,2019,10,360841.45999999996,17.32396265631629,0.3927256451343757,-1.7029017650548706,-21.23005018853425,-4.792215408367438,-10.008479060505898,3746.8160528241183,3756.824531884624,988.0016225540942,1015.8763176706032,1005.8678386100971,-0.26711957350994386,-26.02226559690169
USA,pv,foreign_sample,2020,10,360841.45999999996,17.928797799355014,0.4212362206039953,-1.148591173370368,-22.380404789262265,-11.470664180907043,-16.649626123580664,3917.9507212565686,3934.60034738015,816.8669541216433,907.0659567502332,890.4163306266524,-0.4249575175422518,-33.85106897016931
USA,pv,foreign_sample,2021,10,360841.45999999996,17.304450373129693,0.1607914192694982,-0.6529587960212977,-17.626711064134884,-18.814783724198982,-19.629211791955967,3984.3817955418613,4004.011007333817,750.4358798363514,917.8781200040318,898.2489082120758,-0.4926538870827881,-36.44149478833387
USA,pv,foreign_sample,2022,10,360841.45999999996,17.183370174982734,1.7194000023805365,-4.919609928207795,-18.931518555715225,-16.46819711783518,-21.416555424394925,3940.00734166086,3961.423897085255,794.8103337173523,845.1538170249486,823.7372616005536,-0.5435663836952914,-35.3997156735504
USA,pv,foreign_sample,2023,10,360841.45999999996,18.137277932718575,1.3759254242002363,-5.489326164746994,-26.235143941868365,-15.780883404024268,-27.992150153720818,4014.6731977626346,4042.665347916355,720.1444776155781,650.079857527389,622.0877073736681,-0.6972460465604214,-42.01602734589263
USA,pv,foreign_sample,2024,10,360841.45999999996,18.834125352930165,1.6831172408648065,-5.389559420209755,-30.984321027435282,-16.778466782624,-32.63510463647406,4107.193099967306,4139.82820460378,627.6245754109068,495.8051104272204,463.17000579074636,-0.794584131842592,-47.76278781005928
USA,pv,common_receivers,2010,8,68396.45999999999,0.0,0.0,0.0,0.0,0.0,0.0,0.0,0.0,6602.865061952403,7893.980135281313,7893.980135281313,,0.0
USA,pv,common_receivers,2011,8,68396.45999999999,34.05640037413828,-4.038271379380475,0.0,4.285540967244275,37.57121860308816,71.87488856509023,1001.7411219494213,929.8662333843312,5601.123940002982,5515.3475107071745,5587.222399272265,7.174996312941544,41.856759570332436
USA,pv,common_receivers,2012,8,68396.45999999999,73.27675074499807,-0.8560447859078235,0.0,0.33488424544945017,56.304058341977054,129.05964854651674,2199.2479698470693,2070.1883213005526,4403.6170921053335,4044.628092290036,4173.6877408365535,5.868353651611703,56.638942587426506
USA,pv,common_receivers,2013,8,68396.45999999999,64.17597065922808,-0.7932696664116082,0.13354347970069716,-3.0270952864621155,62.52258828310635,123.0117374691614,2927.4498457551904,2804.438108286029,3675.4152161972133,3174.957648881805,3297.9693863509665,4.202010075340103,59.49549299664424
USA,pv,common_receivers,2014,8,68396.45999999999,63.228356078067876,-2.30411784432002,0.0,-2.0854749290840964,68.2899195884772,127.12868289314093,3213.5918687760127,3086.4631858828716,3389.27319317639,2796.678219157341,2923.8069020504818,3.955968526319476,66.2044446593931
USA,pv,common_receivers,2015,8,68396.45999999999,71.43044636202751,-0.8442042846564595,0.0,-3.5424708372486524,-7.129535073975327,59.91423616614708,4625.959220859361,4566.044984693213,1976.905841093042,2358.2660436523674,2418.1802798185145,1.2951743261372037,-10.67200591122398
USA,pv,common_receivers,2016,8,68396.45999999999,71.88633819988657,1.0203456605348327,0.0,-4.509423190357769,10.996014353299696,79.39327502336333,4797.365068192351,4717.971793168988,1805.4999937600521,1923.0793132128774,2002.4725882362404,1.6549350298512668,6.486591162941927
USA,pv,common_receivers,2017,8,68396.45999999999,78.23940309038488,1.9369002242275397,0.0,-8.372875045539452,-3.3438089406093474,68.45961932846362,4992.632595233548,4924.172975905085,1610.232466718855,1620.8876904634324,1689.347309791896,1.3712128425757146,-11.7166839861488
USA,pv,common_receivers,2018,8,68396.45999999999,76.8399905540663,1.3228018731963676,-4.029994490298266,-10.762220070022808,-22.990872695434128,40.37970517150748,5264.641907471189,5224.262202299682,1338.223154481214,1432.1362530956133,1472.5159582671208,0.7669981336091178,-33.753092765456934
USA,pv,common_receivers,2019,8,68396.45999999999,79.8987707231538,1.8996788372779556,-8.984055010141994,-14.60689182089398,-33.787632992189785,24.419869737206,5464.554090260459,5440.134220523252,1138.3109716919446,1219.1077064039741,1243.5275761411801,0.44687762869306813,-48.39452481308376
USA,pv,common_receivers,2020,8,68396.45999999999,82.96313503526392,1.9609718012882649,-6.059660338299332,-15.664806067304392,-36.507697993241386,26.69194243770707,5580.907284461148,5554.215342023441,1021.957777491255,1065.40150991622,1092.093452353927,0.4782724578138956,-52.172504060545776
USA,pv,common_receivers,2021,8,68396.45999999999,79.95084996238685,0.6837313684627235,-3.4448362572590345,-12.477584943283,-50.01043000670426,14.701730123603289,5711.595765699689,5696.894035576086,891.269296252714,1048.5223217694293,1063.2240518930325,0.2574014465780787,-62.48801494998726
USA,pv,common_receivers,2022,8,68396.45999999999,81.39641223993284,8.481655855221447,-25.95454836588028,-14.374470252163045,-52.4283331439174,-2.879283666806434,5724.683632823571,5727.562916490378,878.181429128832,959.0194536052634,956.1401699384569,-0.05029594387185886,-66.80280339608045
USA,pv,common_receivers,2023,8,68396.45999999999,85.92064380230394,6.570586910063564,-28.96021910642021,-19.366068527271473,-48.725020183749535,-4.560077105073706,5755.686675254976,5760.24675236005,847.178386697427,752.6220410749523,748.0619639698785,-0.07922733398047063,-68.091088711021
USA,pv,common_receivers,2024,8,68396.45999999999,88.81109717694758,8.158071425227073,-28.433876401574604,-23.799906206630123,-46.80730631569953,-2.071920321729598,5817.419969729393,5819.491890051122,785.4450922230103,558.1907597659867,556.1188394442571,-0.03561579415807549,-70.60721252232965
USA,pv,common_without_India,2010,7,44221.740000000005,0.0,0.0,0.0,0.0,0.0,0.0,0.0,0.0,6923.7893282248915,8917.815187847751,8917.815187847751,,0.0
USA,pv,common_without_India,2011,7,44221.740000000005,21.657840022962905,-2.2998989962136918,0.0,4.8346377068409,67.820858751337,92.01343748492712,286.7296590597147,194.71622157478768,6637.059669165177,6176.484027701656,6268.497465186581,32.09065912004739,72.6554964581779
USA,pv,common_without_India,2012,7,44221.740000000005,39.44585869621228,-1.7269473681162475,0.0,0.7301421140294273,78.21148246778995,116.66053590991541,1890.2842836802308,1773.6237477703153,5033.505044544661,4581.2838351053815,4697.944371015296,6.171586830462705,78.94162458181938
USA,pv,common_without_India,2013,7,44221.740000000005,44.49630502793903,-2.2334837630567645,0.20654775835617376,-2.397235396021684,62.243017901796364,102.31515152901312,3068.719209102551,2966.404057573538,3855.0701191223397,3672.0259503707894,3774.341101899802,3.334132077823284,59.84578250577468
USA,pv,common_without_India,2014,7,44221.740000000005,46.808541353336864,-3.0665926867838205,0.0,-1.5987815542655672,98.85286219685733,140.99602930914477,2923.372618214247,2782.376588905102,4000.4167100106442,3221.1524749947275,3362.148504303873,4.823060475789526,97.25408064259176
USA,pv,common_without_India,2015,7,44221.740000000005,53.81255026388256,-2.108172314984431,0.0,-3.1255635922008613,-1.3097929868332367,47.26902136986403,4712.284075732284,4665.0150543624195,2211.5052524926077,2726.558371329107,2773.8273926989705,1.0031021180003559,-4.435356579034098
USA,pv,common_without_India,2016,7,44221.740000000005,54.0272782937028,-0.03688946597939566,0.0,-4.090219234769755,23.28255183826034,73.18272143121396,4859.575576479072,4786.392855047858,2064.2137517458195,2232.7368709456077,2305.9195923768216,1.505948827824123,19.192332603490584
USA,pv,common_without_India,2017,7,44221.740000000005,62.14188609706561,1.2687349330969795,0.0,-8.382728171731152,-0.9650484301094364,54.062844428321995,5159.504597781659,5105.441753353338,1764.2847304432323,1888.997489516159,1943.0603339444806,1.0478301434514943,-9.34777660184059
USA,pv,common_without_India,2018,7,44221.740000000005,55.326990942798986,0.19752810576124125,-0.011229885870911267,-11.122019825230453,-13.788185430698586,30.603083906760276,5369.939746656351,5339.336662749591,1553.84958156854,1644.7819592935818,1675.385043200342,0.5698962251078441,-24.91020525592904
USA,pv,common_without_India,2019,7,44221.740000000005,53.01362071670788,0.19775064210946494,-0.5501491806958526,-15.130714453865627,-24.03025313325378,13.500254591002081,5565.73363630599,5552.233381714988,1358.0556919189014,1387.1271876018861,1400.6274421928879,0.24256019912520063,-39.16096758711941
USA,pv,common_without_India,2020,7,44221.740000000005,58.71991522015945,0.3322115836488444,-0.5598499662209512,-16.22686401445111,-30.42055804647486,11.844854776661371,5726.538290098807,5714.693435322146,1197.2510381260845,1226.6448433931876,1238.489698169849,0.206841448997925,-46.64742206092597
USA,pv,common_without_India,2021,7,44221.740000000005,57.90515496475856,-0.1481649900917223,-0.5460128340784947,-13.290803792036618,-48.28725132619801,-4.367077977646279,5911.388834488337,5915.755912465984,1012.4004937365545,1199.0811140208148,1194.7140360431683,-0.07387566779853474,-61.57805511823463
USA,pv,common_without_India,2022,7,44221.740000000005,46.52438422796529,-0.8258972762803607,-0.5414702014110341,-14.790760823169899,-50.64289709312234,-20.276641166018344,5937.2152226086455,5957.491863774665,986.5741056162453,1068.451800072587,1048.1751589065686,-0.34151770494702327,-65.43365791629225
USA,pv,common_without_India,2023,7,44221.740000000005,46.87537519744106,-0.359686651867544,-0.5297120954081445,-20.550723711979348,-49.169543697739456,-23.73429095955342,6011.63516278846,6035.369453748013,912.1541654364318,825.183568227567,801.4492772680135,-0.3948059108188531,-69.7202674097188
USA,pv,common_without_India,2024,7,44221.740000000005,47.7686210650905,0.05794582076311118,-0.5204279099130835,-24.17186560251992,-44.13581067313417,-21.00153729971356,5996.058115157836,6017.05965245755,927.7312130670553,640.5564061274351,619.5548688277216,-0.3502557329559961,-68.30767627565409
USA,wind,foreign_sample,2010,13,95460.22999999998,0.0,0.0,0.0,0.0,0.0,0.0,0.0,0.0,1999.9075776597442,2204.507023741189,2204.5070237411887,,0.0
USA,wind,foreign_sample,2011,13,95460.22999999998,0.7627911184758763,-0.6100563411170532,0.0,14.76869709232564,0.0,14.921431869684463,47.92840670371585,33.006974834031396,1951.9791709560286,2049.942820177976,2064.8642520476606,31.132751735157548,14.76869709232564
USA,wind,foreign_sample,2012,13,95460.22999999998,2.115174449611033,-2.735815647767471,0.0,36.90239194894547,0.0,36.28175075078904,101.00745242600328,64.72570167521424,1898.900125233741,1893.3206564575012,1929.60240720829,35.91987509769991,36.90239194894547
USA,wind,foreign_sample,2013,13,95460.22999999998,3.8185685745327347,-2.790015943582122,0.0,28.52983500009106,0.0,29.558387631041672,203.49656390642386,173.9381762753822,1796.4110137533205,1815.8334061271298,1845.3917937581714,14.525251465491007,28.52983500009106
USA,wind,foreign_sample,2014,13,95460.22999999998,5.967097079623034,-4.744526973306427,0.0,23.495942408394775,0.0,24.718512514711385,212.18804817950388,187.4695356647925,1787.7195294802405,1710.3178583234353,1735.0363708381467,11.649342518010421,23.495942408394775
USA,wind,foreign_sample,2015,13,95460.22999999998,2.5665837050373783,-1.4423249186969356,0.0,21.768875390718833,0.0,22.893134177059274,278.7137369066145,255.82060272955522,1721.1938407531302,1613.32819573101,1636.2213299080695,8.21385211620546,21.768875390718833
USA,wind,foreign_sample,2016,13,95460.22999999998,6.4774888478581545,-4.636664143455947,-0.0026385832024371225,22.913861155702993,0.0,24.75204727690276,297.8830611882605,273.13101391135785,1702.0245164714838,1568.7045856342754,1593.456632911178,8.309316809813366,22.913861155702993
USA,wind,foreign_sample,2017,13,95460.22999999998,6.746791753310406,-4.7159712494832995,0.0,21.860979780128993,0.0,23.891800283956098,394.0263307894744,370.1345305055183,1605.8812468702702,1516.814746215025,1540.7065464989812,6.063503481121755,21.860979780128993
USA,wind,foreign_sample,2018,13,95460.22999999998,9.325626295068263,-6.758089893971809,-0.00043360197922165817,21.143738226952784,0.0,23.710841026070018,360.87912905559966,337.1682880295296,1639.0284486041448,1480.4141575459244,1504.1249985719944,6.570299891855744,21.143738226952784
USA,wind,foreign_sample,2019,13,95460.22999999998,10.659294054507077,-8.036753446945381,-0.00019041169384017027,20.33166778945204,0.0,22.954017985319894,455.2114569547998,432.25743896947984,1544.6961207049449,1425.9779096061495,1448.9319275914695,5.0424956653933934,20.33166778945204
USA,wind,foreign_sample,2020,13,95460.22999999998,6.132933712698341,-2.7129887391129457,-0.00022819845309695374,17.524721414726315,0.0,20.944438189858612,463.2958078860328,442.3513696961743,1536.6117697737113,1358.8383219312211,1379.7827601210797,4.52074847934104,17.524721414726315
USA,wind,foreign_sample,2021,13,95460.22999999998,1.0753291163443788,0.5063998706366293,-0.0013289123969270405,17.61472819718894,0.0,19.195128271773022,646.397843857102,627.2027155853289,1353.5097338026424,1305.7114807068317,1324.9066089786047,2.9695532641684452,17.61472819718894
USA,wind,foreign_sample,2022,13,95460.22999999998,1.4233194669105198,0.20439789891131546,-0.006448884980161392,15.129933725420758,0.0,16.751202206262434,762.3610308117379,745.6098286054756,1237.5465468480065,1271.8961454128096,1288.647347619072,2.197279442317019,15.129933725420758
USA,wind,foreign_sample,2023,13,95460.22999999998,1.6969722246681882,0.016672637461099205,-0.0012201124044769565,10.1753794597503,0.0,11.88780420947511,903.2895449636516,891.4017407541767,1096.6180326960928,1239.0654636665606,1250.9532678760356,1.316056880737336,10.1753794597503
USA,wind,foreign_sample,2024,13,95460.22999999998,1.5258562662940487,0.2869673285819119,0.016075461810903077,6.036085372811914,0.0,7.864984429498778,1022.6413064638953,1014.7763220343966,977.266271195849,1208.1399706680436,1216.0049550975423,0.7690853459356577,6.036085372811914
USA,wind,common_receivers,2010,11,17535.230000000007,0.0,0.0,0.0,0.0,0.0,0.0,0.0,0.0,2905.5789666090755,3143.184131163665,3143.1841311636654,,0.0
USA,wind,common_receivers,2011,11,17535.230000000007,4.136837777441916,-3.325806020323669,0.0,7.894831209851477,0.0,8.705862966969724,54.9680246959171,46.26216172894739,2850.6109419131585,2959.0022345488233,2967.708097515793,15.838049511748919,7.894831209851477
USA,wind,common_receivers,2012,11,17535.230000000007,11.473016609407708,-14.92088579076804,0.0,18.74183378155606,0.0,15.293964600195729,147.31143859741437,132.01747399721862,2758.2675280116614,2666.924910504711,2682.218875104907,10.38206180444169,18.74183378155606
USA,wind,common_receivers,2013,11,17535.230000000007,20.693220688090644,-15.281933916817074,0.0,15.119100780093785,0.0,20.530387551367355,339.4476967875845,318.9173092362172,2566.1312698214915,2532.432821023928,2552.9632085752955,6.048174062060174,15.119100780093785
USA,wind,common_receivers,2014,11,17535.230000000007,32.46100557790745,-25.803427381959647,0.0,12.349193760072655,0.0,19.006771956020458,486.87027225910816,467.8635003030877,2418.708694349967,2320.424668876606,2339.4314408326263,3.903867834819296,12.349193760072655
USA,wind,common_receivers,2015,11,17535.230000000007,13.916262924173179,-7.852281707381911,0.0,11.476160795077917,0.0,17.540142011869186,639.556315695083,622.0161736832138,2266.0226509139925,2153.799458277563,2171.3396002894324,2.7425484795355666,11.476160795077917
USA,wind,common_receivers,2016,11,17535.230000000007,35.19235651602961,-25.247867744516242,-0.014364211896780603,13.421727355751196,0.0,23.35185191536778,713.3516115793897,689.9997596640218,2192.227355029686,2125.8924396545717,2149.2442915699394,3.2735402200418147,13.421727355751196
USA,wind,common_receivers,2017,11,17535.230000000007,36.69522740954449,-25.65255208142822,0.0,13.350521194229103,0.0,24.393196522345384,883.0348704493097,858.6416739269644,2022.544096159766,2007.3715104910261,2031.7647070133717,2.7624273218036715,13.350521194229103
USA,wind,common_receivers,2018,11,17535.230000000007,50.73207042029999,-36.76946715161543,-0.002360490547597875,13.048873759658957,0.0,27.00911653779591,927.6959902363195,900.6868736985235,1977.8829763727563,1947.5337446746653,1974.542861212461,2.9114189154698904,13.048873759658957
USA,wind,common_receivers,2019,11,17535.230000000007,57.98994370824336,-43.73388341322856,-0.0010365842985049084,12.577873408837807,0.0,26.832897119554108,1059.8067591710612,1032.9738620515072,1845.7722074380142,1807.4683246836805,1834.3012218032347,2.5318669547401016,12.577873408837807
USA,wind,common_receivers,2020,11,17535.230000000007,33.33991045160749,-14.756506710147754,-0.001242292049678242,12.34410298256486,0.0,30.926264431974914,1239.6456127381907,1208.7193483062156,1665.933353870885,1674.1431641603526,1705.0694285923273,2.4947665779789636,12.34410298256486
USA,wind,common_receivers,2021,11,17535.230000000007,5.808807762024295,2.761682481232934,-0.007234480703161948,13.175102875057723,0.0,21.73835863761179,1472.0482888173597,1450.3099301797483,1433.5306777917158,1527.0080867916888,1548.7464454293006,1.4767422239304622,13.175102875057723
USA,wind,common_receivers,2022,11,17535.230000000007,7.647738850205579,1.1112209487723685,-0.03258563890135238,11.205422236002999,0.0,19.931796396079594,1494.3221277906737,1474.3903313945943,1411.2568388184018,1434.5557037712063,1454.4875001672858,1.3338353240842635,11.205422236002999
USA,wind,common_receivers,2023,11,17535.230000000007,9.188624227328376,0.10575188171805827,-0.005364969762704482,8.178747619557772,0.0,17.467758758841498,1537.8060549462127,1520.3382961873713,1367.772911662863,1375.5720977896794,1393.039856548521,1.1358882807528328,8.178747619557772
USA,wind,common_receivers,2024,11,17535.230000000007,8.254019925877152,1.5750808961745313,0.08879579039779288,5.807012593415289,0.0,15.724909205864765,1508.2715888704483,1492.5466796645837,1397.3073777386273,1320.009402094713,1335.734311300578,1.0425780954769044,5.807012593415289
USA,wind,common_without_India,2010,10,14108.310000000001,0.0,0.0,0.0,0.0,0.0,0.0,0.0,0.0,3220.9351936443827,3402.969256835584,3402.969256835584,,0.0
USA,wind,common_without_India,2011,10,14108.310000000001,5.059036432392239,-4.208857922422377,0.0,9.152409650274253,0.0,10.002588160244116,27.497377973580516,17.494789813336403,3193.4378156708026,3201.4644767819127,3211.467064942157,36.37651622585471,9.152409650274253
USA,wind,common_without_India,2012,10,14108.310000000001,13.777535120010263,-17.951423827470602,0.0,21.924746013117463,0.0,17.75085730565713,212.25859017831561,194.5077328726585,3008.6766034660673,2882.069637262277,2899.8204945679336,8.362845193094364,21.924746013117463
USA,wind,common_without_India,2013,10,14108.310000000001,25.580174119619,-19.16483914763225,0.0,17.798010720051803,0.0,24.21334569203855,462.7561448330649,438.54279914102636,2758.179048811318,2717.6591975011806,2741.87254319322,5.232420133669602,17.798010720051803
USA,wind,common_without_India,2014,10,14108.310000000001,39.90238397007552,-31.867414041944222,0.0,13.73570663374483,0.0,21.770676561876126,626.9856806318885,605.2150040700125,2593.949513012494,2517.6860747661976,2539.4567513280736,3.4722765183305637,13.73570663374483
USA,wind,common_without_India,2015,10,14108.310000000001,17.098033099292977,-10.004913977912109,0.0,13.210004064546974,0.0,20.303123185927838,773.0289917608541,752.7258685749262,2447.906201883529,2312.825514990367,2333.1286381762948,2.626437481947489,13.210004064546974
USA,wind,common_without_India,2016,10,14108.310000000001,43.50349861466617,-31.630624453637832,0.0,15.493810031001619,0.0,27.36668419202996,835.2170884739102,807.8504042818802,2385.718105170473,2292.0085947958787,2319.3752789879086,3.2765953390673257,15.493810031001619
USA,wind,common_without_India,2017,10,14108.310000000001,45.36527837259335,-32.14758274163351,0.0,15.29861709084197,0.0,28.51631272180181,1042.2880362936585,1013.7717235718566,2178.6471573507242,2162.635288495236,2191.1516012170378,2.7359339960578333,15.29861709084197
USA,wind,common_without_India,2018,10,14108.310000000001,60.87853171546243,-44.063688052089915,-0.0029338556258655148,15.204464156931063,0.0,32.01637396467771,1098.1271667145672,1066.1107927498897,2122.8080269298157,2084.5539095118643,2116.5702834765425,2.915543384694318,15.204464156931063
USA,wind,common_without_India,2019,10,14108.310000000001,71.80194291611784,-54.62432368031187,-0.001288371469628342,14.432359674638205,0.0,31.608690538974557,1231.8387514074225,1200.2300608684482,1989.0964422369602,1929.673957860001,1961.2826483989757,2.5659763100373674,14.432359674638205
USA,wind,common_without_India,2020,10,14108.310000000001,41.13571521928918,-18.59037915293718,-0.001544045801253262,14.517993066767296,0.0,37.06178508731804,1447.1808361031124,1410.1190510157944,1773.7543575412706,1767.2710578449733,1804.3328429322912,2.5609643358127894,14.517993066767296
USA,wind,common_without_India,2021,10,14108.310000000001,6.900845965070153,3.162201982237405,-0.008991741963460297,15.193637044346513,0.0,25.247693249690613,1694.67726280044,1669.4295695507494,1526.257930843943,1602.893466044086,1628.1411592937764,1.489823095163796,15.193637044346513
USA,wind,common_without_India,2022,10,14108.310000000001,9.172022114666794,1.0790819661962021,-0.04050071715408589,12.64143952172083,0.0,22.85204288542974,1756.2023303813762,1733.3502874959463,1464.7328632630067,1510.0712104349564,1532.923253320386,1.3012192553273287,12.64143952172083
USA,wind,common_without_India,2023,10,14108.310000000001,11.068751673390528,-0.1737623168839768,-0.00666812529155289,9.296290581124545,0.0,20.184611812339543,1821.3942945492618,1801.209682736922,1399.540899095121,1445.5791495293727,1465.7637613417123,1.10819562094514,9.296290581124545
USA,wind,common_without_India,2024,10,14108.310000000001,9.890839774970285,1.6516604194671385,0.11036436027115153,6.683572666589125,0.0,18.336437221297704,1753.9061150313141,1735.5696778100164,1467.0290786130688,1383.286050402369,1401.622487623667,1.04546287079741,6.683572666589125
DEU,pv,foreign_sample,2010,10,382824.1599999999,0.0,0.0,0.0,0.0,0.0,0.0,0.0,0.0,4828.474719555129,5788.303024087268,5788.303024087268,,0.0
DEU,pv,foreign_sample,2011,10,382824.1599999999,7.381065650074982,-0.2091408896324821,0.0,-20.060995191530516,85.99882469044584,73.10975425935783,387.7085242321723,314.59876997281447,4440.766195322957,4261.726316074166,4334.836070333524,18.856885956827032,65.93782949891533
DEU,pv,foreign_sample,2012,10,382824.1599999999,18.58452817260809,-0.26562188362983036,0.0,-91.5705586741645,114.34631926977093,41.0946668845847,1161.5656598337,1120.4709929491155,3666.909059721429,3114.324980867362,3155.4196477519463,3.537868611789726,22.775760595606428
DEU,pv,foreign_sample,2013,10,382824.1599999999,24.081472552147915,0.05013849071442268,0.011555527485225692,-152.48082030047803,-30.422987007385682,-158.76064073751613,1936.431607985816,2095.1922487233323,2892.0431115693127,2495.0279609627137,2336.2673202251976,-8.198618535392086,-182.9038073078637
DEU,pv,foreign_sample,2014,10,382824.1599999999,21.82459967493474,0.16151767004736417,0.0,-171.88901635200358,-124.9588846999644,-274.8617837069859,2366.5852131954425,2641.4469969024285,2461.8895063596865,2241.35459219212,1966.492808485134,-11.614277912936771,-296.847901051968
DEU,pv,foreign_sample,2015,10,382824.1599999999,25.71102304664885,0.6199881465261301,0.0,-191.25389623199987,-206.08050950766417,-371.00339454648906,3000.9609709562174,3371.9643655027057,1827.5137485989121,1939.3692857585297,1568.3658912120404,-12.36281971465539,-397.334405739664
DEU,pv,foreign_sample,2016,10,382824.1599999999,25.37899370731783,0.5071151167005502,0.0,-207.4076086933735,-229.44730743175666,-410.9688073011118,3183.141973125422,3594.1107804265334,1645.3327464297076,1620.7149021784116,1209.7460948773,-12.910790997411754,-436.85491612513016
DEU,pv,foreign_sample,2017,10,382824.1599999999,25.298492906928363,0.39157558303593987,-0.0021782479034708254,-215.82306108315873,-248.21010116710292,-438.3452720082009,3325.2453876965637,3763.590659704764,1503.2293318585655,1391.6819619670955,953.3366899588947,-13.182343583727146,-464.0331622502616
DEU,pv,foreign_sample,2018,10,382824.1599999999,24.49023559086521,0.3863846055179656,-1.5874721348277607,-221.39438395505076,-267.62542781107277,-465.7306637045681,3650.812249509464,4116.5429132140325,1177.6624700456646,1261.4014788693714,795.6708151648035,-12.756905364474585,-489.01981176612355
DEU,pv,foreign_sample,2019,10,382824.1599999999,24.52528444822913,0.4023289029687055,-2.0283672692599555,-224.16362043370484,-272.9709978013674,-474.23537215313434,3798.079245675114,4272.314617828249,1030.3954738800142,1085.2940886865092,611.0587165333749,-12.486189504685763,-497.13461823507225
DEU,pv,foreign_sample,2020,10,382824.1599999999,23.10492160388368,0.5186065768220275,-1.444830698908796,-225.89489116634724,-279.51267682890136,-483.2288705134517,3962.6230050181866,4445.851875531639,865.8517145369422,967.3771229236349,484.1482524101833,-12.19467180959431,-505.4075679952486
DEU,pv,foreign_sample,2021,10,382824.1599999999,21.96409807776951,0.7044125960232724,-0.9631628221315358,-223.33059908361932,-285.2173843219582,-486.84263555391635,4032.086984729001,4518.929620282917,796.3877348261282,970.4989559638273,483.6563204099108,-12.07420964373459,-508.5479834055775
DEU,pv,foreign_sample,2022,10,382824.1599999999,20.133613510217405,2.296272632614832,-3.7736573630147436,-226.20564569320598,-286.6018539566066,-494.15127086999513,4005.7867275991443,4499.9379984691395,822.6879919559849,890.8295381993125,396.67826732931746,-12.335935597004765,-512.8074996498126
DEU,pv,foreign_sample,2023,10,382824.1599999999,22.231873751935233,1.6089780287301025,-4.100533558639594,-227.04235994743027,-285.6658780125422,-492.96791973794666,4068.660258763648,4561.628178501594,759.814460791481,690.9183469058448,197.9504271678981,-12.116222254638332,-512.7082379599724
DEU,pv,foreign_sample,2024,10,382824.1599999999,23.910158317722164,1.3451593464292348,-3.979113215985731,-229.62827968002995,-286.3746683885828,-494.7267436204471,4157.080019828658,4651.806763449104,671.3946997264716,531.2891424360624,36.56239881561537,-11.900823204284583,-516.0029480686128
DEU,pv,common_receivers,2010,8,68396.45999999999,0.0,0.0,0.0,0.0,0.0,0.0,0.0,0.0,6602.865061952403,7893.980135281313,7893.980135281313,,0.0
DEU,pv,common_receivers,2011,8,68396.45999999999,32.51131334412318,-1.1615296361556866,0.0,-15.270279677777138,58.519184911268084,74.59868894145842,1001.7411219494213,927.142433007963,5601.123940002982,5515.3475107071745,5589.9461996486325,7.446902928002687,43.248905233490945
DEU,pv,common_receivers,2012,8,68396.45999999999,85.49741219905425,-1.0671611052347547,0.0,-54.04442027469419,40.348904812597254,70.73473563172257,2199.2479698470693,2128.5132342153465,4403.6170921053335,4044.628092290036,4115.362827921759,3.2163146949109747,-13.695515462096935
DEU,pv,common_receivers,2013,8,68396.45999999999,116.02895988760032,1.5725644653216864,0.06467783717005876,-98.25089183810563,-136.5245400289555,-117.10922967696905,2927.4498457551904,3044.5590754321593,3675.4152161972133,3174.957648881805,3057.8484192048363,-4.000383810051527,-234.77543186706112
DEU,pv,common_receivers,2014,8,68396.45999999999,100.29492724048632,1.5401953613274304,0.0,-110.92549814542146,-249.88953357139576,-258.97990911500347,3213.5918687760127,3472.5717778910166,3389.27319317639,2796.678219157341,2537.698310042337,-8.058892345083114,-360.8150317168172
DEU,pv,common_receivers,2015,8,68396.45999999999,112.09750866274013,3.287760112737149,0.0,-130.63095399786593,-448.2774122170647,-463.5230974394534,4625.959220859361,5089.482318298815,1976.905841093042,2358.2660436523674,1894.742946212914,-10.020042877795733,-578.9083662149307
DEU,pv,common_receivers,2016,8,68396.45999999999,118.59227630782024,3.610654815742437,0.0,-147.22670167268723,-471.61529868567084,-496.6390692347954,4797.365068192351,5294.004137427146,1805.4999937600521,1923.0793132128774,1426.440243978082,-10.352330126544429,-618.8420003583581
DEU,pv,common_receivers,2017,8,68396.45999999999,120.23342869188471,3.2827110718582384,-0.012191945663824996,-153.95132752895745,-499.46699758080325,-529.9143772916816,4992.632595233548,5522.54697252523,1610.232466718855,1620.8876904634324,1090.9733131717508,-10.613926965056256,-653.4183251097606
DEU,pv,common_receivers,2018,8,68396.45999999999,110.67769338431606,2.9704560999203804,-2.9411478898674903,-161.0478160600436,-520.0151259256143,-570.3559403912889,5264.641907471189,5834.997847862478,1338.223154481214,1432.1362530956133,861.7803127043244,-10.833708168866757,-681.0629419856579
DEU,pv,common_receivers,2019,8,68396.45999999999,112.18740220893784,3.585316893610957,-6.247908017210651,-169.26990872294886,-530.1740824362666,-589.9191800738773,5464.554090260459,6054.473270334335,1138.3109716919446,1219.1077064039741,629.1885263300967,-10.795376353311196,-699.4439911592156
DEU,pv,common_receivers,2020,8,68396.45999999999,105.68939082832162,4.262252547695153,-4.182123893777523,-172.51433049404528,-535.5151725044009,-602.259983516207,5580.907284461148,6183.167267977356,1021.957777491255,1065.40150991622,463.14152640001305,-10.791435026936785,-708.0295029984461
DEU,pv,common_receivers,2021,8,68396.45999999999,100.36917700162141,5.09034548756866,-2.3405934958691446,-168.2494539243838,-545.2193254180398,-610.3498503491028,5711.595765699689,6321.945616048792,891.269296252714,1048.5223217694293,438.1724714203264,-10.686152791387766,-713.4687793424237
DEU,pv,common_receivers,2022,8,68396.45999999999,92.26692185256873,13.608176707531369,-18.42020829112044,-180.39619961664832,-548.9445031437676,-641.8858124914364,5724.683632823571,6366.569445315008,878.181429128832,959.0194536052634,317.1336411138269,-11.21259887290646,-729.340702760416
DEU,pv,common_receivers,2023,8,68396.45999999999,102.00992358217036,10.40305171737311,-20.361721979836545,-178.15691517937682,-546.7861203629875,-632.8917822226574,5755.686675254976,6388.5784574776335,847.178386697427,752.6220410749523,119.73025885229481,-10.995938763373015,-724.9430355423643
DEU,pv,common_receivers,2024,8,68396.45999999999,110.79157270108148,9.603855165677048,-19.846416963802394,-187.4892478992893,-546.3550412840825,-633.2952782804157,5817.419969729393,6450.715248009808,785.4450922230103,558.1907597659867,-75.10451851442897,-10.886188062332286,-733.8442891833718
DEU,pv,common_without_India,2010,7,44221.740000000005,0.0,0.0,0.0,0.0,0.0,0.0,0.0,0.0,6923.7893282248915,8917.815187847751,8917.815187847751,,0.0
DEU,pv,common_without_India,2011,7,44221.740000000005,35.13735321601262,-0.333782156906395,0.0,-17.52219874629728,204.8081206533719,222.08949296618087,286.7296590597147,64.6401660935339,6637.059669165177,6176.484027701656,6398.573520667836,77.45605867718352,187.28592190707462
DEU,pv,common_without_India,2012,7,44221.740000000005,92.01869564123086,-1.369046339423377,0.0,-58.18668242644711,122.82810110620092,155.29106798156127,1890.2842836802308,1734.9932156986695,5033.505044544661,4581.2838351053815,4736.574903086943,8.215222933516756,64.6414186797538
DEU,pv,common_without_India,2013,7,44221.740000000005,137.48418233644077,0.5778273556765189,0.10003530170654606,-100.17781915723376,-155.61045249806398,-117.62622666147391,3068.719209102551,3186.345435764025,3855.0701191223397,3672.0259503707894,3554.3997237093154,-3.833072322569186,-255.78827165529773
DEU,pv,common_without_India,2014,7,44221.740000000005,121.48171061264743,-0.0934299981873663,0.0,-115.34816109438256,-209.92007778403377,-203.87995826395627,2923.372618214247,3127.252576478203,4000.4167100106442,3221.1524749947275,3017.2725167307717,-6.974135181867344,-325.26823887841635
DEU,pv,common_without_India,2015,7,44221.740000000005,138.04134279732017,1.4787838957151889,0.0,-135.39526640575866,-465.29019313606966,-461.16533284879296,4712.284075732284,5173.449408581077,2211.5052524926077,2726.558371329107,2265.393038480314,-9.786450168056312,-600.6854595418283
DEU,pv,common_without_India,2016,7,44221.740000000005,145.56897993097041,1.5120302989414691,0.0,-153.37014452698412,-488.10553742662296,-494.3946717236951,4859.575576479072,5353.970248202767,2064.2137517458195,2232.7368709456077,1738.3421992219126,-10.173618332362699,-641.4756819536071
DEU,pv,common_without_India,2017,7,44221.740000000005,145.0140724260183,0.8961067493568434,-0.018856922498254918,-160.9061853426556,-526.7120179667462,-541.7268810565249,5159.504597781659,5701.231478838185,1764.2847304432323,1888.997489516159,1347.2706084596339,-10.499591012855026,-687.6182033094018
DEU,pv,common_without_India,2018,7,44221.740000000005,126.73979669599416,0.017290028930342233,-0.018678234815658164,-168.60208481627762,-543.1049117520263,-584.968588078195,5369.939746656351,5954.908334734546,1553.84958156854,1644.7819592935818,1059.8133712153867,-10.893392024415764,-711.7069965683039
DEU,pv,common_without_India,2019,7,44221.740000000005,125.20467486741927,0.6897123380768948,-0.20717643159563284,-176.1706132606124,-553.6306592423625,-604.1140617290745,5565.73363630599,6169.847698035064,1358.0556919189014,1387.1271876018861,783.0131258728117,-10.85416768399338,-729.8012725029749
DEU,pv,common_without_India,2020,7,44221.740000000005,115.93726567669319,1.7348867135181625,-0.22292155789693446,-179.315244599878,-562.1688745850042,-624.0348883525679,5726.538290098807,6350.5731784513755,1197.2510381260845,1226.6448433931876,602.6099550406196,-10.897244665796178,-741.4841191848823
DEU,pv,common_without_India,2021,7,44221.740000000005,111.93158069008412,2.591944288637836,-0.2036160487090762,-177.23488732683603,-574.7478756411368,-637.66285403796,5911.388834488337,6549.051688526297,1012.4004937365545,1199.0811140208148,561.4182599828547,-10.78702267591831,-751.9827629679728
DEU,pv,common_without_India,2022,7,44221.740000000005,90.9036347985018,5.269894030602323,-0.20176924755409453,-181.62853481481235,-578.9557470388216,-664.612522272084,5937.2152226086455,6601.82774488073,986.5741056162453,1068.451800072587,403.83927780050306,-11.194010952159353,-760.584281853634
DEU,pv,common_without_India,2023,7,44221.740000000005,100.0730919701592,4.3133397297885265,-0.19550557213872322,-185.8572008052118,-577.7091739096522,-659.3754485870552,6011.63516278846,6671.010611375515,912.1541654364318,825.183568227567,165.80811964051185,-10.968321109513372,-763.566374714864
DEU,pv,common_without_India,2024,7,44221.740000000005,109.88795468919932,3.26880317961779,-0.19056148654406233,-187.70980031784674,-575.9535821882135,-650.6971861237873,5996.058115157836,6646.755301281622,927.7312130670553,640.5564061274351,-10.140779996352023,-10.852082712121259,-763.6633825060603
DEU,wind,foreign_sample,2010,13,97897.63,0.0,0.0,0.0,0.0,0.0,0.0,0.0,0.0,2024.8728433823583,2230.256908865974,2230.256908865974,,0.0
DEU,wind,foreign_sample,2011,13,97897.63,6.825289189575713,-3.833861692756458,0.0,3.5128812842563018,0.0,6.504308781075556,48.150340529280165,41.64603174820461,1976.7225028530784,2072.6045785656725,2079.1088873467475,13.508333917431578,3.5128812842563018
DEU,wind,foreign_sample,2012,13,97897.63,10.215231581185135,3.3112887496905223,0.0,5.83883222663576,0.0,19.365352557511418,105.64571771670312,86.2803651591917,1919.2271256656552,1910.6965323540974,1930.061884911609,18.330466180788378,5.83883222663576
DEU,wind,foreign_sample,2013,13,97897.63,13.935766694298932,-0.0496405577273169,0.0,7.908035309138691,0.0,21.794161445710305,214.66654413248952,192.8723826867792,1810.206299249869,1827.4963237884608,1849.290485234171,10.152565474878665,7.908035309138691
DEU,wind,foreign_sample,2014,13,97897.63,13.213744828835022,7.0645703697168845,0.0,11.453486118842351,0.0,31.731801317394257,228.54765766761008,196.81585635021582,1796.325185714748,1720.8605491709134,1752.5923504883076,13.884106991612065,11.453486118842351
DEU,wind,foreign_sample,2015,13,97897.63,17.83237194116982,5.214695509551527,0.0,10.9594396389147,0.0,34.006507089636045,297.299190448563,263.292683358927,1727.573652933795,1624.3084696780952,1658.314976767731,11.438479545917112,10.9594396389147
DEU,wind,foreign_sample,2016,13,97897.63,21.97231150463579,1.9003961145137658,0.0,11.681220337904096,0.0,35.55392795705365,312.35650811092444,276.8025801538708,1712.516335271434,1569.8298713925483,1605.3837993496018,11.382483487242627,11.681220337904096
DEU,wind,foreign_sample,2017,13,97897.63,18.828327094120418,6.1459140909198995,0.0065657560614782355,13.017604266816283,0.0,37.99841120791808,416.80193848938075,378.80352728146266,1608.0709048929775,1517.0009238277019,1554.9993350356199,9.116658944926236,13.017604266816283
DEU,wind,foreign_sample,2018,13,97897.63,22.8912378550933,2.2601377421149493,0.0,11.896848956292398,0.0,37.048224553500646,386.0476397660733,348.99941521257267,1638.825203616285,1486.6508554450315,1523.6990799985322,9.596801207216323,11.896848956292398
DEU,wind,foreign_sample,2019,13,97897.63,19.619940909574147,8.126186134687112,0.0,9.951270831193995,0.0,37.69739787545525,479.10067734596635,441.40327947051117,1545.7721660363918,1430.836226340404,1468.5336242158592,7.86836664149263,9.951270831193995
DEU,wind,foreign_sample,2020,13,97897.63,30.82213542026106,1.4683505951468692,0.0,6.935428009026841,0.0,39.225914024434765,497.6960784030592,458.4701643786244,1527.1767649792992,1359.8448442943059,1399.0707583187407,7.881499518802247,6.935428009026841
DEU,wind,foreign_sample,2021,13,97897.63,31.451533460850712,2.0153216056344583,0.06015167206372928,5.611576751264705,0.0,39.138583489813605,675.8046060220825,636.6660225322688,1349.0682373602758,1311.1111142793598,1350.2496977691735,5.7914052584209115,5.611576751264705
DEU,wind,foreign_sample,2022,13,97897.63,25.821767631228923,7.681406007760083,-0.09266495771294378,4.887002297144586,0.0,38.29751097842065,804.7030688513653,766.4055578729447,1220.169774530993,1266.6771914419226,1304.974702420343,4.7592102554158995,4.887002297144586
DEU,wind,foreign_sample,2023,13,97897.63,22.873592327026817,8.89546576556053,-0.12288260319824136,3.9369964972779696,0.0,35.58317198666707,923.9859515539547,888.4027795672877,1100.8868918284038,1227.4039206112966,1262.9870925979635,3.8510511904237803,3.9369964972779696
DEU,wind,foreign_sample,2024,13,97897.63,25.815060832991165,7.868743396353523,0.0019435664909165304,2.978440731823395,0.0,36.664188527659,1035.5684835612842,998.9042950336254,989.3043598210741,1205.5956203552867,1242.2598088829457,3.540489027009795,2.978440731823395
DEU,wind,common_receivers,2010,11,17535.230000000007,0.0,0.0,0.0,0.0,0.0,0.0,0.0,0.0,2905.5789666090755,3143.184131163665,3143.1841311636654,,0.0
DEU,wind,common_receivers,2011,11,17535.230000000007,35.73020333001219,-18.637618452359366,0.0,1.0863878251942256,0.0,18.17897270284704,54.9680246959171,36.78905199307007,2850.6109419131585,2959.0022345488233,2977.1812072516705,33.071904627122855,1.0863878251942256
DEU,wind,common_receivers,2012,11,17535.230000000007,51.81287933297487,22.98827722344948,0.0,2.1218241701581473,0.0,76.9229807265825,147.31143859741437,70.38845787083184,2758.2675280116614,2666.924910504711,2743.847891231294,52.21792785338575,2.1218241701581473
DEU,wind,common_receivers,2013,11,17535.230000000007,71.36857542226764,4.237653468337395,0.0,2.9744091676625466,0.0,78.58063805826757,339.4476967875845,260.8670587293169,2566.1312698214915,2532.432821023928,2611.0134590821963,23.14955700154325,2.9744091676625466
DEU,wind,common_receivers,2014,11,17535.230000000007,69.56830449480255,38.60551993611713,0.0,4.921046192948437,0.0,113.0948706238681,486.87027225910816,373.77540163524003,2418.708694349967,2320.424668876606,2433.519539500474,23.228953803053308,4.921046192948437
DEU,wind,common_receivers,2015,11,17535.230000000007,89.5545051278537,32.961500034230205,0.0,3.70595652535218,0.0,126.22196168743609,639.556315695083,513.3343540076469,2266.0226509139925,2153.799458277563,2280.021419964999,19.73586353380866,3.70595652535218
DEU,wind,common_receivers,2016,11,17535.230000000007,119.2125787165676,7.616266306262853,0.0,4.615842687825615,0.0,131.4446877106561,713.3516115793897,581.9069238687334,2192.227355029686,2125.8924396545717,2257.3371273652274,18.426353228477634,4.615842687825615
DEU,wind,common_receivers,2017,11,17535.230000000007,101.52022982709221,31.314748247644772,0.0,6.059779507645674,0.0,138.89475758238265,883.0348704493097,744.1401128669271,2022.544096159766,2007.3715104910261,2146.266268073409,15.729249458938083,6.059779507645674
DEU,wind,common_receivers,2018,11,17535.230000000007,120.85023799402603,12.303727095513112,0.0,5.647872170862792,0.0,138.80183726040192,927.6959902363195,788.8941529759176,1977.8829763727563,1947.5337446746653,2086.3355819350672,14.961996033317316,5.647872170862792
DEU,wind,common_receivers,2019,11,17535.230000000007,105.29199742951464,43.10084718584875,0.0,5.324258734364818,0.0,153.71710334972823,1059.8067591710612,906.089655821333,1845.7722074380142,1807.4683246836805,1961.1854280334092,14.504257688444982,5.324258734364818
DEU,wind,common_receivers,2020,11,17535.230000000007,137.46148634967213,25.37294851826365,0.0,3.4727636031746183,0.0,166.30719847111038,1239.6456127381907,1073.3384142670802,1665.933353870885,1674.1431641603526,1840.4503626314631,13.415705001670824,3.4727636031746183
DEU,wind,common_receivers,2021,11,17535.230000000007,146.63446182489895,21.998936022675252,0.335821436934463,2.688465352873939,0.0,171.65768463738263,1472.0482888173597,1300.3906041799773,1433.5306777917158,1527.0080867916888,1698.6657714290714,11.661144946222656,2.688465352873939
DEU,wind,common_receivers,2022,11,17535.230000000007,127.1112795346253,47.753536734102255,-0.5173402198971678,2.4711939169171133,0.0,176.81866996574752,1494.3221277906737,1317.5034578249263,1411.2568388184018,1434.5557037712063,1611.3743737369539,11.832701040649814,2.4711939169171133
DEU,wind,common_receivers,2023,11,17535.230000000007,122.48526582367441,46.78229624171341,-0.6860426479343724,2.1237517612769654,0.0,170.7052711787304,1537.8060549462127,1367.1007837674824,1367.772911662863,1375.5720977896794,1546.2773689684095,11.100572183967705,2.1237517612769654
DEU,wind,common_receivers,2024,11,17535.230000000007,137.49525723738057,42.48805341460599,0.010850758912665737,1.6715442666295688,0.0,181.66570567752882,1508.2715888704483,1326.6058831929195,1397.3073777386273,1320.009402094713,1501.675107772242,12.044628236588288,1.6715442666295688
DEU,wind,common_without_India,2010,10,14108.310000000001,0.0,0.0,0.0,0.0,0.0,0.0,0.0,0.0,3220.9351936443827,3402.969256835584,3402.969256835584,,0.0
DEU,wind,common_without_India,2011,10,14108.310000000001,40.98193897946584,-19.990888436027067,0.0,1.280910280606818,0.0,22.271960824045586,27.497377973580516,5.225417149534941,3193.4378156708026,3201.4644767819127,3223.7364376059586,80.99667119332065,1.280910280606818
DEU,wind,common_without_India,2012,10,14108.310000000001,61.43025125909195,21.358878991958548,0.0,2.4736118911697043,0.0,85.2627421422202,212.25859017831561,126.9958480360954,3008.6766034660673,2882.069637262277,2967.332379404497,40.16927751691563,2.4736118911697043
DEU,wind,common_without_India,2013,10,14108.310000000001,82.56612523562265,3.863441106975241,0.0,3.584756480847201,0.0,90.0143228234451,462.7561448330649,372.7418220096198,2758.179048811318,2717.6591975011806,2807.6735203246258,19.45178336981715,3.584756480847201
DEU,wind,common_without_India,2014,10,14108.310000000001,82.02722336866502,40.02962722983804,0.0,5.435051118400333,0.0,127.49190171690339,626.9856806318885,499.4937789149852,2593.949513012494,2517.6860747661976,2645.177976483101,20.33410102578651,5.435051118400333
DEU,wind,common_without_India,2015,10,14108.310000000001,106.14431783423257,33.453579038901935,0.0,4.193583387757722,0.0,143.7914802608922,773.0289917608541,629.2375114999618,2447.906201883529,2312.825514990367,2456.6169952512587,18.601046247095457,4.193583387757722
DEU,wind,common_without_India,2016,10,14108.310000000001,142.45431646577563,2.0770898986796276,0.0,5.255179490694212,0.0,149.7865858551495,835.2170884739102,685.4305026187607,2385.718105170473,2292.0085947958787,2441.795180651028,17.93385072243148,5.255179490694212
DEU,wind,common_without_India,2017,10,14108.310000000001,120.04097176364789,31.43584841554999,0.0,6.901051365035967,0.0,158.37787154423387,1042.2880362936585,883.9101647494244,2178.6471573507242,2162.635288495236,2321.0131600394698,15.195211499061267,6.901051365035967
DEU,wind,common_without_India,2018,10,14108.310000000001,143.69076837820523,8.243578271787861,0.0,6.527484193446535,0.0,158.4618308434396,1098.1271667145672,939.6653358711276,2122.8080269298157,2084.5539095118643,2243.015740355304,14.430189475917782,6.527484193446535
DEU,wind,common_without_India,2019,10,14108.310000000001,123.94361163803256,46.374795654364405,0.0,6.148637757264039,0.0,176.467045049661,1231.8387514074225,1055.3717063577615,1989.0964422369602,1929.673957860001,2106.1410029096623,14.325498759317382,6.148637757264039
DEU,wind,common_without_India,2020,10,14108.310000000001,163.28754973786295,24.824941777403772,0.0,4.082226045494299,0.0,192.194717560761,1447.1808361031124,1254.9861185423515,1773.7543575412706,1767.2710578449733,1959.4657754057341,13.280628983333708,4.082226045494299
DEU,wind,common_without_India,2021,10,14108.310000000001,171.90158790782905,22.51238955644504,0.41739273772523466,3.059856516906643,0.0,197.89122671890598,1694.67726280044,1496.7860360815341,1526.257930843943,1602.893466044086,1800.7846927629917,11.677222032936962,3.059856516906643
DEU,wind,common_without_India,2022,10,14108.310000000001,148.58182913497868,53.080703191343005,-0.6430025810424789,2.727450937315833,0.0,203.74698068259505,1756.2023303813762,1552.4553496987812,1464.7328632630067,1510.0712104349564,1713.8181911175516,11.60156646861694,2.727450937315833
DEU,wind,common_without_India,2023,10,14108.310000000001,143.58772457716123,50.95436817795857,-0.8526829663750122,2.358259574178512,0.0,196.04766936292333,1821.3942945492618,1625.3466251863383,1399.540899095121,1445.5791495293727,1641.6268188922963,10.763604012026347,2.358259574178512
DEU,wind,common_without_India,2024,10,14108.310000000001,161.93493049934796,45.67825266076903,0.013486417098018344,1.858538668861363,0.0,209.48520824607635,1753.9061150313141,1544.4209067852375,1467.0290786130688,1383.286050402369,1592.7712586484454,11.943923705536326,1.858538668861363
