technology,supplier,series,year,price_usd_kw,observed_or_constructed_input_price_usd_kw,beta,intercept,material_beta,Q_global_gw,material_price,outside_fit_years,baseline_price_type,model_id
pv,CHN,CHN,2010,2270.6250354815543,2361.1493952340747,-0.5094069001785779,1.0531624883297273,0.3686137455579208,39.73239,86.15882929323459,False,fitted_exp_log_OLS_no_smearing,pv__CHN__main_level
pv,CHN,CHN,2011,1732.0867985017794,1659.2384175334264,-0.5094069001785779,1.0531624883297273,0.3686137455579208,70.26885,90.89271081670634,False,fitted_exp_log_OLS_no_smearing,pv__CHN__main_level
pv,CHN,CHN,2012,1009.5479849931621,833.8275607552864,-0.5094069001785779,1.0531624883297273,0.3686137455579208,99.31435,33.89647685975435,False,fitted_exp_log_OLS_no_smearing,pv__CHN__main_level
pv,CHN,CHN,2013,717.5643894655738,749.0545000578583,-0.5094069001785779,1.0531624883297273,0.3686137455579208,134.44763,20.40384900784716,False,fitted_exp_log_OLS_no_smearing,pv__CHN__main_level
pv,CHN,CHN,2014,693.0711175800188,699.0226074119715,-0.5094069001785779,1.0531624883297273,0.3686137455579208,172.65223999999998,26.236154197080296,False,fitted_exp_log_OLS_no_smearing,pv__CHN__main_level
pv,CHN,CHN,2015,590.1313696901666,629.8291681948343,-0.5094069001785779,1.0531624883297273,0.3686137455579208,219.86211,23.688526001162742,False,fitted_exp_log_OLS_no_smearing,pv__CHN__main_level
pv,CHN,CHN,2016,468.76741419462576,521.4871782855456,-0.5094069001785779,1.0531624883297273,0.3686137455579208,291.30835,18.71342035548105,False,fitted_exp_log_OLS_no_smearing,pv__CHN__main_level
pv,CHN,CHN,2017,401.40400633342114,405.34053204200296,-0.5094069001785779,1.0531624883297273,0.3686137455579208,384.35013,18.018689295039167,False,fitted_exp_log_OLS_no_smearing,pv__CHN__main_level
pv,CHN,CHN,2018,367.78615155784,341.954784931793,-0.5094069001785779,1.0531624883297273,0.3686137455579208,478.49221,19.23805628676222,False,fitted_exp_log_OLS_no_smearing,pv__CHN__main_level
pv,CHN,CHN,2019,282.48497461032827,298.4415804150787,-0.5094069001785779,1.0531624883297273,0.3686137455579208,580.10487,12.26991633321208,False,fitted_exp_log_OLS_no_smearing,pv__CHN__main_level
pv,CHN,CHN,2020,253.59096118664755,275.7864282538956,-0.5094069001785779,1.0531624883297273,0.3686137455579208,710.6335,12.120389009740702,False,fitted_exp_log_OLS_no_smearing,pv__CHN__main_level
pv,CHN,CHN,2021,327.2604837903864,346.4040549812865,-0.5094069001785779,1.0531624883297273,0.3686137455579208,854.92824,31.256607742554525,False,fitted_exp_log_OLS_no_smearing,pv__CHN__main_level
pv,CHN,CHN,2022,315.87717213559927,302.580926235985,-0.5094069001785779,1.0531624883297273,0.3686137455579208,1045.85862,37.51555585928825,False,fitted_exp_log_OLS_no_smearing,pv__CHN__main_level
pv,CHN,CHN,2023,195.68035971721693,,-0.5094069001785779,1.0531624883297273,0.3686137455579208,1408.5874199999998,15.442415868619175,False,fitted_exp_log_OLS_no_smearing,pv__CHN__main_level
pv,CHN,CHN,2024,109.4301787373887,97.27851766068319,-0.5094069001785779,1.0531624883297273,0.3686137455579208,1864.01976,4.7,False,fitted_exp_log_OLS_no_smearing,pv__CHN__main_level
pv,USA,USA,2010,2604.4682351451097,3080.5973606141206,-0.4906304306778069,2.0016384834923326,0.1710368422212794,39.73239,86.15882929323459,False,fitted_exp_log_OLS_no_smearing,pv__USA__main_level
pv,USA,USA,2011,1987.0240461343935,2751.440299774658,-0.4906304306778069,2.0016384834923326,0.1710368422212794,70.26885,90.89271081670634,False,fitted_exp_log_OLS_no_smearing,pv__USA__main_level
pv,USA,USA,2012,1416.5062414722493,1428.9661263907135,-0.4906304306778069,2.0016384834923326,0.1710368422212794,99.31435,33.89647685975435,False,fitted_exp_log_OLS_no_smearing,pv__USA__main_level
pv,USA,USA,2013,1119.3776231386782,857.8204619561495,-0.4906304306778069,2.0016384834923326,0.1710368422212794,134.44763,20.40384900784716,False,fitted_exp_log_OLS_no_smearing,pv__USA__main_level
pv,USA,USA,2014,1033.6178125172853,874.2690018790479,-0.4906304306778069,2.0016384834923326,0.1710368422212794,172.65223999999998,26.236154197080296,False,fitted_exp_log_OLS_no_smearing,pv__USA__main_level
pv,USA,USA,2015,902.1254570889439,868.2084782452041,-0.4906304306778069,2.0016384834923326,0.1710368422212794,219.86211,23.688526001162742,False,fitted_exp_log_OLS_no_smearing,pv__USA__main_level
pv,USA,USA,2016,754.7429564012024,845.7154393798387,-0.4906304306778069,2.0016384834923326,0.1710368422212794,291.30835,18.71342035548105,False,fitted_exp_log_OLS_no_smearing,pv__USA__main_level
pv,USA,USA,2017,654.5302778783208,451.0470991284264,-0.4906304306778069,2.0016384834923326,0.1710368422212794,384.35013,18.018689295039167,False,fitted_exp_log_OLS_no_smearing,pv__USA__main_level
pv,USA,USA,2018,594.4444281699731,592.5711414843068,-0.4906304306778069,2.0016384834923326,0.1710368422212794,478.49221,19.23805628676222,False,fitted_exp_log_OLS_no_smearing,pv__USA__main_level
pv,USA,USA,2019,500.8090720780295,483.7505808148535,-0.4906304306778069,2.0016384834923326,0.1710368422212794,580.10487,12.26991633321208,False,fitted_exp_log_OLS_no_smearing,pv__USA__main_level
pv,USA,USA,2020,452.3948500366057,461.5677068385029,-0.4906304306778069,2.0016384834923326,0.1710368422212794,710.6335,12.120389009740702,False,fitted_exp_log_OLS_no_smearing,pv__USA__main_level
pv,USA,USA,2021,485.8439141305412,404.9731142108663,-0.4906304306778069,2.0016384834923326,0.1710368422212794,854.92824,31.256607742554525,False,fitted_exp_log_OLS_no_smearing,pv__USA__main_level
pv,USA,USA,2022,454.0496694376206,407.821932397461,-0.4906304306778069,2.0016384834923326,0.1710368422212794,1045.85862,37.51555585928825,False,fitted_exp_log_OLS_no_smearing,pv__USA__main_level
pv,USA,USA,2023,337.0741866138405,399.0112970065271,-0.4906304306778069,2.0016384834923326,0.1710368422212794,1408.5874199999998,15.442415868619175,False,fitted_exp_log_OLS_no_smearing,pv__USA__main_level
pv,USA,USA,2024,239.70191312785576,345.91011545706954,-0.4906304306778069,2.0016384834923326,0.1710368422212794,1864.01976,4.7,False,fitted_exp_log_OLS_no_smearing,pv__USA__main_level
pv,DEU,DEU,2010,2665.423973792646,3145.2931917701626,-0.3874765003794204,1.259602038513293,0.2575100124671792,39.73239,86.15882929323459,False,fitted_exp_log_OLS_no_smearing,pv__DEU__main_level
pv,DEU,DEU,2011,2166.715308567403,2035.118483114291,-0.3874765003794204,1.259602038513293,0.2575100124671792,70.26885,90.89271081670634,False,fitted_exp_log_OLS_no_smearing,pv__DEU__main_level
pv,DEU,DEU,2012,1469.8503224522924,1280.2977286235707,-0.3874765003794204,1.259602038513293,0.2575100124671792,99.31435,33.89647685975435,False,fitted_exp_log_OLS_no_smearing,pv__DEU__main_level
pv,DEU,DEU,2013,1146.932523960016,1205.482909644004,-0.3874765003794204,1.259602038513293,0.2575100124671792,134.44763,20.40384900784716,False,fitted_exp_log_OLS_no_smearing,pv__DEU__main_level
pv,DEU,DEU,2014,1110.625280664825,1107.421065123383,-0.3874765003794204,1.259602038513293,0.2575100124671792,172.65223999999998,26.236154197080296,False,fitted_exp_log_OLS_no_smearing,pv__DEU__main_level
pv,DEU,DEU,2015,985.0704354128677,882.8871845364679,-0.3874765003794204,1.259602038513293,0.2575100124671792,219.86211,23.688526001162742,False,fitted_exp_log_OLS_no_smearing,pv__DEU__main_level
pv,DEU,DEU,2016,831.2880623539319,856.8205053073832,-0.3874765003794204,1.259602038513293,0.2575100124671792,291.30835,18.71342035548105,False,fitted_exp_log_OLS_no_smearing,pv__DEU__main_level
pv,DEU,DEU,2017,739.3984329633057,737.7351564931761,-0.3874765003794204,1.259602038513293,0.2575100124671792,384.35013,18.018689295039167,False,fitted_exp_log_OLS_no_smearing,pv__DEU__main_level
pv,DEU,DEU,2018,690.7709134668373,658.8989601407658,-0.3874765003794204,1.259602038513293,0.2575100124671792,478.49221,19.23805628676222,False,fitted_exp_log_OLS_no_smearing,pv__DEU__main_level
pv,DEU,DEU,2019,570.9945949797228,550.4965692833757,-0.3874765003794204,1.259602038513293,0.2575100124671792,580.10487,12.26991633321208,False,fitted_exp_log_OLS_no_smearing,pv__DEU__main_level
pv,DEU,DEU,2020,526.1491706619879,604.6700765600451,-0.3874765003794204,1.259602038513293,0.2575100124671792,710.6335,12.120389009740702,False,fitted_exp_log_OLS_no_smearing,pv__DEU__main_level
pv,DEU,DEU,2021,625.0962047169435,623.7461295178601,-0.3874765003794204,1.259602038513293,0.2575100124671792,854.92824,31.256607742554525,False,fitted_exp_log_OLS_no_smearing,pv__DEU__main_level
pv,DEU,DEU,2022,605.952504611942,606.8253336624042,-0.3874765003794204,1.259602038513293,0.2575100124671792,1045.85862,37.51555585928825,False,fitted_exp_log_OLS_no_smearing,pv__DEU__main_level
pv,DEU,DEU,2023,429.6002868090761,436.1885956398473,-0.3874765003794204,1.259602038513293,0.2575100124671792,1408.5874199999998,15.442415868619175,False,fitted_exp_log_OLS_no_smearing,pv__DEU__main_level
pv,DEU,DEU,2024,283.7183486914308,,-0.3874765003794204,1.259602038513293,0.2575100124671792,1864.01976,4.7,True,fitted_exp_log_OLS_no_smearing,pv__DEU__main_level
pv,JPN,JPN,2010,6777.605704087598,6185.854551124482,-0.5739927583121232,3.878108316768624,0.0334484244505116,39.73239,86.15882929323459,False,fitted_exp_log_OLS_no_smearing,pv__JPN__main_level
pv,JPN,JPN,2011,4894.656887329767,5857.115929207474,-0.5739927583121232,3.878108316768624,0.0334484244505116,70.26885,90.89271081670634,False,fitted_exp_log_OLS_no_smearing,pv__JPN__main_level
pv,JPN,JPN,2012,3882.8612570230916,4918.597175884388,-0.5739927583121232,3.878108316768624,0.0334484244505116,99.31435,33.89647685975435,False,fitted_exp_log_OLS_no_smearing,pv__JPN__main_level
pv,JPN,JPN,2013,3208.2983954780284,3339.4520018715903,-0.5739927583121232,3.878108316768624,0.0334484244505116,134.44763,20.40384900784716,False,fitted_exp_log_OLS_no_smearing,pv__JPN__main_level
pv,JPN,JPN,2014,2802.7242144464526,2517.6107562854827,-0.5739927583121232,3.878108316768624,0.0334484244505116,172.65223999999998,26.236154197080296,False,fitted_exp_log_OLS_no_smearing,pv__JPN__main_level
pv,JPN,JPN,2015,2431.307054978458,1508.7755730601602,-0.5739927583121232,3.878108316768624,0.0334484244505116,219.86211,23.688526001162742,False,fitted_exp_log_OLS_no_smearing,pv__JPN__main_level
pv,JPN,JPN,2016,2052.4463980086575,2274.1789197815065,-0.5739927583121232,3.878108316768624,0.0334484244505116,291.30835,18.71342035548105,False,fitted_exp_log_OLS_no_smearing,pv__JPN__main_level
pv,JPN,JPN,2017,1748.3501128977448,1433.3048302872064,-0.5739927583121232,3.878108316768624,0.0334484244505116,384.35013,18.018689295039167,False,fitted_exp_log_OLS_no_smearing,pv__JPN__main_level
pv,JPN,JPN,2018,1545.1314815521182,1499.0693210464065,-0.5739927583121232,3.878108316768624,0.0334484244505116,478.49221,19.23805628676222,False,fitted_exp_log_OLS_no_smearing,pv__JPN__main_level
pv,JPN,JPN,2019,1362.7881644370923,1926.376864314296,-0.5739927583121232,3.878108316768624,0.0334484244505116,580.10487,12.26991633321208,False,fitted_exp_log_OLS_no_smearing,pv__JPN__main_level
pv,JPN,JPN,2020,1212.4364834179496,,-0.5739927583121232,3.878108316768624,0.0334484244505116,710.6335,12.120389009740702,True,fitted_exp_log_OLS_no_smearing,pv__JPN__main_level
pv,JPN,JPN,2021,1125.4808167424942,,-0.5739927583121232,3.878108316768624,0.0334484244505116,854.92824,31.256607742554525,True,fitted_exp_log_OLS_no_smearing,pv__JPN__main_level
pv,JPN,JPN,2022,1008.649571198117,,-0.5739927583121232,3.878108316768624,0.0334484244505116,1045.85862,37.51555585928825,True,fitted_exp_log_OLS_no_smearing,pv__JPN__main_level
pv,JPN,JPN,2023,825.3204236295528,,-0.5739927583121232,3.878108316768624,0.0334484244505116,1408.5874199999998,15.442415868619175,True,fitted_exp_log_OLS_no_smearing,pv__JPN__main_level
pv,JPN,JPN,2024,675.3155443398249,,-0.5739927583121232,3.878108316768624,0.0334484244505116,1864.01976,4.7,True,fitted_exp_log_OLS_no_smearing,pv__JPN__main_level
pv,KOR,KOR,2010,2523.395909351678,2733.2845691015154,-0.6035999212061967,2.8489817899636107,0.0671378841150032,39.73239,86.15882929323459,False,fitted_exp_log_OLS_no_smearing,pv__KOR__main_level
pv,KOR,KOR,2011,1795.0752493346295,1673.461694059279,-0.6035999212061967,2.8489817899636107,0.0671378841150032,70.26885,90.89271081670634,False,fitted_exp_log_OLS_no_smearing,pv__KOR__main_level
pv,KOR,KOR,2012,1363.4277261838304,1215.9865240380848,-0.6035999212061967,2.8489817899636107,0.0671378841150032,99.31435,33.89647685975435,False,fitted_exp_log_OLS_no_smearing,pv__KOR__main_level
pv,KOR,KOR,2013,1097.5741132033684,1104.1736457801226,-0.6035999212061967,2.8489817899636107,0.0671378841150032,134.44763,20.40384900784716,False,fitted_exp_log_OLS_no_smearing,pv__KOR__main_level
pv,KOR,KOR,2014,959.8470884204926,,-0.6035999212061967,2.8489817899636107,0.0671378841150032,172.65223999999998,26.236154197080296,False,fitted_exp_log_OLS_no_smearing,pv__KOR__main_level
pv,KOR,KOR,2015,823.8703133513013,1138.1991165190684,-0.6035999212061967,2.8489817899636107,0.0671378841150032,219.86211,23.688526001162742,False,fitted_exp_log_OLS_no_smearing,pv__KOR__main_level
pv,KOR,KOR,2016,684.2637078037419,522.7997516739096,-0.6035999212061967,2.8489817899636107,0.0671378841150032,291.30835,18.71342035548105,False,fitted_exp_log_OLS_no_smearing,pv__KOR__main_level
pv,KOR,KOR,2017,577.3811960760921,575.8814050261097,-0.6035999212061967,2.8489817899636107,0.0671378841150032,384.35013,18.018689295039167,False,fitted_exp_log_OLS_no_smearing,pv__KOR__main_level
pv,KOR,KOR,2018,508.09003139507666,,-0.6035999212061967,2.8489817899636107,0.0671378841150032,478.49221,19.23805628676222,False,fitted_exp_log_OLS_no_smearing,pv__KOR__main_level
pv,KOR,KOR,2019,438.8815046036208,460.1218624954528,-0.6035999212061967,2.8489817899636107,0.0671378841150032,580.10487,12.26991633321208,False,fitted_exp_log_OLS_no_smearing,pv__KOR__main_level
pv,KOR,KOR,2020,387.96180731061975,,-0.6035999212061967,2.8489817899636107,0.0671378841150032,710.6335,12.120389009740702,True,fitted_exp_log_OLS_no_smearing,pv__KOR__main_level
pv,KOR,KOR,2021,369.7871275242852,,-0.6035999212061967,2.8489817899636107,0.0671378841150032,854.92824,31.256607742554525,True,fitted_exp_log_OLS_no_smearing,pv__KOR__main_level
pv,KOR,KOR,2022,331.4611547751219,,-0.6035999212061967,2.8489817899636107,0.0671378841150032,1045.85862,37.51555585928825,True,fitted_exp_log_OLS_no_smearing,pv__KOR__main_level
pv,KOR,KOR,2023,260.9151156318599,,-0.6035999212061967,2.8489817899636107,0.0671378841150032,1408.5874199999998,15.442415868619175,True,fitted_exp_log_OLS_no_smearing,pv__KOR__main_level
pv,KOR,KOR,2024,203.41202684507493,,-0.6035999212061967,2.8489817899636107,0.0671378841150032,1864.01976,4.7,True,fitted_exp_log_OLS_no_smearing,pv__KOR__main_level
wind,CHN,china_domestic,2010,1119.1129560869779,908.8931830120896,-0.7209200284230962,10.754774353893588,0.0,177.71164000000002,,False,fitted_exp_log_OLS_no_smearing,wind__china_domestic__main_level
wind,CHN,china_domestic,2011,971.4671722186021,820.220988873941,-0.7209200284230962,10.754774353893588,0.0,216.24613,,False,fitted_exp_log_OLS_no_smearing,wind__china_domestic__main_level
wind,CHN,china_domestic,2012,847.4255199196986,787.1571447391746,-0.7209200284230962,10.754774353893588,0.0,261.36127,,False,fitted_exp_log_OLS_no_smearing,wind__china_domestic__main_level
wind,CHN,china_domestic,2013,781.8066424666732,819.1090154497971,-0.7209200284230962,10.754774353893588,0.0,292.27612,,False,fitted_exp_log_OLS_no_smearing,wind__china_domestic__main_level
wind,CHN,china_domestic,2014,700.0945572256124,693.6768873733517,-0.7209200284230962,10.754774353893588,0.0,340.63979000000006,,False,fitted_exp_log_OLS_no_smearing,wind__china_domestic__main_level
wind,CHN,china_domestic,2015,618.8076105539675,624.6502405494082,-0.7209200284230962,10.754774353893588,0.0,404.24651,,False,fitted_exp_log_OLS_no_smearing,wind__china_domestic__main_level
wind,CHN,china_domestic,2016,570.5046846470333,636.443466806889,-0.7209200284230962,10.754774353893588,0.0,452.48745,,False,fitted_exp_log_OLS_no_smearing,wind__china_domestic__main_level
wind,CHN,china_domestic,2017,534.2113357494059,645.3920976117818,-0.7209200284230962,10.754774353893588,0.0,495.6822,,False,fitted_exp_log_OLS_no_smearing,wind__china_domestic__main_level
wind,CHN,china_domestic,2018,502.6044898319903,639.4422397706874,-0.7209200284230962,10.754774353893588,0.0,539.4404499999999,,False,fitted_exp_log_OLS_no_smearing,wind__china_domestic__main_level
wind,CHN,china_domestic,2019,468.73893763776726,601.1015696488982,-0.7209200284230962,10.754774353893588,0.0,594.24654,,False,fitted_exp_log_OLS_no_smearing,wind__china_domestic__main_level
wind,CHN,china_domestic,2020,417.2501354431693,605.2464880320971,-0.7209200284230962,10.754774353893588,0.0,698.33524,,False,fitted_exp_log_OLS_no_smearing,wind__china_domestic__main_level
wind,CHN,china_domestic,2021,389.1392194036976,472.95250127256736,-0.7209200284230962,10.754774353893588,0.0,769.27527,,False,fitted_exp_log_OLS_no_smearing,wind__china_domestic__main_level
wind,CHN,china_domestic,2022,365.2981622319275,321.6630370953076,-0.7209200284230962,10.754774353893588,0.0,839.7858299999999,,False,fitted_exp_log_OLS_no_smearing,wind__china_domestic__main_level
wind,CHN,china_domestic,2023,335.97857219698005,235.49892702593715,-0.7209200284230962,10.754774353893588,0.0,943.12808,,False,fitted_exp_log_OLS_no_smearing,wind__china_domestic__main_level
wind,CHN,china_domestic,2024,311.13156825430923,194.82113843199423,-0.7209200284230962,10.754774353893588,0.0,1049.19276,,False,fitted_exp_log_OLS_no_smearing,wind__china_domestic__main_level
wind,USA,USA_LBNL_WM_chain,2010,1773.236102508828,2007.439282028712,-0.3462790494570753,9.274343118100706,0.0,177.71164000000002,,False,fitted_exp_log_OLS_no_smearing,wind__USA_LBNL_WM_chain__main_level
wind,USA,USA_LBNL_WM_chain,2011,1656.732326584895,1810.7190888241348,-0.3462790494570753,9.274343118100706,0.0,216.24613,,False,fitted_exp_log_OLS_no_smearing,wind__USA_LBNL_WM_chain__main_level
wind,USA,USA_LBNL_WM_chain,2012,1551.5152312517582,1555.7446476537932,-0.3462790494570753,9.274343118100706,0.0,261.36127,,False,fitted_exp_log_OLS_no_smearing,wind__USA_LBNL_WM_chain__main_level
wind,USA,USA_LBNL_WM_chain,2013,1492.6001049489992,1581.7049281828563,-0.3462790494570753,9.274343118100706,0.0,292.27612,,False,fitted_exp_log_OLS_no_smearing,wind__USA_LBNL_WM_chain__main_level
wind,USA,USA_LBNL_WM_chain,2014,1415.5173718915798,1348.0200277619072,-0.3462790494570753,9.274343118100706,0.0,340.63979000000006,,False,fitted_exp_log_OLS_no_smearing,wind__USA_LBNL_WM_chain__main_level
wind,USA,USA_LBNL_WM_chain,2015,1334.0405895735628,1595.3430694467447,-0.3462790494570753,9.274343118100706,0.0,404.24651,,False,fitted_exp_log_OLS_no_smearing,wind__USA_LBNL_WM_chain__main_level
wind,USA,USA_LBNL_WM_chain,2016,1282.9659539283266,1118.443545780172,-0.3462790494570753,9.274343118100706,0.0,452.48745,,False,fitted_exp_log_OLS_no_smearing,wind__USA_LBNL_WM_chain__main_level
wind,USA,USA_LBNL_WM_chain,2017,1243.0929243521841,1001.7798703231568,-0.3462790494570753,9.274343118100706,0.0,495.6822,,False,fitted_exp_log_OLS_no_smearing,wind__USA_LBNL_WM_chain__main_level
wind,USA,USA_LBNL_WM_chain,2018,1207.205590643633,943.4480325946488,-0.3462790494570753,9.274343118100706,0.0,539.4404499999999,,False,fitted_exp_log_OLS_no_smearing,wind__USA_LBNL_WM_chain__main_level
wind,USA,USA_LBNL_WM_chain,2019,1167.4263743722756,990.1135027774552,-0.3462790494570753,9.274343118100706,0.0,594.24654,,False,fitted_exp_log_OLS_no_smearing,wind__USA_LBNL_WM_chain__main_level
wind,USA,USA_LBNL_WM_chain,2020,1103.9674672382962,998.8632784367312,-0.3462790494570753,9.274343118100706,0.0,698.33524,,False,fitted_exp_log_OLS_no_smearing,wind__USA_LBNL_WM_chain__main_level
wind,USA,USA_LBNL_WM_chain,2021,1067.5946457685639,1039.695564846687,-0.3462790494570753,9.274343118100706,0.0,769.27527,,False,fitted_exp_log_OLS_no_smearing,wind__USA_LBNL_WM_chain__main_level
wind,USA,USA_LBNL_WM_chain,2022,1035.661271588064,1071.7780755973658,-0.3462790494570753,9.274343118100706,0.0,839.7858299999999,,False,fitted_exp_log_OLS_no_smearing,wind__USA_LBNL_WM_chain__main_level
wind,USA,USA_LBNL_WM_chain,2023,994.8658729493263,1223.4408536914857,-0.3462790494570753,9.274343118100706,0.0,943.12808,,False,fitted_exp_log_OLS_no_smearing,wind__USA_LBNL_WM_chain__main_level
wind,USA,USA_LBNL_WM_chain,2024,958.8201289722092,1226.357445577911,-0.3462790494570753,9.274343118100706,0.0,1049.19276,,False,fitted_exp_log_OLS_no_smearing,wind__USA_LBNL_WM_chain__main_level
wind,DEU,DEU_spliced_proxy,2010,2207.1881251405275,2103.258602497749,-0.5173177868697387,10.37926470673463,0.0,177.71164000000002,,False,fitted_exp_log_OLS_no_smearing,wind__DEU_spliced_proxy__main_level
wind,DEU,DEU_spliced_proxy,2011,1994.1006662625784,2009.6347515435457,-0.5173177868697387,10.37926470673463,0.0,216.24613,,False,fitted_exp_log_OLS_no_smearing,wind__DEU_spliced_proxy__main_level
wind,DEU,DEU_spliced_proxy,2012,1807.9045759204946,1916.0109005893423,-0.5173177868697387,10.37926470673463,0.0,261.36127,,False,fitted_exp_log_OLS_no_smearing,wind__DEU_spliced_proxy__main_level
wind,DEU,DEU_spliced_proxy,2013,1706.3127589897306,1862.9904594453628,-0.5173177868697387,10.37926470673463,0.0,292.27612,,False,fitted_exp_log_OLS_no_smearing,wind__DEU_spliced_proxy__main_level
wind,DEU,DEU_spliced_proxy,2014,1576.3619687602495,1669.9434814068,-0.5173177868697387,10.37926470673463,0.0,340.63979000000006,,False,fitted_exp_log_OLS_no_smearing,wind__DEU_spliced_proxy__main_level
wind,DEU,DEU_spliced_proxy,2015,1442.756049705545,1426.1887981562843,-0.5173177868697387,10.37926470673463,0.0,404.24651,,False,fitted_exp_log_OLS_no_smearing,wind__DEU_spliced_proxy__main_level
wind,DEU,DEU_spliced_proxy,2016,1361.0212034362005,1387.334132782221,-0.5173177868697387,10.37926470673463,0.0,452.48745,,False,fitted_exp_log_OLS_no_smearing,wind__DEU_spliced_proxy__main_level
wind,DEU,DEU_spliced_proxy,2017,1298.3170779567154,1229.1689746364175,-0.5173177868697387,10.37926470673463,0.0,495.6822,,False,fitted_exp_log_OLS_no_smearing,wind__DEU_spliced_proxy__main_level
wind,DEU,DEU_spliced_proxy,2018,1242.7232352698034,1163.4613871771808,-0.5173177868697387,10.37926470673463,0.0,539.4404499999999,,False,fitted_exp_log_OLS_no_smearing,wind__DEU_spliced_proxy__main_level
wind,DEU,DEU_spliced_proxy,2019,1182.0479497589506,1048.5733199055244,-0.5173177868697387,10.37926470673463,0.0,594.24654,,False,fitted_exp_log_OLS_no_smearing,wind__DEU_spliced_proxy__main_level
wind,DEU,DEU_spliced_proxy,2020,1087.3579039989831,1006.0410519311284,-0.5173177868697387,10.37926470673463,0.0,698.33524,,False,fitted_exp_log_OLS_no_smearing,wind__DEU_spliced_proxy__main_level
wind,DEU,DEU_spliced_proxy,2021,1034.274824774631,987.556624217854,-0.5173177868697387,10.37926470673463,0.0,769.27527,,False,fitted_exp_log_OLS_no_smearing,wind__DEU_spliced_proxy__main_level
wind,DEU,DEU_spliced_proxy,2022,988.4005754543773,1000.439366581395,-0.5173177868697387,10.37926470673463,0.0,839.7858299999999,,False,fitted_exp_log_OLS_no_smearing,wind__DEU_spliced_proxy__main_level
wind,DEU,DEU_spliced_proxy,2023,930.8057761580548,991.2985313655392,-0.5173177868697387,10.37926470673463,0.0,943.12808,,False,fitted_exp_log_OLS_no_smearing,wind__DEU_spliced_proxy__main_level
wind,DEU,DEU_spliced_proxy,2024,880.8768930479373,991.8060532801134,-0.5173177868697387,10.37926470673463,0.0,1049.19276,,False,fitted_exp_log_OLS_no_smearing,wind__DEU_spliced_proxy__main_level
wind,DNK,DNK_vestas_proxy,2010,1855.9932845406126,1844.524839790812,-0.3795433762205324,9.49227155977344,0.0,177.71164000000002,,False,fitted_exp_log_OLS_no_smearing,wind__DNK_vestas_proxy__main_level
wind,DNK,DNK_vestas_proxy,2011,1722.7687343455427,1889.525338205135,-0.3795433762205324,9.49227155977344,0.0,216.24613,,False,fitted_exp_log_OLS_no_smearing,wind__DNK_vestas_proxy__main_level
wind,DNK,DNK_vestas_proxy,2012,1603.2205127079849,1764.1183436298495,-0.3795433762205324,9.49227155977344,0.0,261.36127,,False,fitted_exp_log_OLS_no_smearing,wind__DNK_vestas_proxy__main_level
wind,DNK,DNK_vestas_proxy,2013,1536.6169954796815,1715.3011198965864,-0.3795433762205324,9.49227155977344,0.0,292.27612,,False,fitted_exp_log_OLS_no_smearing,wind__DNK_vestas_proxy__main_level
wind,DNK,DNK_vestas_proxy,2014,1449.8571759510608,1537.558020921843,-0.3795433762205324,9.49227155977344,0.0,340.63979000000006,,False,fitted_exp_log_OLS_no_smearing,wind__DNK_vestas_proxy__main_level
wind,DNK,DNK_vestas_proxy,2015,1358.644483382032,1313.1270910478793,-0.3795433762205324,9.49227155977344,0.0,404.24651,,False,fitted_exp_log_OLS_no_smearing,wind__DNK_vestas_proxy__main_level
wind,DNK,DNK_vestas_proxy,2016,1301.7371152699056,1277.3526453487964,-0.3795433762205324,9.49227155977344,0.0,452.48745,,False,fitted_exp_log_OLS_no_smearing,wind__DNK_vestas_proxy__main_level
wind,DNK,DNK_vestas_proxy,2017,1257.4611903478258,1126.6082811577746,-0.3795433762205324,9.49227155977344,0.0,495.6822,,False,fitted_exp_log_OLS_no_smearing,wind__DNK_vestas_proxy__main_level
wind,DNK,DNK_vestas_proxy,2018,1217.7274502652863,858.6518159779487,-0.3795433762205324,9.49227155977344,0.0,539.4404499999999,,False,fitted_exp_log_OLS_no_smearing,wind__DNK_vestas_proxy__main_level
wind,DNK,DNK_vestas_proxy,2019,1173.8172482697314,969.4370419025678,-0.3795433762205324,9.49227155977344,0.0,594.24654,,False,fitted_exp_log_OLS_no_smearing,wind__DNK_vestas_proxy__main_level
wind,DNK,DNK_vestas_proxy,2020,1104.067236344541,995.4026918764436,-0.3795433762205324,9.49227155977344,0.0,698.33524,,False,fitted_exp_log_OLS_no_smearing,wind__DNK_vestas_proxy__main_level
wind,DNK,DNK_vestas_proxy,2021,1064.2604901318734,1095.1112453655387,-0.3795433762205324,9.49227155977344,0.0,769.27527,,False,fitted_exp_log_OLS_no_smearing,wind__DNK_vestas_proxy__main_level
wind,DNK,DNK_vestas_proxy,2022,1029.4194223068905,1130.271881396898,-0.3795433762205324,9.49227155977344,0.0,839.7858299999999,,False,fitted_exp_log_OLS_no_smearing,wind__DNK_vestas_proxy__main_level
wind,DNK,DNK_vestas_proxy,2023,985.0597232975189,1081.6587262330129,-0.3795433762205324,9.49227155977344,0.0,943.12808,,False,fitted_exp_log_OLS_no_smearing,wind__DNK_vestas_proxy__main_level
wind,DNK,DNK_vestas_proxy,2024,946.0096034307724,1203.819683837444,-0.3795433762205324,9.49227155977344,0.0,1049.19276,,False,fitted_exp_log_OLS_no_smearing,wind__DNK_vestas_proxy__main_level
