grid,scenario,year,region,real_GDP,real_consumption,real_investment,nominal_investment,real_exports,real_imports,total_CO2,power_CO2,fossil_energy_Mtoe,carbon_price_2017USD_t,carbon_increment_2024USD_t,carbon_revenue,log_utility,log_unit_expenditure,generation_TWh,renewable_generation_TWh,renewable_capacity_proxy_GW,electricity_price_index,carbon_match_status,macro_productivity
fiveyear_2050,B,2017,Australia_Oceania,1509.3797976987987,835.0510809120212,347.2617437431656,370.8228782116857,395.14768570380943,374.07014728393614,426.6800434206558,193.28946951356744,175.92852252876048,13.460000005430096,0.0,5.743113386786241,6.028777472448966,0.058994886427942504,277.2137289407587,62.070309025125795,23.85281942866046,1.0578727162142831,NOT_APPLICABLE,1.0003736988638863
fiveyear_2050,B,2017,China,12577.997027931751,5063.800174936885,5124.705596941671,5443.688967503807,2880.8934644200785,2673.5622458983757,9745.164500177874,4694.482193949424,3977.614438864212,2.7093911315472175e-9,0.0,2.6260386819451e-8,7.83356067634602,0.06410333667594734,7025.1142314765875,1722.7477258065408,621.3034233434482,0.998177424688034,NOT_APPLICABLE,0.9999766600003124
fiveyear_2050,B,2017,Japan,4868.859334082359,2652.894604189973,1239.749379468523,1249.1679078539735,828.605905165521,857.149724571002,1086.996099474289,514.3779374516894,597.182475770108,13.6,0.0,14.783146952887742,7.183611099117079,0.02710200783576364,1016.9719533703872,168.96216464413988,63.53328163729765,1.0484460583344395,NOT_APPLICABLE,1.0005827939070984
fiveyear_2050,B,2017,South Korea,1532.8940894707616,692.2408055279406,464.28242612273215,502.5636215115412,668.0388412516871,557.7163804178971,521.8664520473415,258.5847461115896,413.68075888008303,18.140000001303466,0.0,9.46665744098087,5.84023333414121,0.08159566551718372,525.0482373149778,19.824162268286443,8.461799091739287,1.092224740908582,NOT_APPLICABLE,1.0005746387521197
fiveyear_2050,B,2017,Rest of World,78.07131031129909,34.16933154782408,26.035687540882847,26.264644902963607,31.06350027859948,26.673892528990923,44.62521036314682,16.873332526075714,12.721128091595762,7.47566348209296e-10,0.0,3.3360305095898386e-11,2.8383215393985703,0.02789014370043617,82.32647227889773,28.495613195644268,15.882002889954194,0.9986061486163091,NOT_APPLICABLE,1.0000051947562145
fiveyear_2050,B,2017,Southeast Asia,2732.781737017649,1565.8561300402657,799.930433706944,813.1364463136903,1405.3463481515967,1414.7309458668349,1500.1038962292857,578.995715898379,764.2760207411598,2.6276599996699393e-12,0.0,-4.824910067328157e-12,6.663029847847282,0.03276086125282451,992.8862001327808,209.51765516491375,61.36771358646591,0.9967362706338684,NOT_APPLICABLE,1.0000218463859054
fiveyear_2050,B,2017,"Central, Western and South Asia",4555.599070192781,2626.1516134253766,1163.3274757195593,1187.318592489171,1373.2677212928659,1431.2414753200899,3072.4296613314414,1144.9420064111964,1835.941108005874,0.0,0.0,-3.614718509735634e-9,7.1782060093927225,0.017945818236378773,2003.0770962310878,208.83727564649794,88.92928166876969,0.9967718357482563,NOT_APPLICABLE,1.0000632421933142
fiveyear_2050,B,2017,India,2597.5826252912,1622.1459075197522,784.8416815716323,797.1244595514146,394.49510863268847,520.5986392495481,2224.226561834662,1114.2930511025395,983.9059786087956,3.8419930521153467e-10,0.0,8.197756052248124e-10,6.69836141501057,0.02400113023578062,1488.6569294813387,232.9582033608531,89.54293835805717,0.9983796188557168,NOT_APPLICABLE,0.9999876184984722
fiveyear_2050,B,2017,Canada,1554.6746463255631,882.2620927110835,363.3030447034999,376.43635104801336,472.51339018609497,512.8948773367571,587.5916569169585,101.67242748055448,325.19376994389444,0.0,0.0,-4.780710073348704e-11,6.090888174469139,0.08309755925877353,663.5567390263154,440.9397366843826,97.74682282934978,0.9973355831840574,NOT_APPLICABLE,1.0000085574389852
fiveyear_2050,B,2017,United States,19183.068018939928,13042.363122703167,4221.817597285302,4056.144844191504,2165.844462582782,2849.233552345636,4848.462893673193,1726.912385770413,2775.658012084041,3.9400000014662586,0.0,19.102943807493315,8.779986110757871,0.022265210400045646,4190.889165972487,651.9716291727766,194.18218852227923,1.0243320895628882,NOT_APPLICABLE,1.0001449444016095
fiveyear_2050,B,2017,Rest of America,3651.5716809789105,2393.9305493458264,723.9584302335585,737.1271918746955,996.8435244621531,998.0730547579504,1274.0899794678878,333.644164560706,689.5297442154651,0.0,0.0,-1.2419162772580782e-10,7.088563669393071,0.04646358188961595,997.7835299542897,408.1065926265375,108.09661412443447,0.9983031437576246,NOT_APPLICABLE,0.9999976668435157
fiveyear_2050,B,2017,Brazil,1910.3144996933613,1188.197868849916,277.67873300568255,297.79949228809613,258.4267327652708,231.2430088920636,456.16581606090597,72.57796945820355,284.9996709016723,0.0,0.0,-4.6220037840023606e-10,6.384578891472814,0.10714488980094031,587.8498782023483,468.1642212295194,135.18138135575103,1.0001025403269423,NOT_APPLICABLE,1.0000010911296826
fiveyear_2050,B,2017,"EU, UK and EFTA",17223.788053815366,9372.984412492546,3717.0041019838122,3967.7201157401787,7455.806907686793,7444.300996556484,3603.7350815641807,1054.607634145013,2110.116509875663,6.240000000204399,0.0,22.48730691076086,8.448197570725007,0.11836965030958174,3481.265908054445,1168.2391282144388,437.55853463125567,1.024171804453738,NOT_APPLICABLE,1.000201945540916
fiveyear_2050,B,2017,Eastern Europe,282.248894624932,185.89691909792597,61.15723304504083,64.08662746307525,141.5517931991491,170.65874958650684,357.8586235299799,182.02305183483148,161.99312111215616,0.010000001406159123,0.0,0.0035785867441081864,4.527937112550261,0.11465252014157208,206.08380360865974,18.284922217625017,20.254875755020826,0.9975696069462473,NOT_APPLICABLE,0.9998673298725127
fiveyear_2050,B,2017,Russia,1561.0085843817221,823.4219286305718,339.01239519482033,340.0938015437529,397.62243121302845,282.434251141732,1601.8197441158088,796.8993037078757,986.7599687859941,3.6153340982481654e-11,0.0,4.544727490974428e-11,6.018693282970119,-0.0034593571927638792,1094.8884178403578,190.50125058022005,50.813551846058125,0.9939589313665707,NOT_APPLICABLE,1.0001167343354946
fiveyear_2050,B,2017,North Africa,622.1686664483653,403.9056394604379,150.6397462248526,152.61735893705944,174.46062368718995,217.57439411350353,501.1832414004184,177.57080669993167,272.70928010315276,6.281719250461208e-11,0.0,2.9300287643346244e-11,5.2989739645530225,-0.00578640527266481,343.49694941801357,20.858817912979006,7.2938492316925725,0.9954678187864066,NOT_APPLICABLE,1.0001023985021573
fiveyear_2050,B,2017,Sub Saharan,1295.507775569084,907.7210906119807,303.747030712958,309.8739445444498,279.02843169919925,346.84536089693904,356.8984579976356,69.35987931606215,148.15054751706506,0.0,0.0,9.503186039939813e-13,6.115170208635066,0.02795031462224986,196.750292080553,107.65241408246922,28.885046239477013,0.997951442392009,NOT_APPLICABLE,1.0000388814031422
fiveyear_2050,B,2017,South Africa,366.53636808513755,211.70406359663707,58.23887324874405,58.67070348358261,126.29575193414321,101.3672702864141,435.9915658771663,226.68121987882367,153.19803928239057,0.0,0.0,4.3741420407782026e-11,4.660786245028013,0.0649010352732933,257.09601862221973,13.806017878944598,5.308934099478502,0.9975494585554794,NOT_APPLICABLE,1.0000019237388154
fiveyear_2050,B,2020,Australia_Oceania,1603.6443320126607,901.4072846365634,376.4929296950699,432.4005810768904,415.4818975262161,416.497753232904,447.3512318556539,196.82763368169432,183.7333687327961,14.299999994973287,0.0,6.3971226132808345,6.17681814080136,0.13282685843381967,289.418896598288,71.19574030682323,29.094057572048985,1.1629180473718856,NOT_APPLICABLE,1.0361280050317996
fiveyear_2050,B,2020,China,15214.274125029104,6426.026099773985,5714.218613753604,6065.871010682042,3409.084164034977,3014.2180956211187,10910.375143919502,5346.180480510805,4464.043136045198,0.0,0.0,-1.1892961388332391e-8,8.264843988578402,0.07280596209337145,8348.48810427637,2190.2649526760065,897.5650829869159,1.0159018931775756,NOT_APPLICABLE,1.1603564219315563
fiveyear_2050,B,2020,Japan,4961.244810744495,2729.0404381059634,1271.9790400761995,1379.4626686564961,861.0964147155817,918.5872585608209,1145.2879585208325,526.1200965522271,622.2115807241285,5.579999999887387,0.0,6.390706808418421,7.2402246557157826,0.10167244033991085,1034.1982262691406,184.8127962747676,72.69741787918359,1.1064014757539746,NOT_APPLICABLE,1.0320295276030136
fiveyear_2050,B,2020,South Korea,1663.522792040314,751.9596497764236,517.0405584771468,595.6626680308049,716.3826821119961,612.2906074452319,506.6985477845364,233.0381286296634,423.279144515467,32.78999999947631,0.0,16.614645381679033,5.999315735449439,0.14664712418370765,524.849418217903,30.603676334409165,14.738229662123622,1.2246304782804227,NOT_APPLICABLE,1.0707394942041755
fiveyear_2050,B,2020,Rest of World,85.00998327355524,37.796614200402054,29.20569888602536,31.105844232383056,33.68121407162152,30.513636562015392,46.633326743663176,17.835225891934346,13.373492337127898,1.9124213554109777e-10,0.0,8.918256705914346e-12,3.0306881027017587,0.08095259826957374,86.6615943206246,29.626790161463557,21.236395821795263,1.0677354324913861,NOT_APPLICABLE,1.0692788313698545
fiveyear_2050,B,2020,Southeast Asia,3165.4480178264675,1792.566297146264,921.6696071938647,954.9401884970185,1592.8293747445198,1590.0809169662762,1562.8603964523002,578.7435815828178,808.9671286921374,3.5099999999958413,0.0,5.485639991540924,6.917024197372761,0.05729694314267434,1070.7996714671672,271.217216136399,90.27800596332166,1.0576242635820667,NOT_APPLICABLE,1.1548128161484448
fiveyear_2050,B,2020,"Central, Western and South Asia",5149.007068422775,2968.1615902249314,1323.8262235296825,1386.165760538322,1503.194599843915,1580.8230168061373,3323.9855662600903,1239.8820345924798,1970.7498235679138,1.1100000003130817,0.0,3.6896239793929375,7.4100631921993045,0.04785087018474377,2202.0356450750182,250.5298745272082,111.84904032235063,1.0570535633282465,NOT_APPLICABLE,1.1474596258258734
fiveyear_2050,B,2020,India,3067.265762614049,1886.9569003989984,924.5921524054941,951.3055718101915,457.3356679819279,581.5594711780327,2477.1581532551954,1263.5298638729746,1086.046502513618,0.0,0.0,-1.8512977293602733e-11,6.980314061987129,0.04567713547963861,1709.618583478474,259.729799577525,104.14432519101574,1.024474832429972,NOT_APPLICABLE,1.1496519622839503
fiveyear_2050,B,2020,Canada,1676.9768213901157,954.8564486694517,390.2036759047849,425.95611857693314,506.5546886928696,551.7194923712761,632.3129621346507,114.29797822109974,346.6879753100786,0.0,0.0,-3.3562585664754205e-10,6.2424704370973245,0.13468448629350374,691.6197349937263,436.19757595730977,95.36951220406264,1.0653843099776383,NOT_APPLICABLE,1.03745884368358
fiveyear_2050,B,2020,United States,20735.543437231663,14132.383040529026,4511.827838907408,4549.0090975095945,2343.308921989392,3055.7400539556693,5093.263343365801,1775.6555334918025,2895.9819247563496,5.130000000096745,0.0,26.128440951963356,8.934852764333453,0.06984233343141003,4436.842353906662,748.5126447674699,238.88767423967317,1.0940787753676255,NOT_APPLICABLE,1.0716403315055336
fiveyear_2050,B,2020,Rest of America,3783.7534314030104,2501.442179820797,758.4100161260972,827.9220050025763,1027.925280814181,1061.209550892381,1252.9554713282182,302.0528699448387,677.4599681165334,5.940000000175478,0.0,7.442555499905659,7.174435352874273,0.11634511562840105,989.8891162174093,452.7515485129827,127.92593563432496,1.1032661565766932,NOT_APPLICABLE,1.0551382221963452
fiveyear_2050,B,2020,Brazil,1993.874654418647,1253.811062825704,293.4761683666968,342.47129980675857,270.55714859414616,257.07531294616217,481.02274626213074,67.10727722725467,297.8860358347407,0.0,0.0,-1.4664211881233158e-11,6.488953346089545,0.19168719878839127,600.0445590969376,494.1414531108952,143.77634233442745,1.1450299538480326,NOT_APPLICABLE,1.0553713745859712
fiveyear_2050,B,2020,"EU, UK and EFTA",18178.75984638798,9929.551896285157,3962.0308902090155,4505.307255258205,7822.29109227302,7878.998574018712,3384.715680336428,887.2690226132847,2039.151044925366,32.6499999999355,0.0,110.51096696315872,8.55846980391606,0.18465044781594125,3556.9075748806445,1239.387566390293,458.138901712934,1.1604438831811805,NOT_APPLICABLE,1.067479211970611
fiveyear_2050,B,2020,Eastern Europe,295.5342471054362,196.33266128326449,62.37690032585955,69.85884798045925,149.01139105744932,179.80022908919847,373.7446595275061,186.74049044148975,169.18594324923396,0.37999999963434844,0.0,0.1420229704841969,4.634614960174573,0.18024581281786026,213.15075698774885,21.34255379314992,28.129300884795366,1.0737493413987707,NOT_APPLICABLE,1.0618624063446944
fiveyear_2050,B,2020,Russia,1670.15530351062,886.2682196208607,373.10081531062644,396.3259119067939,415.39951815975996,305.26251179235527,1693.2412157891645,840.8939304455944,1030.0657165948196,9.490157517881985e-11,0.0,-1.9017119665118276e-11,6.161004729186541,0.05393726498972266,1159.8759719977045,196.64615628368085,53.99788754972787,1.0645908756310805,NOT_APPLICABLE,1.0977244082682496
fiveyear_2050,B,2020,North Africa,720.6962250698111,460.93748269303904,173.37576202145252,176.06145186768887,194.95139766246936,237.4738038838345,557.5579388097708,192.722759411522,300.2607506419133,2.663810659098113e-10,0.0,1.4314308477867364e-10,5.5487611534872965,0.007254082025188265,377.09493839703975,26.701918822188155,10.47015375470464,1.0460678928376024,NOT_APPLICABLE,1.164074792532438
fiveyear_2050,B,2020,Sub Saharan,1447.651518664654,1012.0645963484064,342.15225014092715,358.0453839490868,304.4405276014149,384.546336109773,391.28604224396474,72.25138567715393,161.03390685791203,0.0,0.0,-1.2279043017865054e-10,6.3222580139505915,0.06524090075379518,214.76053724650447,122.18835027080375,33.79093544042475,1.067025871795741,NOT_APPLICABLE,1.10495466823681
fiveyear_2050,B,2020,South Africa,377.53280424559256,221.91239846763744,64.07514805148627,70.40066700883047,129.09748235711663,111.21013173871582,437.15326093692386,222.1496002312313,154.33832266410815,0.0,0.0,-3.470047096733619e-10,4.752895551243694,0.15297123585688566,254.8167019722265,17.0434069750087,7.239265619580271,1.1030567585145665,NOT_APPLICABLE,1.0267262228616139
fiveyear_2050,B,2025,Australia_Oceania,1630.0710733837018,941.6772671019339,405.1320195711821,545.048578409862,421.34651070489394,482.60274016956674,424.48409938108495,189.37666402973525,175.6111896824464,55.7,0.0,23.6437643353607,6.255930432897909,0.30068091988279344,291.340029373959,72.89193611595927,36.472774405392386,1.8418492190604399,NOT_APPLICABLE,1.022814071453193
fiveyear_2050,B,2025,China,19132.007916326427,8424.54612170321,6377.375993371804,6749.5271370029295,4174.898237098204,3428.6976332760514,11574.26898818686,5798.635438348837,4877.208198367078,11.710000000007026,0.0,135.53468985137803,8.675538821432703,0.09748455867844628,11366.255420370542,4170.600368685779,3005.580433618873,1.4161495720251411,NOT_APPLICABLE,1.402746039579213
fiveyear_2050,B,2025,Japan,5061.0371740783885,2783.8021301579997,1309.4962045311463,1567.7118353739431,909.4061530250156,987.7411318757084,1315.3038434230668,636.9902417583793,688.9865758150207,4.680000000003311,0.0,6.155621987200181,7.277614492518118,0.20692866640442945,1143.7312936942903,80.64997162307475,38.36451918791868,1.5642158240484445,NOT_APPLICABLE,1.0817984036091028
fiveyear_2050,B,2025,South Korea,1831.9912350994753,827.171204562788,579.5716332103619,730.5272775434571,793.525129682999,687.2222727271435,613.9130436006433,288.7909639629839,484.2598155206744,19.840000000159172,0.0,12.180034785238037,6.169327809216171,0.23811410893320878,617.6231422116184,18.207465038636688,11.2698420811999,1.5058312122286805,NOT_APPLICABLE,1.153975759595378
fiveyear_2050,B,2025,Rest of World,93.76223425465132,42.11740308682915,33.38514845029298,38.388876717310836,37.114280132539314,35.68903462472169,56.81426581952643,24.859648740104724,16.198276196169857,0.0,0.0,-6.8481823872390106e-12,3.2184200872689326,0.16591750624043478,92.76250521314975,11.89890994324374,31.843079077139905,1.4568843739034816,NOT_APPLICABLE,1.144820985976668
fiveyear_2050,B,2025,Southeast Asia,3636.253680964457,2039.3772597923783,1063.7933971226685,1160.0333322969338,1802.9406812417596,1805.356012042451,1926.3129142220828,814.0370355320254,962.3012217588497,4.690000000012707,0.0,9.034407567502711,7.133519011500877,0.12218187005583109,1332.9493263749296,192.6417406481581,87.93946009707906,1.5889752279765514,NOT_APPLICABLE,1.3074375688740114
fiveyear_2050,B,2025,"Central, Western and South Asia",5844.457937901426,3391.571127142861,1542.0062301253538,1735.9849078544282,1655.5222133164368,1793.2240266513625,3784.8646274431294,1507.4828768233672,2195.205932698407,1.3800000012728029,0.0,5.223113190793099,7.638338918986494,0.12878756014880577,2558.3918669981695,162.8867973626856,105.67187010754768,1.3440085593325168,NOT_APPLICABLE,1.313883303443329
fiveyear_2050,B,2025,India,3905.284799367559,2328.8665817816122,1173.2591411845467,1221.7889993904942,565.2089764195133,664.4244316232395,2896.3107846110743,1532.5160347308074,1242.0990283151111,1.988057694838737e-11,0.0,1.0234119657048218e-10,7.320055753055235,0.07945617665790856,1954.53767691367,123.83231280235951,57.85823478753265,1.1481149930364682,NOT_APPLICABLE,1.3974839965850532
fiveyear_2050,B,2025,Canada,1779.4953067804945,1015.7863264936741,419.6737035308483,504.1324754022555,533.0254066247848,599.0813378071592,717.4647350271644,168.1710230829475,391.275077541922,14.70000000001176,0.0,10.546731604915566,6.350549441608869,0.24247982369626694,807.8713953245679,326.0657979649709,86.15629317430698,2.1177254925575943,NOT_APPLICABLE,1.0651850640050011
fiveyear_2050,B,2025,United States,23032.533929455916,15669.660287172032,4960.37397510825,5401.182778699742,2605.185806071313,3331.557542230747,5472.736494372073,1969.850747559369,3098.0428611426473,14.700000000020381,0.0,80.44922646742334,9.118359510499035,0.14890240141566347,5024.464116963955,551.0422177603203,232.81935903214895,1.5769359055382581,NOT_APPLICABLE,1.1786850008408005
fiveyear_2050,B,2025,Rest of America,4015.612895775337,2679.3605203371512,817.7897624160407,980.83755713314,1094.438165065552,1170.679197827167,1543.2142664612327,480.33017983971325,800.3352505691041,5.289999999910693,0.0,8.163603469460083,7.301159689859133,0.2149442961039112,1108.4008320567684,238.07304945933126,95.26644027863759,1.8462299507687658,NOT_APPLICABLE,1.1608615703800682
fiveyear_2050,B,2025,Brazil,2179.110294880041,1372.6478667894746,328.79096976107746,424.7996625075459,297.96223558437174,303.7807614472196,651.7053184159076,150.81404197301381,380.33901532602334,0.0,0.0,-1.2021265572661065e-10,6.644764685907138,0.30734654199972766,599.3537377363319,310.3775711942609,103.8844407594396,2.474894170999792,NOT_APPLICABLE,1.2111359474753285
fiveyear_2050,B,2025,"EU, UK and EFTA",18509.32383081951,10044.28717612895,4168.240804924694,5289.15788267406,7955.4292458660075,8153.503135444097,3214.899417051035,831.6369925218474,1994.253864157962,100.0000000003984,0.0,321.489941706418,8.571351061431237,0.31055237851240625,4205.962380552089,991.0285737156626,457.8824168208551,2.287176592764251,NOT_APPLICABLE,1.1183499686720757
fiveyear_2050,B,2025,Eastern Europe,319.02952548855154,209.5580839849477,64.80768089295593,79.82839592916594,162.1881419892309,191.57616795831964,427.13309384270815,225.21635643131353,188.46513535056428,1.3099999995241902,0.0,0.5595443527236306,4.753110656022608,0.288427628512382,263.6901235840997,8.371509784601992,18.305651808211397,1.3478855480059888,NOT_APPLICABLE,1.1907200037900896
fiveyear_2050,B,2025,Russia,1819.5404221412812,972.3778830103291,434.48555577045187,513.393758293955,434.49599977775193,349.6172893304775,2051.70612903988,1110.1944613716678,1179.9456112762105,1.7459201716869747e-10,0.0,3.449762801573107e-10,6.327069482960204,0.17644246280857254,1428.8278811695147,61.228240454180266,19.379719576035942,1.4879856683944177,NOT_APPLICABLE,1.2666705034889532
fiveyear_2050,B,2025,North Africa,878.3027527701073,547.2281638346569,209.76696540884174,216.6903975480895,229.1001119834579,268.3994313237767,691.1195047540846,260.88904857485994,363.0941993897752,0.0,0.0,-1.1121890047986737e-10,5.837172369768938,0.0513617574927553,498.22185005667603,22.415976464190052,11.865253616803313,1.4046063253739418,NOT_APPLICABLE,1.4226415840114315
fiveyear_2050,B,2025,Sub Saharan,1524.6360494246235,1073.794454694537,363.52496934115936,414.7388297440088,321.7550986801048,424.4631952533439,467.773558861116,116.87479425878647,189.17641543882792,0.0,0.0,-1.5754457490317346e-13,6.425563130129732,0.16640972138220927,220.6395163185446,68.81058138154742,24.837330566287545,1.9309301389509932,NOT_APPLICABLE,1.1089670329844248
fiveyear_2050,B,2025,South Africa,384.4309283086609,231.52988390096516,71.89389473346418,90.80230738459738,129.9972454219182,124.6363454248724,450.57742693163084,225.16572928948784,159.6076341043957,7.727696036747441e-11,0.0,3.4788452359429236e-11,4.833028441954126,0.30008198663071256,257.55659167307414,14.87555144895441,8.57874822111819,1.5767687865727875,NOT_APPLICABLE,1.0561912858462736
fiveyear_2050,B,2030,Australia_Oceania,1725.0688699021612,1031.5657258582396,446.9454380267346,681.6047134923829,445.84843085391464,571.3498839860962,464.66570110919105,196.3625423634005,190.8386809697466,60.82000000007188,0.0,28.26096794146988,6.414609709168688,0.4285809741582761,346.269854453428,121.73754505104603,63.15261514106592,2.2691229104077637,NOT_APPLICABLE,1.0497508803727473
fiveyear_2050,B,2030,China,22856.787517235567,10624.2442094454,6691.217239774618,7043.898499278552,4967.939685138346,3864.2758889598426,12212.864169870332,5526.7966184324705,5321.8384388560635,12.430000000292582,0.0,151.80590163276113,8.983100347016503,0.12036330563070427,15349.372112896603,8350.192638808798,6287.036775230102,1.5844595530127392,NOT_APPLICABLE,1.6235773287525754
fiveyear_2050,B,2030,Japan,5234.350111143929,2897.467014266223,1371.5246984390344,1818.570161044866,960.6742511792302,1079.7146943475943,1404.3264799826227,640.4143222726402,737.6200117760948,5.109999999974758,0.0,7.176108312516468,7.352868379111878,0.3116308873927992,1171.3358035653694,107.77892147808615,60.62966144451645,1.9041672173007913,NOT_APPLICABLE,1.1400502427045123
fiveyear_2050,B,2030,South Korea,2036.433981319342,918.5838937482235,658.5415355715155,904.6081555745407,882.8358431004223,778.1318649810389,675.1465072051402,295.9333528529044,541.5060180652808,21.670000000170432,0.0,14.63042481126155,6.34318530899758,0.32506886569927435,655.4465617866655,32.26286441944777,21.222019135902677,1.7817663761299491,NOT_APPLICABLE,1.2474520539072438
fiveyear_2050,B,2030,Rest of World,105.62879947657022,47.85873334855225,38.73738103853073,47.12624386100782,41.396082739952554,41.73242567579437,63.1511891639527,26.863919808825997,18.088300251965563,6.57827826060142e-10,0.0,4.154260842075688e-11,3.4222277013807267,0.2300312223861287,103.63309979634782,16.377914353148917,87.09860140624095,1.6612315991694,NOT_APPLICABLE,1.2324721410115047
fiveyear_2050,B,2030,Southeast Asia,4452.872590925747,2437.5607545548382,1287.1655786204376,1413.1182604162889,2131.2457198991933,2095.452097602353,2145.6870057435076,846.6681976735005,1072.8897444765255,4.980000000050455,0.0,10.68552128871145,7.402156224110761,0.1477523919546862,1604.1074270859133,405.7586070759876,223.81683089034553,1.747479300511057,NOT_APPLICABLE,1.554311527111391
fiveyear_2050,B,2030,"Central, Western and South Asia",6855.112586044084,3955.068376179763,1820.489116105137,2126.92161618346,1879.5496989036644,2035.6005572895488,4258.7466556941345,1662.6550316649239,2439.644026758001,1.4599999998873716,0.0,6.217770116775958,7.877033624985977,0.1743949461209003,3022.7954316850796,367.53089480990354,277.20380953708974,1.5098853639448682,NOT_APPLICABLE,1.5173487192692245
fiveyear_2050,B,2030,India,5343.017470002153,3046.0787123669666,1621.4189614234747,1617.9321527656064,734.7428505672843,796.7903606866506,3444.2740819454134,1819.8684962045063,1466.6835758066202,0.0,0.0,-3.398059459108887e-10,7.688576699900371,0.07850154688261071,2479.9276916524336,221.71271258655517,116.07280247951303,1.1783013699172464,NOT_APPLICABLE,1.8089114451707224
fiveyear_2050,B,2030,Canada,1948.6249658737513,1124.3526871047472,459.4800625891733,607.6717124014232,582.5135539838363,668.0681155819702,785.1413631672117,176.90012620491186,426.64204066136347,16.050000001093892,0.0,12.601518879724217,6.522624721897763,0.33804991520639294,948.4514470177778,434.5331953560423,144.58002682471746,2.49593376158551,NOT_APPLICABLE,1.1106516824394768
fiveyear_2050,B,2030,United States,25493.759036847583,17404.08577029133,5420.269312282936,6370.512865252902,2904.1981298562787,3695.2669368837383,5939.634253288724,2006.3960491787022,3361.341812676051,16.04999999994909,0.0,95.33112976498249,9.291489259081153,0.22533035541415355,5553.185855856709,963.6594162202776,420.1758273974561,2.0477905087692756,NOT_APPLICABLE,1.2759962474195903
fiveyear_2050,B,2030,Rest of America,4413.868850596242,2979.201330463235,910.5971188543317,1196.0501010013725,1185.2685734751462,1317.1677969618759,1674.5619904819414,473.4562751831978,859.3329279585809,5.769999999990005,0.0,9.662222685063417,7.48450773914263,0.30538157835278357,1220.2218250536175,367.52586102580256,183.56764879399796,2.251833984146245,NOT_APPLICABLE,1.2982528851232227
fiveyear_2050,B,2030,Brazil,2402.7506112314154,1543.6628360810942,372.20124233599836,550.3825783365635,328.1120261899254,376.60910298194364,761.9898089368925,162.34882964387958,436.9444841640297,0.0,0.0,-1.2945750054827281e-11,6.839889209089545,0.44407364877327443,664.339733332375,356.8748978074094,125.60946492195583,3.4633232176508395,NOT_APPLICABLE,1.3555010636497098
fiveyear_2050,B,2030,"EU, UK and EFTA",19796.68355564229,10705.128038954961,4616.214517819086,6433.338064394921,8445.624121784618,8810.476037901222,2630.8996267797957,460.04342731621813,1746.1842687077426,250.0,0.0,657.7249066950895,8.678854554549979,0.4173931923012129,4663.4730750746985,1732.4038109062733,866.1794402900414,3.5101850697980312,NOT_APPLICABLE,1.2189399386504407
fiveyear_2050,B,2030,Eastern Europe,343.66985350814747,230.45264412957548,68.16599324680011,93.16175069573323,176.7817880200896,211.82383193661008,473.2097712989294,242.88962900743928,208.90517380875394,1.389999999933326,0.0,0.6577615820802634,4.9182185059941945,0.3907962684782659,288.0678999423717,16.49224743610913,45.71814213103761,1.5203954779064544,NOT_APPLICABLE,1.2987532353543938
fiveyear_2050,B,2030,Russia,1947.6492899428772,1043.042771968465,477.84552325123786,618.994622437602,458.04099097141574,381.82848118786706,2186.167440686945,1162.293084389041,1245.78243206601,1.9418197330810868e-11,0.0,1.1789459000923851e-11,6.445557730564214,0.2679303501921123,1498.17366192235,62.7862256229488,25.79516896835618,1.664967593742276,NOT_APPLICABLE,1.3681851634181266
fiveyear_2050,B,2030,North Africa,1124.8419920682477,670.654177179231,265.61137649180813,264.6559690076455,282.66988929844797,305.04393121681494,826.6415878817706,292.61972560194664,430.16587946459737,0.0,0.0,-1.9675943828546574e-10,6.13569303117797,0.052196991879924666,598.0549934780109,61.4875862979927,35.97421550792228,1.566355484625475,NOT_APPLICABLE,1.7879414186252678
fiveyear_2050,B,2030,Sub Saharan,1694.339467800195,1197.806733192404,410.42443729630776,499.06018824707354,352.94770722444196,484.9558956124978,526.5261091728734,125.9979767678259,210.2925273973895,0.0,0.0,1.7083420254335524e-12,6.605566768353643,0.2485818727847299,249.56201280930298,87.09831203391182,42.85068386393801,2.3143194696277347,NOT_APPLICABLE,1.1556035713653008
fiveyear_2050,B,2030,South Africa,411.2335286244031,254.00467335212534,82.70838457756804,117.18249691993906,137.85064682849747,145.1404027571818,464.669374163016,210.77867097647712,167.89402131081073,0.0,0.0,-9.07084630724365e-11,4.996893602616334,0.41822659733246237,260.131374507209,32.877734616312836,19.823127770963275,2.0792459113869324,NOT_APPLICABLE,1.1259426929763552
fiveyear_2050,B,2035,Australia_Oceania,1951.0096067924796,1191.2018434188956,518.2568940804001,850.5149521526894,487.149036519441,677.7522038280525,492.261632932029,198.84623706163637,202.41370430132878,91.2299999999965,0.0,44.909028772387785,6.645250041466809,0.5003653654005721,365.666309701351,136.46353487788951,70.51533305579805,2.5899065539745525,NOT_APPLICABLE,1.1477899378746688
fiveyear_2050,B,2035,China,26080.59943320517,12234.59859497877,7155.458239353224,7472.921130997549,5639.998283337515,4227.194176077566,11698.61297569263,5079.44130089492,5306.377563831136,25.429999997758554,0.0,297.4957279460949,9.150740493075032,0.14333934881077737,17014.281654336508,10281.436379857332,7694.0312241208585,1.6146023010914887,NOT_APPLICABLE,1.8155397097561423
fiveyear_2050,B,2035,Japan,5414.352702677281,3021.873528129898,1439.241495765458,2097.5117994151587,1012.4319315617272,1180.7584735786309,1526.8154767335309,657.2266742654828,803.2127868561319,7.659999999999624,0.0,11.695406551811086,7.430276972982173,0.4051642675682513,1182.596517808474,99.64617773242954,55.3097395576912,2.055731712566436,NOT_APPLICABLE,1.1911248121720668
fiveyear_2050,B,2035,South Korea,2174.9645865679677,986.0304617361065,727.6065091744402,1099.2556422229598,948.9913394782455,865.4078100473046,711.5809747081956,292.6401016302987,584.8897887074158,32.500000001601336,0.0,23.126381679180977,6.455030782085633,0.4194490396028506,670.1053535876707,34.79966651210102,22.88869293467051,1.9238106241459367,NOT_APPLICABLE,1.28698309593181
fiveyear_2050,B,2035,Rest of World,121.50486413465916,54.713848071802744,45.05849320528105,55.93797394929381,46.75142456313048,47.49541837969607,72.7036940171723,30.594062499891994,20.85821822694012,4.414581143084623e-9,0.0,3.209563534572927e-10,3.6191626140623856,0.2615513780187101,116.11932739464429,17.46963793268476,91.42607037382527,1.674968672456558,NOT_APPLICABLE,1.3375364617757315
fiveyear_2050,B,2035,Southeast Asia,5341.441057913476,2828.0712405199724,1525.3739734919402,1642.0880310735363,2456.6491091725306,2357.3331310928197,2326.2589819891896,887.8201883924189,1157.5554959986218,10.189999998961493,0.0,23.704579024093874,7.6014046329048055,0.15579353925482894,1739.309073500756,461.6716664926996,251.46659400973394,1.736951345946936,NOT_APPLICABLE,1.775070663205666
fiveyear_2050,B,2035,"Central, Western and South Asia",8104.636678388179,4589.954570349962,2134.4017202585537,2500.404873590754,2161.575934585291,2265.4615928948547,4793.90312923825,1863.5059417263233,2710.895853947389,2.989999999972381,0.0,14.333770358714903,8.088809482620348,0.18872157437853498,3382.3897796796728,386.6892186452372,290.52154805624207,1.5505339982211555,NOT_APPLICABLE,1.7232642195423735
fiveyear_2050,B,2035,India,6669.820478905132,3647.463770210459,2056.2906705097894,1973.141119551797,887.4992419666705,911.4124624197647,3807.962098403866,1956.040029245124,1617.5556401273434,1.392600615887139e-10,0.0,5.053166148044862e-10,7.897703770127491,0.08537650692149046,2746.789231023606,268.4563602066711,141.15117829962458,1.1514137158433457,NOT_APPLICABLE,2.084156007448979
fiveyear_2050,B,2035,Canada,2163.3780864947284,1256.1831777210207,509.81372337193625,727.758894764806,642.3812896953247,746.0130318819931,840.5046402379212,180.84284170434006,455.98997918131545,24.080000000169367,0.0,20.23935173706416,6.698142408573205,0.41281655920980953,1015.5603428340941,463.0832498222617,153.40297518579877,2.7117284261274612,NOT_APPLICABLE,1.1740691131394831
fiveyear_2050,B,2035,United States,27813.625606688725,19073.810439928584,5869.629177481218,7416.31620904393,3194.9609639082373,4104.123807507791,6283.556934698599,2043.0975071013886,3559.5519827210765,24.079999999976657,0.0,151.30805101563473,9.434243227675468,0.29599372032865773,5820.136237037907,995.0774969317912,432.6320068885108,2.254911030543685,NOT_APPLICABLE,1.3489011093189147
fiveyear_2050,B,2035,Rest of America,5064.750196518497,3435.6343521963427,1052.350415441715,1464.899248215871,1319.130590201061,1500.788982594437,1907.8947779022756,529.5321524675448,961.6260338030498,8.659999999953781,0.0,16.52236877653875,7.711208351138474,0.36301275282267337,1301.5398301373302,352.86083998011304,176.1470454125272,2.4621196186739844,NOT_APPLICABLE,1.4913490934708926
fiveyear_2050,B,2035,Brazil,2682.1502388765825,1766.716305049886,425.61326301834197,710.6833686082291,359.91862751009876,471.3271002602679,902.9956443130003,186.67058832662414,506.7863864712459,5.548975931795207e-12,0.0,1.1893869808842643e-11,7.050346969446241,0.5621567074004791,679.6272944947129,332.7776770468681,114.9573885515304,4.017305071656433,NOT_APPLICABLE,1.5079541758974684
fiveyear_2050,B,2035,"EU, UK and EFTA",21796.29652289869,11856.66955796788,5144.963585006167,7691.648517132495,9306.72681204644,9809.28758066987,2785.114101273173,458.5398107781631,1840.468076530271,300.0,0.0,835.5342303819482,8.851912439257276,0.4875082636252746,4937.00600386242,1740.4745058933227,864.7589858719189,3.903766384126539,NOT_APPLICABLE,1.3376535797179934
fiveyear_2050,B,2035,Eastern Europe,389.9170042186501,266.82345591169997,77.28512297078191,113.57760374989508,199.91414919136278,244.47907371778678,534.8346007340058,265.51976754557444,236.28620086335332,2.8300000001736936,0.0,1.5135819201990972,5.152395597528342,0.46239915842348117,313.31321692201874,15.896405279432017,44.02301927128107,1.6442056016517468,NOT_APPLICABLE,1.4831834109586122
fiveyear_2050,B,2035,Russia,2125.6757651824432,1138.3625726485172,530.4839043456321,733.8077157331999,493.3144301916002,419.49336667807387,2347.9897350732945,1220.4790097372943,1325.3319492297921,0.0,0.0,-2.4040534083856295e-9,6.585850759746682,0.33250995791649474,1573.2307732949787,61.57125365552475,25.234961402513896,1.794559924824383,NOT_APPLICABLE,1.4855219451265822
fiveyear_2050,B,2035,North Africa,1351.8909754146696,777.5156627919539,318.7309765512264,310.3329455050082,337.44613702004426,342.0138186585855,947.1940435060679,329.6825464960824,484.12446158191074,0.0,0.0,-6.829574197335467e-10,6.328836007835904,0.06343365087389446,670.0168717052978,69.37501590215653,40.53112120168304,1.5746110836636953,NOT_APPLICABLE,2.0231219581358357
fiveyear_2050,B,2035,Sub Saharan,2209.0530654526774,1518.0642153511403,551.2689141531982,651.960705432408,428.85969048764815,586.5389580594119,671.9588337416872,156.03788743613848,265.49991507508497,1.954517150227306e-10,0.0,1.540267776381649e-10,6.953812725303237,0.2701053216604746,290.15947353270826,91.40303778000909,45.15051481664665,2.3628092107562746,NOT_APPLICABLE,1.4180138459500584
fiveyear_2050,B,2035,South Africa,484.4139092741671,304.0746521412055,100.34962695760105,151.3344149547209,157.22768554095052,174.54106008727464,521.6504943982953,234.0497976010131,191.0210506341429,2.6185321746613853e-9,0.0,1.3658867207875992e-9,5.287538028110052,0.47418143706437493,289.73456789886654,33.96429843949781,20.623541086701426,2.2500435226022306,NOT_APPLICABLE,1.2941436914757658
fiveyear_2050,B,2040,Australia_Oceania,2182.5012450334307,1372.996803375003,594.1285394277237,1055.1199615116527,522.3019380448,801.8272946693878,571.6500892266808,222.53925046387323,232.0153209665802,91.23,0.0,52.151637639498375,6.856457708948155,0.5740621623441998,388.38808989007697,134.69643358360693,69.34767833772955,2.7225138512234928,NOT_APPLICABLE,1.2225948589635556
fiveyear_2050,B,2040,China,28683.160370198148,13721.267976206595,7256.046778798741,7489.427425759762,6246.227493138223,4478.712310317375,11933.534935004142,5012.835013094126,5486.406026832874,25.429999986989383,0.0,303.46979323590665,9.275046870506133,0.16650068013321978,18183.127764579396,11476.332055774197,8519.144003703494,1.5308220691224486,NOT_APPLICABLE,1.978316806519388
fiveyear_2050,B,2040,Japan,5571.978105629848,3136.9721984887337,1500.5624833213578,2416.6194131299035,1063.3409550802755,1283.1028680622196,1681.3215716112254,677.3394976047132,885.6530874684564,7.660000000003703,0.0,12.878923237049596,7.497050247276436,0.5026105924213894,1196.2226680161918,91.7119815457827,50.3470293382994,2.206356056793755,NOT_APPLICABLE,1.2291024150012635
fiveyear_2050,B,2040,South Korea,2297.9122112581736,1048.4120226309033,790.3959633351581,1317.5011951553897,1016.4638103417459,952.5985876992984,789.2589494991299,311.06007141847857,648.6614041810873,32.500000000643794,0.0,25.65091585923683,6.548249662649882,0.5144500614028649,691.7063049680444,36.43744061378609,23.953529471955445,2.0000190043253894,NOT_APPLICABLE,1.3134543449886
fiveyear_2050,B,2040,Rest of World,136.466979207808,61.2984634562094,51.58451532724602,65.90828307806092,51.50436378462754,53.535653270249405,80.52655901280895,33.48429752167088,23.218926694187093,1.800198325685089e-10,0.0,1.4496377463263844e-11,3.774583416862331,0.3037747216185322,126.18463221034536,19.099313778662648,96.31552896422221,1.6963463946505397,NOT_APPLICABLE,1.4336017869462852
fiveyear_2050,B,2040,Southeast Asia,6264.775013190018,3187.5675365507245,1769.205451172059,1840.156296367142,2765.6822269258537,2569.745972925377,2505.224791006521,921.2948065406802,1231.4572370944063,10.189999999816687,0.0,25.528240619864423,7.742787320744945,0.1598077409603794,1866.6814530920262,535.8317657989502,287.94474688999145,1.6321676473835913,NOT_APPLICABLE,1.981733485608708
fiveyear_2050,B,2040,"Central, Western and South Asia",9424.43278904278,5227.4003681823315,2470.2030715109354,2909.8459265591814,2463.459395041095,2480.7996820172384,5353.9997948121445,2058.320794192272,2988.2511139371745,2.990000000003579,0.0,16.00845938650258,8.259584553905352,0.20982879301308713,3743.6616938323355,418.4730913233118,312.79107344433623,1.5716803298668844,NOT_APPLICABLE,1.891775971903737
fiveyear_2050,B,2040,India,8038.630958880714,4155.436903585751,2523.4085394708445,2292.5625402641313,1044.6584836106238,997.3335122547614,3920.8554863170066,1957.2739796415171,1661.136927458282,7.826731829722214e-11,0.0,2.5917122789383396e-10,8.021292939972575,0.09018634437163621,2888.049364094114,335.9662987727326,179.52183523955554,1.0812849841677012,NOT_APPLICABLE,2.3434385744716937
fiveyear_2050,B,2040,Canada,2382.3934825168913,1405.9183974742496,560.7405978847829,872.273977950353,698.9979598488547,834.2579698071113,933.0690478642721,193.60589760406654,501.2443336398275,24.080000000181297,0.0,22.468302672804793,6.865845365389878,0.49581913500597785,1078.5678629140793,486.1382755387652,160.10243054067595,2.917609310703596,NOT_APPLICABLE,1.2305584550608089
fiveyear_2050,B,2040,United States,30155.715285810347,20827.2300623767,6285.139038677547,8586.929987645288,3485.4064812009647,4526.9202046936425,6860.125125586082,2141.5089432443483,3858.24471972389,24.079999999996186,0.0,165.1918130240972,9.565027941897398,0.3709442468265157,6126.925852917386,1019.8730610462796,442.4009139705265,2.44221520268019,NOT_APPLICABLE,1.4064807777667865
fiveyear_2050,B,2040,Rest of America,5759.956388761539,3934.21112287656,1207.8549356141802,1792.9720676244485,1448.692377692042,1700.9231764958388,2184.068802434034,589.9239508589851,1081.183396361079,8.659999999871307,0.0,18.914035828794805,7.910166670514927,0.4273560978481282,1391.8804966312916,346.1892039283024,172.24917737656858,2.6538558981011837,NOT_APPLICABLE,1.664569966785858
fiveyear_2050,B,2040,Brazil,2974.771116171087,2015.402720810794,484.5551856808505,920.7049928882585,386.44851622227895,587.7699477596614,1068.3449429850593,211.9941519496368,588.3250372365294,0.0,0.0,-4.250377413827421e-12,7.242249522317534,0.6868390239340685,712.918492930153,325.14776346645164,110.46913818403279,4.585944159627284,NOT_APPLICABLE,1.6483995009629842
fiveyear_2050,B,2040,"EU, UK and EFTA",23829.483247824803,13101.673870753775,5668.005513289966,9151.214953086585,10229.109881354705,10900.092668927044,3163.562956982678,521.8024917311897,2056.24426171919,300.0,0.0,949.0688870948117,9.01168646169331,0.5606824399751649,5099.056950679248,1697.9688812347185,838.2634168491436,4.196268972482888,NOT_APPLICABLE,1.428135629063597
fiveyear_2050,B,2040,Eastern Europe,429.85011004958625,305.1861584229236,86.42006564551995,138.87378273887063,220.53220870453214,280.77394538488977,600.1672395902301,286.363322973831,265.21414550551015,2.83000000012918,0.0,1.6984732881347953,5.350423396175866,0.5506595518723866,331.9909009139211,15.593176786202523,43.08362067314649,1.7996212567705914,NOT_APPLICABLE,1.6247675529431673
fiveyear_2050,B,2040,Russia,2290.772387612273,1230.4702082575043,585.8420286008746,881.4406932658079,525.9437609539859,465.22197731997727,2499.4254146519943,1262.9841463038308,1399.3075867998007,0.0,0.0,-3.762981625402904e-9,6.704515003757793,0.41528551102122624,1626.1280941486716,61.73539367641703,25.22362427694502,1.966178093966021,NOT_APPLICABLE,1.5653924115817293
fiveyear_2050,B,2040,North Africa,1612.9584855017831,884.3145386168878,382.223331156659,360.63224085683873,404.8942003173943,377.62121190572987,1058.8230861341392,361.3944323071838,532.8235166347274,0.0,0.0,-2.0880111378398168e-10,6.478940796621215,0.0780100051541942,746.9584623960558,84.95572832887055,49.46427706888696,1.5383178507374011,NOT_APPLICABLE,2.2763255277029435
fiveyear_2050,B,2040,Sub Saharan,2861.8353937133,1903.4956657786488,739.0327456790311,854.0161608565551,518.4975735813111,702.9521047937908,850.5258993345647,190.18070806052583,333.579384210762,4.3724692222392987e-10,0.0,3.6647062066948095e-10,7.2426157643487965,0.3092193865321049,343.272316049472,104.54960497003673,50.75734767595109,2.3538078365258426,NOT_APPLICABLE,1.7075179319788687
fiveyear_2050,B,2040,South Africa,563.9235052711671,360.9140741203668,120.47620492326057,194.50206469877082,175.21402744362967,207.8871644029453,586.6498055169068,258.36530167624164,217.7284404705927,7.737893310154441e-10,0.0,4.5956776526596144e-10,5.538377437874927,0.5336871985303697,320.9745328946243,35.3286994819006,21.52134850491006,2.3992413644758908,NOT_APPLICABLE,1.455896825002178
fiveyear_2050,B,2045,Australia_Oceania,2422.922228482126,1569.8153013077317,674.511042631736,1289.4126251728283,551.394093678129,937.2343239076586,663.5233171988004,247.19187307664404,266.616258183,91.23,0.0,60.53323222740831,7.043366777899648,0.6411665600872427,415.40933143107054,136.69624408516194,70.22667957371385,2.8101309326351407,NOT_APPLICABLE,1.2878823740331515
fiveyear_2050,B,2045,China,30822.549869488495,14776.957756520014,7438.72412986961,7558.263988905188,6759.796271202907,4631.763323195142,11828.326424402052,4784.597454473096,5536.592179304577,25.430000001425526,0.0,300.7943409961616,9.342570478461331,0.19128400418977157,18633.2318960532,12214.882051147999,8962.8836178663,1.4233983086710045,NOT_APPLICABLE,2.1437173012744286
fiveyear_2050,B,2045,Japan,5730.018796381805,3259.6445383161717,1562.4958244243217,2788.032011304654,1116.9541081309533,1400.7435713050832,1900.9850888424285,705.2139693741028,1004.974239000798,7.659999999816199,0.0,14.561545780101412,7.563542644007559,0.6008179498810323,1218.3260916563077,82.6992484152733,44.923401845141356,2.3396583309471795,NOT_APPLICABLE,1.2657837497640207
fiveyear_2050,B,2045,South Korea,2402.103465780014,1105.797201548177,848.0563657020032,1564.0946882763096,1082.0464751552367,1043.7867421268006,885.6823655369299,332.9148272672825,729.558565115659,32.50000000020592,0.0,28.78467688418292,6.626404609313952,0.6102983968434149,707.6986050801709,37.44098130839037,24.617178860424787,2.0481876393801848,NOT_APPLICABLE,1.33720678873564
fiveyear_2050,B,2045,Rest of World,150.470167940016,67.33740664918001,57.99995565650543,76.14704825226383,55.871258621218225,59.407704238466906,89.35761302203768,36.13146379995644,25.896897223076977,2.359080490134257e-11,0.0,2.1080179567177488e-12,3.8953100612967493,0.34613929735634635,134.63764260011794,20.879311915596876,99.94439525792994,1.6960516051589174,NOT_APPLICABLE,1.5091246767921953
fiveyear_2050,B,2045,Southeast Asia,7204.429872416915,3480.205748192374,2014.119785968693,1985.991038369879,3066.8046924891355,2722.680550544845,2608.3187125937293,922.292845470284,1266.5304386279172,10.190000000064861,0.0,26.578767681913334,7.827935374146244,0.1568890174440565,1971.8248049471697,634.1896757316252,335.9285921525382,1.459487807377736,NOT_APPLICABLE,2.1795836953281444
fiveyear_2050,B,2045,"Central, Western and South Asia",10808.444675037808,5831.076769251203,2816.047327443752,3292.552469407795,2789.3263425087785,2655.3300854250183,5926.132141819138,2239.75167692013,3266.303211431495,2.9900000002148177,0.0,17.719135105085215,8.3912804249355,0.22442669882871913,4091.5326261866176,460.15600144325424,341.6856789596304,1.5489750990471185,NOT_APPLICABLE,2.030734916369258
fiveyear_2050,B,2045,India,9430.739575707034,4507.9868487516005,2997.755926743733,2523.4426719122616,1215.6685206961167,1049.214635756024,3715.4010979064888,1810.9879169421022,1565.9482770794407,0.0,0.0,-1.0010771867813128e-10,8.068351686816573,0.08461111765423748,2892.7883659888107,434.1277232513775,238.96709755307313,0.9353404306877122,NOT_APPLICABLE,2.675011835127797
fiveyear_2050,B,2045,Canada,2600.7708021444782,1568.619609892132,611.4536408420822,1036.3426190662342,747.8487285918997,927.9965176499624,1036.2606324584967,206.83847310273356,550.6113025614114,24.079999999775147,0.0,24.953156029385987,7.020209912364304,0.5783534174927669,1141.3043737917064,511.3566271460219,167.1941334611396,3.115198472402121,NOT_APPLICABLE,1.2808983028736705
fiveyear_2050,B,2045,United States,32503.396681303933,22624.613285764055,6683.638596601744,9881.240265022767,3771.7922148130892,4966.769510941972,7527.322917018702,2234.660625242136,4211.6683103161195,24.079999998335403,0.0,181.25793582929015,9.683201421495786,0.445815897092271,6418.2427645618145,1050.1300439590316,454.8251010943816,2.6297490568895547,NOT_APPLICABLE,1.45816904202821
fiveyear_2050,B,2045,Rest of America,6507.077700252037,4473.92720483777,1377.8149717470446,2176.6113979934216,1573.8388319870924,1914.5892720554257,2505.016831649765,652.5097453282484,1218.110845947498,8.66000000035451,0.0,21.693445763003968,8.08681093118279,0.49087571433523797,1490.365972048167,347.37975694693137,172.01933877587226,2.8102430398014215,NOT_APPLICABLE,1.8178331057590271
fiveyear_2050,B,2045,Brazil,3310.9189705294143,2305.4151024009957,551.7144204618094,1181.2811091272752,409.0125015203612,722.790787640136,1278.0245611282448,242.01012543451446,691.7212865962254,0.0,0.0,-2.8347585497534787e-12,7.427142854248742,0.8005429581655464,766.5148729393322,330.3464242635911,110.51331764307238,5.0820290616662325,NOT_APPLICABLE,1.793667057109353
fiveyear_2050,B,2045,"EU, UK and EFTA",25847.570751226576,14392.625643522297,6198.234003901611,10830.073715213217,11171.377118630373,12077.214230076892,3600.610737358726,587.2344679585066,2305.7062486007194,300.0,0.0,1080.1832212075876,9.154071737445557,0.6350681490536386,5254.543936092559,1677.7387022480984,824.051369472526,4.469842449346771,NOT_APPLICABLE,1.5049935768949816
fiveyear_2050,B,2045,Eastern Europe,464.85341532021596,347.5152285955928,95.64134933998893,169.22970934037588,238.45995435886533,322.75508807266556,679.1480382309816,308.10541175764433,300.9262664293245,2.830000000474901,0.0,1.921988948505607,5.5294987753957106,0.6449339616054093,346.52536822605487,15.485004871311865,42.65110036365076,1.9697822963495384,NOT_APPLICABLE,1.7348110930762448
fiveyear_2050,B,2045,Russia,2437.3184622755425,1313.449750246786,637.3132353137859,1044.6195224059347,554.9612549581766,511.2356719573747,2656.296547657198,1294.2026305983584,1476.1545331079537,5.909029869889227e-11,0.0,1.3369932172075827e-10,6.799887744028189,0.499019525693464,1656.0149795369068,62.695150262538554,25.518679947978406,2.1453509855048174,NOT_APPLICABLE,1.6137376949350146
fiveyear_2050,B,2045,North Africa,1904.9728528957612,976.2091920686764,457.2399039702026,406.61406458527676,489.0780124407945,405.76451141597096,1150.0731171361824,382.6989502595856,571.8140063543472,0.0,0.0,-1.2580433627948085e-10,6.5743141410319845,0.08175929788986391,811.6992371603461,110.50098212353409,63.93358867904436,1.4249273272832752,NOT_APPLICABLE,2.5262786001435225
fiveyear_2050,B,2045,Sub Saharan,3682.533322148574,2341.8101351662513,990.2995259626482,1098.724135517569,623.6496822467582,823.2333788981462,1063.2291284783307,226.90970073151556,414.7685077195217,1.8132443211852118e-10,0.0,2.1096594829678287e-10,7.472807324532325,0.35104056534694456,411.18459125651003,128.42860106223023,60.45895404468509,2.2536256694830663,NOT_APPLICABLE,1.9889825737628788
fiveyear_2050,B,2045,South Africa,645.6788052979275,422.79617241375973,142.12739524285521,245.65648789486573,190.25096935251537,244.55778716659674,663.8265268510663,282.7100732986297,250.13321276946687,0.0,0.0,-2.998635075159637e-10,5.75286067309819,0.5917978742897119,351.2593242832672,36.72078301239086,22.373254951958813,2.506013289644537,NOT_APPLICABLE,1.5903964657100949
fiveyear_2050,B,2050,Australia_Oceania,2665.409281814121,1778.712078976979,758.1467093820163,1539.2987833552284,574.8990737826981,1086.27535086592,768.8928495007892,271.50877996345577,306.8161906047536,91.22999999771584,0.0,70.14609465809336,7.208820401507421,0.6948432039580555,444.5927444009566,141.60231964606072,72.67570094074924,2.8440767022051854,NOT_APPLICABLE,1.345278009747906
fiveyear_2050,B,2050,China,32423.548883550644,15588.934809816365,7543.519436350012,7529.79957797101,7171.692663476554,4719.478382903748,11402.813793037587,4424.015170819749,5444.252172489512,25.430000000037868,0.0,289.9735547551093,9.381302085915008,0.2155530435617531,18496.232721692082,12579.313423285674,9078.547523723211,1.3007743780972898,NOT_APPLICABLE,2.3080892500646426
fiveyear_2050,B,2050,Japan,5883.050491650324,3392.8836037659876,1624.7732045723415,3191.5527790549268,1174.7400797648488,1544.4608845976209,2206.9961011578825,740.0694965286552,1172.1766375612963,7.66,0.0,16.905590134876373,7.630614360333027,0.6909010544644815,1248.8982478069772,73.00855214380069,39.257275788253054,2.4343585807577313,NOT_APPLICABLE,1.3022947233968483
fiveyear_2050,B,2050,South Korea,2485.0299137979346,1159.1875145407664,898.5555474900493,1821.9827467313228,1146.2331447263248,1141.7755156401581,1005.0685874262358,358.1246786587885,831.3282383714246,32.499999999611866,0.0,32.664729086775694,6.693040083258545,0.6978011428033598,718.9250259857236,37.50115640109211,24.671449270917062,2.052264005890249,NOT_APPLICABLE,1.3612673914591296
fiveyear_2050,B,2050,Rest of World,163.64046918789464,72.91172731816575,64.23716793358615,85.97267391242205,60.02559121893485,65.20787486613284,99.22784615567451,38.558678172615856,28.9315379421157,7.186880805584603e-10,0.0,7.131386975929203e-11,3.991993723396498,0.3814671770842381,141.41169981297568,22.66475067981556,101.53669849038658,1.667030555478023,NOT_APPLICABLE,1.5746440403442663
fiveyear_2050,B,2050,Southeast Asia,8206.324902817343,3690.3784872927536,2276.409257579634,2053.8988043748564,3416.408412222821,2820.650088245879,2549.166723274337,873.0060079282862,1226.0710466964829,10.190000000380314,0.0,25.97600891181455,7.860681678419166,0.13159599040365128,2052.1068687206052,772.355261703354,401.8895899679838,1.2073992941211875,NOT_APPLICABLE,2.421828279405318
fiveyear_2050,B,2050,"Central, Western and South Asia",12253.29423759262,6382.088823278109,3180.645679006274,3590.759559590024,3144.7307027983447,2783.8801288669056,6494.114601476945,2401.9864204678756,3533.628506328709,2.9900000000160807,0.0,19.417402658874952,8.488562322323808,0.22071161530527472,4410.448540213499,506.2862780592612,372.6292520076448,1.4653484151640155,NOT_APPLICABLE,2.153223230224324
fiveyear_2050,B,2050,India,10865.510079717687,4726.554048005834,3395.618838700531,2660.808375701932,1390.1100364872195,1065.2244855558959,2944.5087122960167,1412.1947314111121,1242.103397217407,0.0,0.0,-1.2481174573725661e-9,8.062333013396138,0.07476651316920993,2623.742036946414,577.1133666949535,334.60345032554517,0.7115195740043415,NOT_APPLICABLE,3.669515821778171
fiveyear_2050,B,2050,Canada,2815.59478387098,1740.9435253092593,660.7579389593491,1206.8503133510735,788.0391009841031,1023.8100325471032,1149.1281189058943,220.2491943057433,603.3375586217139,24.07999999997089,0.0,27.67100510318643,7.160343769491498,0.6499036856481525,1202.4137961161446,537.7710984723416,174.39741052502964,3.2736057544555583,NOT_APPLICABLE,1.3252136430563424
fiveyear_2050,B,2050,United States,34737.756859442285,24389.945099686527,7047.813152235756,11196.245848576715,4047.5717944555904,5428.4887882165785,8303.630810523047,2318.8298274852127,4632.435962268246,24.080000000221432,0.0,199.9514299192673,9.786774527496583,0.5131908693484618,6670.6616033050095,1080.3294603356746,467.4570095537121,2.7952872284334727,NOT_APPLICABLE,1.500430532719439
fiveyear_2050,B,2050,Rest of America,7301.802808598272,5048.018276018663,1559.9771964111947,2589.8952578659287,1694.738385181633,2137.3112219204536,2877.9686983022125,717.1568601943895,1374.1493507300884,8.659999999980926,0.0,24.92320892723175,8.243438595810868,0.5436225604040195,1594.9314568586726,354.3538746688173,174.48976228061937,2.9021840634604166,NOT_APPLICABLE,1.951849908783856
fiveyear_2050,B,2050,Brazil,3681.69941612497,2627.417617051015,624.5013026142567,1476.4650824140008,428.04173926063936,871.6879165761013,1539.0585668920216,276.7519833494414,820.2718149882754,0.0,0.0,-9.667748077830178e-11,7.598188879452729,0.8932031274808723,838.497430763766,346.77050557627024,114.44974053437066,5.422469576568281,NOT_APPLICABLE,1.9394062061583455
fiveyear_2050,B,2050,"EU, UK and EFTA",27827.424095523525,15741.284487960433,6717.823346181321,12609.589820594078,12121.633145263004,13351.268091825395,4100.594355335037,652.1685350722603,2586.98044654401,300.0,0.0,1230.1783066006685,9.283512633621076,0.7014862503110298,5401.979223140283,1674.3796655654792,819.1754883371109,4.691676500409255,NOT_APPLICABLE,1.5718914512102975
fiveyear_2050,B,2050,Eastern Europe,496.682540626121,395.2589499899028,104.958288871658,203.28611412871234,254.40233950156963,371.7351087874195,778.9063934955838,332.48966781364675,346.61902984570395,2.8300000004145125,0.0,2.204305094010995,5.696739073591884,0.7321418343909353,359.4667669791257,15.511976729863093,42.563381175491386,2.1289295103374704,NOT_APPLICABLE,1.826327127455908
fiveyear_2050,B,2050,Russia,2567.361853121415,1391.1021037061357,685.1731873418029,1213.1111500555796,579.8440211173069,559.709408805675,2826.504913690239,1317.8528236263985,1558.6493001937692,0.0,0.0,-6.197620034779475e-10,6.880705056974592,0.5737900681575057,1668.8869502914133,63.952742606461705,25.920871747073978,2.3093403222908164,NOT_APPLICABLE,1.6416934230165916
fiveyear_2050,B,2050,North Africa,2221.295603591534,1036.570046700317,549.4082996891626,442.64625370155295,596.4206829586349,423.92716399502734,1190.6006754045618,384.40498837740023,588.6508088222106,0.0,0.0,-2.0221821139544046e-9,6.604553709894928,0.06548015988295,860.0702421636205,152.07194925059719,86.94455139019024,1.2224151466572408,NOT_APPLICABLE,2.783840393656045
fiveyear_2050,B,2050,Sub Saharan,4698.937523218984,2801.236524955712,1329.853351671303,1363.7717251809859,751.1870138103745,936.7104688786193,1290.674530147718,260.65978877393695,501.78155800481153,0.0,0.0,-5.395973839686248e-10,7.6400155197336765,0.3824702169496824,486.5329069074884,166.57580047777554,75.03585396321327,2.047313484262452,NOT_APPLICABLE,2.2673572258669656
fiveyear_2050,B,2050,South Africa,727.9023307876251,489.39716144388717,164.7346553216689,301.96558075302016,201.93355576893967,284.8819357728461,756.8719887520886,306.6444537191547,289.7766322395744,8.367956797999983e-12,0.0,7.05885784552735e-11,5.938670913799427,0.6406043971745686,380.6736149943052,37.845085117146375,23.011953122578852,2.550366332481849,NOT_APPLICABLE,1.7011068516829273
