model_id,year,y,logQ,logG,logM,fitted,residual
CHN__updated_main__A,2010,0.8591485323548325,3.682166724070565,10.512763874058926,4.456192445165693,0.7633655075903751,0.09578302476445733
CHN__updated_main__A,2011,0.5063587124761711,4.252328599622632,10.605666325206338,4.509679808932987,0.5243904932975769,-0.018031780821405774
CHN__updated_main__A,2012,-0.18172865968584304,4.598290072191402,10.661033635112348,3.523311081544699,-0.033482113614888176,-0.14824654607095486
CHN__updated_main__A,2013,-0.28894353434991116,4.90117475518874,10.685875142695629,3.015723559908184,-0.3466096522221611,0.057666117872249956
CHN__updated_main__A,2014,-0.35807219476493735,5.151279397977148,10.713605552327314,3.26713839072327,-0.34192242651280225,-0.0161497682521351
CHN__updated_main__A,2015,-0.4623066579630125,5.39300057712095,10.736031795649817,3.164990795937875,-0.4720343781292098,0.009727720166197273
CHN__updated_main__A,2016,-0.6510705910649451,5.674382328161501,10.780205441271315,2.929240932529897,-0.6943707506641388,0.043300159599193644
CHN__updated_main__A,2017,-0.903027745309794,5.951553934028465,10.835830693477304,2.891409513410439,-0.8500301579367207,-0.05299758737307336
CHN__updated_main__A,2018,-1.0730767584615286,6.17063993071869,10.908545054584073,2.956890415537674,-0.9714886844228356,-0.10158807403869297
CHN__updated_main__A,2019,-1.2091810758055288,6.363208897541072,10.939093631999517,2.5071504398904505,-1.2412984931402566,0.03211741733472784
CHN__updated_main__A,2020,-1.2881285234852962,6.566156825734936,10.990309486591185,2.4948890766393457,-1.3625662028874932,0.07443767940219703
CHN__updated_main__A,2021,-1.060149396296303,6.751017535589894,11.049462947605978,3.442230801592228,-1.099554294061827,0.03940489776552414
CHN__updated_main__A,2022,-1.1954065125425473,6.952593472965691,11.132692972869016,3.62475566987548,-1.1827238524735952,-0.012682660068952023
CHN__updated_main__A,2024,-2.3301770987434205,7.530490596047716,11.254715294682578,1.547562508716013,-2.327436498463524,-0.0027406002798966433
CHN__updated_main__B,2010,0.8591485323548325,3.682166724070565,10.512763874058926,4.456192445165693,0.7524751215477217,0.10667341080711079
CHN__updated_main__B,2011,0.5063587124761711,4.252328599622632,10.605666325206338,4.509679808932987,0.34734405439943306,0.1590146580767381
CHN__updated_main__B,2012,-0.18172865968584304,4.598290072191402,10.661033635112348,3.523311081544699,0.10103319425040702,-0.2827618539362501
CHN__updated_main__B,2013,-0.28894353434991116,4.90117475518874,10.685875142695629,3.015723559908184,-0.12605927011512197,-0.1628842642347892
CHN__updated_main__B,2014,-0.35807219476493735,5.151279397977148,10.713605552327314,3.26713839072327,-0.31008180575611455,-0.0479903890088228
CHN__updated_main__B,2015,-0.4623066579630125,5.39300057712095,10.736031795649817,3.164990795937875,-0.4900556303481789,0.02774897238516638
CHN__updated_main__B,2016,-0.6510705910649451,5.674382328161501,10.780205441271315,2.929240932529897,-0.6908042137363282,0.03973362267138303
CHN__updated_main__B,2017,-0.903027745309794,5.951553934028465,10.835830693477304,2.891409513410439,-0.882680101963758,-0.020347643346036004
CHN__updated_main__B,2018,-1.0730767584615286,6.17063993071869,10.908545054584073,2.956890415537674,-1.020416716184223,-0.052660042277305585
CHN__updated_main__B,2019,-1.2091810758055288,6.363208897541072,10.939093631999517,2.5071504398904505,-1.1576489953746094,-0.05153208043091939
CHN__updated_main__B,2020,-1.2881285234852962,6.566156825734936,10.990309486591185,2.4948890766393457,-1.2930614002102994,0.004932876725003199
CHN__updated_main__B,2021,-1.060149396296303,6.751017535589894,11.049462947605978,3.442230801592228,-1.4103477559189228,0.3501983596226199
CHN__updated_main__B,2022,-1.1954065125425473,6.952593472965691,11.132692972869016,3.62475566987548,-1.5291648191634097,0.3337583066208625
CHN__updated_main__B,2024,-2.3301770987434205,7.530490596047716,11.254715294682578,1.547562508716013,-1.9262931650687127,-0.40388393367470776
CHN__updated_main__C,2010,0.8591485323548325,3.682166724070565,10.512736686478211,4.456192445165693,0.7633657594790639,0.09578277287576853
CHN__updated_main__C,2011,0.5063587124761711,4.252328599622632,10.605641549672672,4.509679808932987,0.5243903342231986,-0.018031621747027438
CHN__updated_main__C,2012,-0.18172865968584304,4.598290072191402,10.661010194065058,3.523311081544699,-0.03348271417849613,-0.1482459455073469
CHN__updated_main__C,2013,-0.28894353434991116,4.90117475518874,10.685852276792648,3.015723559908184,-0.34660993407008345,0.05766639972017229
CHN__updated_main__C,2014,-0.35807219476493735,5.151279397977148,10.713583311801187,3.26713839072327,-0.3419223521386894,-0.016149842626247968
CHN__updated_main__C,2015,-0.4623066579630125,5.39300057712095,10.736010048349293,3.164990795937875,-0.47203396886163174,0.009727310898619224
CHN__updated_main__C,2016,-0.6510705910649451,5.674382328161501,10.780184633729247,2.929240932529897,-0.6943703234422132,0.04329973237726803
CHN__updated_main__C,2017,-0.903027745309794,5.951553934028465,10.835811011768737,2.891409513410439,-0.8500298101245374,-0.05299793518525664
CHN__updated_main__C,2018,-1.0730767584615286,6.17063993071869,10.908526753237249,2.956890415537674,-0.9714887760367912,-0.10158798242473743
CHN__updated_main__C,2019,-1.2091810758055288,6.363208897541072,10.939075881284436,2.5071504398904505,-1.2412985497243312,0.032117473918802375
CHN__updated_main__C,2020,-1.2881285234852962,6.566156825734936,10.9902926221134,2.4948890766393457,-1.3625663102701386,0.07443778678484247
CHN__updated_main__C,2021,-1.060149396296303,6.751017535589894,11.049447051795886,3.442230801592228,-1.099554228186171,0.0394048318898681
CHN__updated_main__C,2022,-1.1954065125425473,6.952593472965691,11.132678346516066,3.62475566987548,-1.1827240201571623,-0.012682492385384991
CHN__updated_main__C,2024,-2.3301770987434205,7.530490596047716,11.254702348489987,1.547562508716013,-2.3274366101540185,-0.0027404885894020126
CHN__updated_main__D,2010,0.8591485323548325,3.682166724070565,10.512736686478211,4.456192445165693,0.7524752433591493,0.10667328899568318
CHN__updated_main__D,2011,0.5063587124761711,4.252328599622632,10.605641549672672,4.509679808932987,0.34734432295011874,0.1590143895260524
CHN__updated_main__D,2012,-0.18172865968584304,4.598290072191402,10.661010194065058,3.523311081544699,0.10103348862648609,-0.28276214831232915
CHN__updated_main__D,2013,-0.28894353434991116,4.90117475518874,10.685852276792648,3.015723559908184,-0.12605925616810332,-0.16288427818180784
CHN__updated_main__D,2014,-0.35807219476493735,5.151279397977148,10.713583311801187,3.26713839072327,-0.3100819456988484,-0.04799024906608895
CHN__updated_main__D,2015,-0.4623066579630125,5.39300057712095,10.736010048349293,3.164990795937875,-0.49005597578903703,0.027749317826024522
CHN__updated_main__D,2016,-0.6510705910649451,5.674382328161501,10.780184633729247,2.929240932529897,-0.6908046093000708,0.03973401823512568
CHN__updated_main__D,2017,-0.903027745309794,5.951553934028465,10.835811011768737,2.891409513410439,-0.882680441920999,-0.02034730338879498
CHN__updated_main__D,2018,-1.0730767584615286,6.17063993071869,10.908526753237249,2.956890415537674,-1.0204167555395651,-0.05266000292196349
CHN__updated_main__D,2019,-1.2091810758055288,6.363208897541072,10.939075881284436,2.5071504398904505,-1.1576491136474605,-0.05153196215806832
CHN__updated_main__D,2020,-1.2881285234852962,6.566156825734936,10.9902926221134,2.4948890766393457,-1.2930614408484713,0.004932917363175138
CHN__updated_main__D,2021,-1.060149396296303,6.751017535589894,11.049447051795886,3.442230801592228,-1.4103476393669325,0.35019824307062963
CHN__updated_main__D,2022,-1.1954065125425473,6.952593472965691,11.132678346516066,3.62475566987548,-1.529164415525531,0.3337579029829838
CHN__updated_main__D,2024,-2.3301770987434205,7.530490596047716,11.254702348489987,1.547562508716013,-1.926292964772908,-0.4038841339705126
CHN__annual_difference__C,2011,-0.3527898198786613,0.570161875552067,0.09290486319446067,0.05348736376729324,-0.3932257599486349,0.040435940069973586
CHN__annual_difference__C,2012,-0.6880873721620142,0.34596147256876986,0.0553686443923862,-0.9863687273882875,-0.5627343930944579,-0.12535297906755627
CHN__annual_difference__C,2013,-0.10721487466406812,0.3028846829973384,0.0248420827275897,-0.5075875216365149,-0.2539646450311011,0.146749770367033
CHN__annual_difference__C,2014,-0.06912866041502619,0.2501046427884077,0.02773103500853935,0.25141483081508564,0.045481182226887074,-0.11460984264191326
CHN__annual_difference__C,2015,-0.10423446319807517,0.2417211791438021,0.022426736548105453,-0.1021475947853947,-0.06643381999121667,-0.0378006432068585
CHN__annual_difference__C,2016,-0.18876393310193262,0.2813817510405512,0.04417458537995422,-0.2357498634079782,-0.21122217493003936,0.02245824182810674
CHN__annual_difference__C,2017,-0.2519571542448489,0.27717160586696377,0.055626378039489666,-0.037831419119457976,-0.1753504614329167,-0.07660669281193219
CHN__annual_difference__C,2018,-0.1700490131517346,0.21908599669022522,0.07271574146851201,0.06548090212723512,-0.1737383917754525,0.003689378623717904
CHN__annual_difference__C,2019,-0.1361043173440002,0.19256896682238178,0.03054912804718768,-0.44973997564722357,-0.2076292069888356,0.07152488964483542
CHN__annual_difference__C,2020,-0.07894744767976736,0.20294792819386398,0.05121674082896277,-0.012261363251104829,-0.11968945395825097,0.04074200627848361
CHN__annual_difference__C,2021,0.22797912718899327,0.1848607098549584,0.05915442968248641,0.9473417249528824,0.2237880821468919,0.004191045042101382
CHN__annual_difference__C,2022,-0.13525711624624437,0.2015759373757966,0.08323129472018032,0.18252486828325187,-0.15983600212025328,0.024578885874008916
CHN__annual_difference__D,2011,-0.3527898198786613,0.570161875552067,0.09290486319446067,0.05348736376729324,-0.5132272110178453,0.16043739113918398
CHN__annual_difference__D,2012,-0.6880873721620142,0.34596147256876986,0.0553686443923862,-0.9863687273882875,-0.25572401992392757,-0.43236335223808664
CHN__annual_difference__D,2013,-0.10721487466406812,0.3028846829973384,0.0248420827275897,-0.5075875216365149,-0.20673323467875931,0.09951836001469119
CHN__annual_difference__D,2014,-0.06912866041502619,0.2501046427884077,0.02773103500853935,0.25141483081508564,-0.1458694931014309,0.07674083268640472
CHN__annual_difference__D,2015,-0.10423446319807517,0.2417211791438021,0.022426736548105453,-0.1021475947853947,-0.13632183222633548,0.032087369028260315
CHN__annual_difference__D,2016,-0.18876393310193262,0.2813817510405512,0.04417458537995422,-0.2357498634079782,-0.18155954890851,-0.007204384193422619
CHN__annual_difference__D,2017,-0.2519571542448489,0.27717160586696377,0.055626378039489666,-0.037831419119457976,-0.1764713254371165,-0.07548582880773239
CHN__annual_difference__D,2018,-0.1700490131517346,0.21908599669022522,0.07271574146851201,0.06548090212723512,-0.1092002738260712,-0.0608487393256634
CHN__annual_difference__D,2019,-0.1361043173440002,0.19256896682238178,0.03054912804718768,-0.44973997564722357,-0.07952863458017342,-0.05657568276382677
CHN__annual_difference__D,2020,-0.07894744767976736,0.20294792819386398,0.05121674082896277,-0.012261363251104829,-0.09105579053911708,0.012108342859349724
CHN__annual_difference__D,2021,0.22797912718899327,0.1848607098549584,0.05915442968248641,0.9473417249528824,-0.0700539423716546,0.2980330695606479
CHN__annual_difference__D,2022,-0.13525711624624437,0.2015759373757966,0.08323129472018032,0.18252486828325187,-0.08880973828643882,-0.04644737795980555
DEU__updated_main__A,2010,1.1459071105354406,3.682166724070565,10.512763874058926,4.456192445165693,0.9924089722160119,0.1534981383194287
DEU__updated_main__A,2011,0.7105540398602702,4.252328599622632,10.605666325206338,4.509679808932987,0.7695423567063624,-0.05898831684609218
DEU__updated_main__A,2012,0.24709265137139125,4.598290072191402,10.661033635112348,3.523311081544699,0.40269023036179474,-0.1555975789904035
DEU__updated_main__A,2013,0.18688024155311425,4.90117475518874,10.685875142695629,3.015723559908184,0.15088885958255005,0.0359913819705642
DEU__updated_main__A,2014,0.10203394737081978,5.151279397977148,10.713605552327314,3.26713839072327,0.09856920757698939,0.0034647397938303848
DEU__updated_main__A,2015,-0.12455785037253038,5.39300057712095,10.736031795649817,3.164990795937875,-0.03240405856458872,-0.09215379180794166
DEU__updated_main__A,2016,-0.15452682770338777,5.674382328161501,10.780205441271315,2.929240932529897,-0.20267078668194938,0.04814395897856161
DEU__updated_main__A,2017,-0.30417038533008295,5.951553934028465,10.835830693477304,2.891409513410439,-0.32045390036016563,0.016283515030082685
DEU__updated_main__A,2018,-0.4171850792381934,6.17063993071869,10.908545054584073,2.956890415537674,-0.3780662229750241,-0.0391188562631693
DEU__updated_main__A,2019,-0.5969345548399554,6.363208897541072,10.939093631999517,2.5071504398904505,-0.5598671849846563,-0.037067369855299126
DEU__updated_main__A,2020,-0.5030722976966139,6.566156825734936,10.990309486591185,2.4948890766393457,-0.6375549016501387,0.13448260395352485
DEU__updated_main__A,2021,-0.4720118371174482,6.751017535589894,11.049462947605978,3.442230801592228,-0.4848413257123846,0.012829488594936378
DEU__updated_main__A,2022,-0.4995142827708059,6.952593472965691,11.132692972869016,3.62475566987548,-0.5022429810140361,0.0027286982432301876
DEU__updated_main__A,2023,-0.8296805703527047,7.2503426514181,11.225127641533527,2.737118000531579,-0.8051839592314317,-0.024496611121272993
DEU__updated_main__B,2010,1.1459071105354406,3.682166724070565,10.512763874058926,4.456192445165693,0.9751049849044797,0.17080212563096087
DEU__updated_main__B,2011,0.7105540398602702,4.252328599622632,10.605666325206338,4.509679808932987,0.6668608454647611,0.043693194395509116
DEU__updated_main__B,2012,0.24709265137139125,4.598290072191402,10.661033635112348,3.523311081544699,0.4778266095038184,-0.23073395813242714
DEU__updated_main__B,2013,0.18688024155311425,4.90117475518874,10.685875142695629,3.015723559908184,0.26527906081193464,-0.07839881925882039
DEU__updated_main__B,2014,0.10203394737081978,5.151279397977148,10.713605552327314,3.26713839072327,0.10413997167830402,-0.0021060243074842444
DEU__updated_main__B,2015,-0.12455785037253038,5.39300057712095,10.736031795649817,3.164990795937875,-0.0603076117012975,-0.06425023867123288
DEU__updated_main__B,2016,-0.15452682770338777,5.674382328161501,10.780205441271315,2.929240932529897,-0.21576436904044272,0.061237541337054946
DEU__updated_main__B,2017,-0.30417038533008295,5.951553934028465,10.835830693477304,2.891409513410439,-0.34477924305585006,0.04060885772576711
DEU__updated_main__B,2018,-0.4171850792381934,6.17063993071869,10.908545054584073,2.956890415537674,-0.38952377613484046,-0.027661303103352963
DEU__updated_main__B,2019,-0.5969345548399554,6.363208897541072,10.939093631999517,2.5071504398904505,-0.4952814339032088,-0.10165312093674661
DEU__updated_main__B,2020,-0.5030722976966139,6.566156825734936,10.990309486591185,2.4948890766393457,-0.5688690895884818,0.06579679189186793
DEU__updated_main__B,2021,-0.4720118371174482,6.751017535589894,11.049462947605978,3.442230801592228,-0.6110069890088354,0.13899515189138723
DEU__updated_main__B,2022,-0.4995142827708059,6.952593472965691,11.132692972869016,3.62475566987548,-0.619668161595861,0.12015387882505513
DEU__updated_main__B,2023,-0.8296805703527047,7.2503426514181,11.225127641533527,2.737118000531579,-0.6931964930652263,-0.13648407728747836
DEU__updated_main__C,2010,1.1459071105354406,3.682166724070565,10.512736686478211,4.456192445165693,0.9924086683381619,0.1534984421972787
DEU__updated_main__C,2011,0.7105540398602702,4.252328599622632,10.605641549672672,4.509679808932987,0.769542474733538,-0.05898843487326777
DEU__updated_main__C,2012,0.24709265137139125,4.598290072191402,10.661010194065058,3.523311081544699,0.4026901480924423,-0.15559749672105105
DEU__updated_main__C,2013,0.18688024155311425,4.90117475518874,10.685852276792648,3.015723559908184,0.15088872979946433,0.035991511753649924
DEU__updated_main__C,2014,0.10203394737081978,5.151279397977148,10.713583311801187,3.26713839072327,0.09856929499719913,0.003464652373620647
DEU__updated_main__C,2015,-0.12455785037253038,5.39300057712095,10.736010048349293,3.164990795937875,-0.03240390187964526,-0.09215394849288512
DEU__updated_main__C,2016,-0.15452682770338777,5.674382328161501,10.780184633729247,2.929240932529897,-0.20267062761925259,0.048143799915864816
DEU__updated_main__C,2017,-0.30417038533008295,5.951553934028465,10.835811011768737,2.891409513410439,-0.3204537044863036,0.016283319156220666
DEU__updated_main__C,2018,-0.4171850792381934,6.17063993071869,10.908526753237249,2.956890415537674,-0.3780660544508929,-0.039119024787300505
DEU__updated_main__C,2019,-0.5969345548399554,6.363208897541072,10.939075881284436,2.5071504398904505,-0.5598671778808223,-0.03706737695913309
DEU__updated_main__C,2020,-0.5030722976966139,6.566156825734936,10.9902926221134,2.4948890766393457,-0.6375549522659474,0.1344826545693335
DEU__updated_main__C,2021,-0.4720118371174482,6.751017535589894,11.049447051795886,3.442230801592228,-0.4848411133220887,0.012829276204640472
DEU__updated_main__C,2022,-0.4995142827708059,6.952593472965691,11.132678346516066,3.62475566987548,-0.5022429332062261,0.0027286504354202545
DEU__updated_main__C,2023,-0.8296805703527047,7.2503426514181,11.225114306567848,2.737118000531579,-0.8051845455803759,-0.024496024772328817
DEU__updated_main__D,2010,1.1459071105354406,3.682166724070565,10.512736686478211,4.456192445165693,0.975104164709844,0.17080294582559663
DEU__updated_main__D,2011,0.7105540398602702,4.252328599622632,10.605641549672672,4.509679808932987,0.6668609864371327,0.04369305342313756
DEU__updated_main__D,2012,0.24709265137139125,4.598290072191402,10.661010194065058,3.523311081544699,0.47782710253126837,-0.23073445115987712
DEU__updated_main__D,2013,0.18688024155311425,4.90117475518874,10.685852276792648,3.015723559908184,0.26527928968397774,-0.07839904813086349
DEU__updated_main__D,2014,0.10203394737081978,5.151279397977148,10.713583311801187,3.26713839072327,0.10414009608953378,-0.002106148718714007
DEU__updated_main__D,2015,-0.12455785037253038,5.39300057712095,10.736010048349293,3.164990795937875,-0.06030769695514948,-0.0642501534173809
DEU__updated_main__D,2016,-0.15452682770338777,5.674382328161501,10.780184633729247,2.929240932529897,-0.21576443577786364,0.06123760807447587
DEU__updated_main__D,2017,-0.30417038533008295,5.951553934028465,10.835811011768737,2.891409513410439,-0.3447792050423679,0.04060881971228497
DEU__updated_main__D,2018,-0.4171850792381934,6.17063993071869,10.908526753237249,2.956890415537674,-0.3895234191703487,-0.027661660067844707
DEU__updated_main__D,2019,-0.5969345548399554,6.363208897541072,10.939075881284436,2.5071504398904505,-0.49528125662684985,-0.10165329821310554
DEU__updated_main__D,2020,-0.5030722976966139,6.566156825734936,10.9902926221134,2.4948890766393457,-0.5688689824635631,0.06579668476694922
DEU__updated_main__D,2021,-0.4720118371174482,6.751017535589894,11.049447051795886,3.442230801592228,-0.6110069463979926,0.13899510928054437
DEU__updated_main__D,2022,-0.4995142827708059,6.952593472965691,11.132678346516066,3.62475566987548,-0.6196682471807513,0.12015396440994541
DEU__updated_main__D,2023,-0.8296805703527047,7.2503426514181,11.225114306567848,2.737118000531579,-0.6931971445676659,-0.1364834257850388
DEU__new_source_old_years__A,2010,1.1459071105354406,3.682166724070565,10.512763874058926,4.456192445165693,1.054054390309369,0.0918527202260715
DEU__new_source_old_years__A,2011,0.7105540398602702,4.252328599622632,10.605666325206338,4.509679808932987,0.7431194257802756,-0.03256538592000535
DEU__new_source_old_years__A,2012,0.24709265137139125,4.598290072191402,10.661033635112348,3.523311081544699,0.3409618825056364,-0.09386923113424517
DEU__new_source_old_years__A,2013,0.18688024155311425,4.90117475518874,10.685875142695629,3.015723559908184,0.14834838437923425,0.038531857173879996
DEU__new_source_old_years__A,2014,0.10203394737081978,5.151279397977148,10.713605552327314,3.26713839072327,0.10660297439357724,-0.004569027022757466
DEU__new_source_old_years__A,2015,-0.12455785037253038,5.39300057712095,10.736031795649817,3.164990795937875,0.008214925822587982,-0.13277277619511835
DEU__new_source_old_years__A,2016,-0.15452682770338777,5.674382328161501,10.780205441271315,2.929240932529897,-0.19515318922777802,0.04062636152439025
DEU__new_source_old_years__A,2017,-0.30417038533008295,5.951553934028465,10.835830693477304,2.891409513410439,-0.3969358666775116,0.09276548134742862
DEU__new_source_old_years__B,2010,1.1459071105354406,3.682166724070565,10.512763874058926,4.456192445165693,1.0525495185546845,0.0933575919807561
DEU__new_source_old_years__B,2011,0.7105540398602702,4.252328599622632,10.605666325206338,4.509679808932987,0.6401346022180192,0.070419437642251
DEU__new_source_old_years__B,2012,0.24709265137139125,4.598290072191402,10.661033635112348,3.523311081544699,0.39314808402384926,-0.14605543265245802
DEU__new_source_old_years__B,2013,0.18688024155311425,4.90117475518874,10.685875142695629,3.015723559908184,0.2536054886970902,-0.06672524714397596
DEU__new_source_old_years__B,2014,0.10203394737081978,5.151279397977148,10.713605552327314,3.26713839072327,0.11495607074830616,-0.012922123377486383
DEU__new_source_old_years__B,2015,-0.12455785037253038,5.39300057712095,10.736031795649817,3.164990795937875,-0.00484909043820636,-0.11970875993432402
DEU__new_source_old_years__B,2016,-0.15452682770338777,5.674382328161501,10.780205441271315,2.929240932529897,-0.2029455949424488,0.04841876723906102
DEU__new_source_old_years__B,2017,-0.30417038533008295,5.951553934028465,10.835830693477304,2.891409513410439,-0.43738615157606375,0.1332157662459808
DEU__new_source_old_years__C,2010,1.1459071105354406,3.682166724070565,10.512736686478211,4.456192445165693,1.0540556701207675,0.09185144041467308
DEU__new_source_old_years__C,2011,0.7105540398602702,4.252328599622632,10.605641549672672,4.509679808932987,0.7431185886715705,-0.03256454881130033
DEU__new_source_old_years__C,2012,0.24709265137139125,4.598290072191402,10.661010194065058,3.523311081544699,0.3409606176126029,-0.09386796624121163
DEU__new_source_old_years__C,2013,0.18688024155311425,4.90117475518874,10.685852276792648,3.015723559908184,0.14834815332225182,0.03853208823086243
DEU__new_source_old_years__C,2014,0.10203394737081978,5.151279397977148,10.713583311801187,3.26713839072327,0.10660295210272808,-0.004569004731908299
DEU__new_source_old_years__C,2015,-0.12455785037253038,5.39300057712095,10.736010048349293,3.164990795937875,0.008215541518420633,-0.132773391890951
DEU__new_source_old_years__C,2016,-0.15452682770338777,5.674382328161501,10.780184633729247,2.929240932529897,-0.195152660963826,0.04062583326043823
DEU__new_source_old_years__C,2017,-0.30417038533008295,5.951553934028465,10.835811011768737,2.891409513410439,-0.3969359350993852,0.09276554976930224
DEU__new_source_old_years__D,2010,1.1459071105354406,3.682166724070565,10.512736686478211,4.456192445165693,1.0525509700043045,0.09335614053113606
DEU__new_source_old_years__D,2011,0.7105540398602702,4.252328599622632,10.605641549672672,4.509679808932987,0.6401338147327493,0.07042022512752089
DEU__new_source_old_years__D,2012,0.24709265137139125,4.598290072191402,10.661010194065058,3.523311081544699,0.3931463645893416,-0.14605371321795035
DEU__new_source_old_years__D,2013,0.18688024155311425,4.90117475518874,10.685852276792648,3.015723559908184,0.2536050586713188,-0.06672481711820452
DEU__new_source_old_years__D,2014,0.10203394737081978,5.151279397977148,10.713583311801187,3.26713839072327,0.11495616210683579,-0.012922214736016013
DEU__new_source_old_years__D,2015,-0.12455785037253038,5.39300057712095,10.736010048349293,3.164990795937875,-0.00484810096072863,-0.11970974941180175
DEU__new_source_old_years__D,2016,-0.15452682770338777,5.674382328161501,10.780184633729247,2.929240932529897,-0.20294488431920854,0.04841805661582077
DEU__new_source_old_years__D,2017,-0.30417038533008295,5.951553934028465,10.835811011768737,2.891409513410439,-0.43738645753937533,0.13321607220929238
DEU__annual_difference__C,2011,-0.4353530706751704,0.570161875552067,0.09290486319446067,0.05348736376729324,-0.43018337708011206,-0.005169693595058311
DEU__annual_difference__C,2012,-0.46346138848887897,0.34596147256876986,0.0553686443923862,-0.9863687273882875,-0.3481738125222068,-0.11528757596667216
DEU__annual_difference__C,2013,-0.060212409818276996,0.3028846829973384,0.0248420827275897,-0.5075875216365149,-0.21146405160544385,0.15125164178716685
DEU__annual_difference__C,2014,-0.08484629418229447,0.2501046427884077,0.02773103500853935,0.25141483081508564,-0.04983265544285587,-0.03501363873943861
DEU__annual_difference__C,2015,-0.22659179774335014,0.2417211791438021,0.022426736548105453,-0.1021475947853947,-0.09120525122403354,-0.1353865465193166
DEU__annual_difference__C,2016,-0.02996897733085739,0.2813817510405512,0.04417458537995422,-0.2357498634079782,-0.16563847875870513,0.13566950142784773
DEU__annual_difference__C,2017,-0.14964355762669518,0.27717160586696377,0.055626378039489666,-0.037831419119457976,-0.1408832309530591,-0.008760326673636076
DEU__annual_difference__C,2018,-0.11301469390811048,0.21908599669022522,0.07271574146851201,0.06548090212723512,-0.08457679649367152,-0.02843789741443896
DEU__annual_difference__C,2019,-0.17974947560176197,0.19256896682238178,0.03054912804718768,-0.44973997564722357,-0.10424228561502384,-0.07550718998673812
DEU__annual_difference__C,2020,0.09386225714334151,0.20294792819386398,0.05121674082896277,-0.012261363251104829,-0.06422491880725308,0.15808717595059457
DEU__annual_difference__C,2021,0.031060460579165672,0.1848607098549584,0.05915442968248641,0.9473417249528824,0.09131298944254373,-0.06025252886337806
DEU__annual_difference__C,2022,-0.027502445653357688,0.2015759373757966,0.08323129472018032,0.18252486828325187,-0.05887674164427692,0.03137429599091923
DEU__annual_difference__C,2023,-0.3301662875818988,0.2977491784524089,0.09243596005178212,-0.887637669343901,-0.3175990701840507,-0.012567217397848107
DEU__annual_difference__D,2011,-0.4353530706751704,0.570161875552067,0.09290486319446067,0.05348736376729324,-0.5108513426852539,0.07549827201008352
DEU__annual_difference__D,2012,-0.46346138848887897,0.34596147256876986,0.0553686443923862,-0.9863687273882875,-0.23577708528572885,-0.2276843032031501
DEU__annual_difference__D,2013,-0.060212409818276996,0.3028846829973384,0.0248420827275897,-0.5075875216365149,-0.1749508208319904,0.1147384110137134
DEU__annual_difference__D,2014,-0.08484629418229447,0.2501046427884077,0.02773103500853935,0.25141483081508564,-0.11420509072113062,0.02935879653883615
DEU__annual_difference__D,2015,-0.22659179774335014,0.2417211791438021,0.022426736548105453,-0.1021475947853947,-0.1025850613543112,-0.12400673638903895
DEU__annual_difference__D,2016,-0.02996897733085739,0.2813817510405512,0.04417458537995422,-0.2357498634079782,-0.1564127750240552,0.1264437976931978
DEU__annual_difference__D,2017,-0.14964355762669518,0.27717160586696377,0.055626378039489666,-0.037831419119457976,-0.1554055254046715,0.005761967777976329
DEU__annual_difference__D,2018,-0.11301469390811048,0.21908599669022522,0.07271574146851201,0.06548090212723512,-0.09331146326027408,-0.019703230647836398
DEU__annual_difference__D,2019,-0.17974947560176197,0.19256896682238178,0.03054912804718768,-0.44973997564722357,-0.047872717726626435,-0.13187675787513553
DEU__annual_difference__D,2020,0.09386225714334151,0.20294792819386398,0.05121674082896277,-0.012261363251104829,-0.06708184573181009,0.1609441028751516
DEU__annual_difference__D,2021,0.031060460579165672,0.1848607098549584,0.05915442968248641,0.9473417249528824,-0.048641336521394594,0.07970179710056027
DEU__annual_difference__D,2022,-0.027502445653357688,0.2015759373757966,0.08323129472018032,0.18252486828325187,-0.07642779261565992,0.04892534696230223
DEU__annual_difference__D,2023,-0.3301662875818988,0.2977491784524089,0.09243596005178212,-0.887637669343901,-0.19206482372523823,-0.13810146385666058
JPN__updated_main__A,2010,1.8222651613974585,3.682166724070565,10.512763874058926,4.456192445165693,1.9515327884985334,-0.12926762710107487
JPN__updated_main__A,2011,1.767657320186044,4.252328599622632,10.605666325206338,4.509679808932987,1.594903288172819,0.17275403201322503
JPN__updated_main__A,2012,1.5930233629950608,4.598290072191402,10.661033635112348,3.523311081544699,1.5353924254973759,0.057630937497684886
JPN__updated_main__A,2013,1.2058067222315105,4.90117475518874,10.685875142695629,3.015723559908184,1.2282743812963226,-0.022467659064812073
JPN__updated_main__A,2014,0.9233103391951751,5.151279397977148,10.713605552327314,3.26713839072327,0.9261565207716358,-0.00284618157646066
JPN__updated_main__A,2015,0.4112984431187065,5.39300057712095,10.736031795649817,3.164990795937875,0.6536310102934427,-0.24233256717473622
JPN__updated_main__A,2016,0.8216190728758879,5.674382328161501,10.780205441271315,2.929240932529897,0.5061716190573747,0.31544745381851313
JPN__updated_main__A,2017,0.359982847987546,5.951553934028465,10.835830693477304,2.891409513410439,0.43050050014020813,-0.07051765215266215
JPN__updated_main__A,2018,0.40484446291204496,6.17063993071869,10.908545054584073,2.956890415537674,0.5951854437049824,-0.19034098079293743
JPN__updated_main__A,2019,0.6556409662566212,6.363208897541072,10.939093631999517,2.5071504398904505,0.5437007217233579,0.11194024453326323
JPN__updated_main__B,2010,1.8222651613974585,3.682166724070565,10.512763874058926,4.456192445165693,1.9583050648200384,-0.13603990342257988
JPN__updated_main__B,2011,1.767657320186044,4.252328599622632,10.605666325206338,4.509679808932987,1.6700031117366052,0.09765420844943873
JPN__updated_main__B,2012,1.5930233629950608,4.598290072191402,10.661033635112348,3.523311081544699,1.4873830454186674,0.10564031757639336
JPN__updated_main__B,2013,1.2058067222315105,4.90117475518874,10.685875142695629,3.015723559908184,1.146584513075382,0.059222209156128525
JPN__updated_main__B,2014,0.9233103391951751,5.151279397977148,10.713605552327314,3.26713839072327,0.9204292253025272,0.0028811138926478908
JPN__updated_main__B,2015,0.4112984431187065,5.39300057712095,10.736031795649817,3.164990795937875,0.6683638496773483,-0.2570654065586418
JPN__updated_main__B,2016,0.8216190728758879,5.674382328161501,10.780205441271315,2.929240932529897,0.5132614313248638,0.3083576415510241
JPN__updated_main__B,2017,0.359982847987546,5.951553934028465,10.835830693477304,2.891409513410439,0.4532091627354191,-0.09322631474787313
JPN__updated_main__B,2018,0.40484446291204496,6.17063993071869,10.908545054584073,2.956890415537674,0.6258129591218449,-0.22096849620979991
JPN__updated_main__B,2019,0.6556409662566212,6.363208897541072,10.939093631999517,2.5071504398904505,0.5220963359439139,0.13354463031270725
JPN__updated_main__C,2010,1.8222651613974585,3.682166724070565,10.512736686478211,4.456192445165693,1.9515302917818587,-0.12926513038440013
JPN__updated_main__C,2011,1.767657320186044,4.252328599622632,10.605641549672672,4.509679808932987,1.5949047156325946,0.17275260455344932
JPN__updated_main__C,2012,1.5930233629950608,4.598290072191402,10.661010194065058,3.523311081544699,1.5353943191262158,0.05762904386884493
JPN__updated_main__C,2013,1.2058067222315105,4.90117475518874,10.685852276792648,3.015723559908184,1.228274904891733,-0.022468182660222435
JPN__updated_main__C,2014,0.9233103391951751,5.151279397977148,10.713583311801187,3.26713839072327,0.9261569324386268,-0.0028465932434517116
JPN__updated_main__C,2015,0.4112984431187065,5.39300057712095,10.736010048349293,3.164990795937875,0.653630586632584,-0.2423321435138775
JPN__updated_main__C,2016,0.8216190728758879,5.674382328161501,10.780184633729247,2.929240932529897,0.506170994667417,0.3154480782084709
JPN__updated_main__C,2017,0.359982847987546,5.951553934028465,10.835811011768737,2.891409513410439,0.43050007640192484,-0.07051722841437885
JPN__updated_main__C,2018,0.40484446291204496,6.17063993071869,10.908526753237249,2.956890415537674,0.5951859092432096,-0.19034144633116462
JPN__updated_main__C,2019,0.6556409662566212,6.363208897541072,10.939075881284436,2.5071504398904505,0.5436999683394825,0.11194099791713863
JPN__updated_main__D,2010,1.8222651613974585,3.682166724070565,10.512736686478211,4.456192445165693,1.9583027708207794,-0.13603760942332088
JPN__updated_main__D,2011,1.767657320186044,4.252328599622632,10.605641549672672,4.509679808932987,1.670004088560603,0.09765323162544104
JPN__updated_main__D,2012,1.5930233629950608,4.598290072191402,10.661010194065058,3.523311081544699,1.487385120361651,0.1056382426334097
JPN__updated_main__D,2013,1.2058067222315105,4.90117475518874,10.685852276792648,3.015723559908184,1.1465854027310058,0.05922131950050469
JPN__updated_main__D,2014,0.9233103391951751,5.151279397977148,10.713583311801187,3.26713839072327,0.9204295567173801,0.0028807824777949964
JPN__updated_main__D,2015,0.4112984431187065,5.39300057712095,10.736010048349293,3.164990795937875,0.6683632336052483,-0.2570647904865418
JPN__updated_main__D,2016,0.8216190728758879,5.674382328161501,10.780184633729247,2.929240932529897,0.5132606805409665,0.30835839233492135
JPN__updated_main__D,2017,0.359982847987546,5.951553934028465,10.835811011768737,2.891409513410439,0.45320858412695486,-0.09322573613940888
JPN__updated_main__D,2018,0.40484446291204496,6.17063993071869,10.908526753237249,2.956890415537674,0.6258133587231214,-0.22096889581107643
JPN__updated_main__D,2019,0.6556409662566212,6.363208897541072,10.939075881284436,2.5071504398904505,0.5220959029686156,0.13354506328800553
JPN__annual_difference__C,2011,-0.0546078412114146,0.570161875552067,0.09290486319446067,0.05348736376729324,-0.1575448294589619,0.1029369882475473
JPN__annual_difference__C,2012,-0.17463395719098318,0.34596147256876986,0.0553686443923862,-0.9863687273882875,-0.0022987825253763527,-0.17233517466560683
JPN__annual_difference__C,2013,-0.3872166407635502,0.3028846829973384,0.0248420827275897,-0.5075875216365149,-0.25442327985295604,-0.13279336091059418
JPN__annual_difference__C,2014,-0.2824963830363354,0.2501046427884077,0.02773103500853935,0.25141483081508564,-0.29418445644947666,0.011688073413141264
JPN__annual_difference__C,2015,-0.5120118960764686,0.2417211791438021,0.022426736548105453,-0.1021475947853947,-0.2661160189510583,-0.24589587712541028
JPN__annual_difference__C,2016,0.41032062975718137,0.2813817510405512,0.04417458537995422,-0.2357498634079782,-0.13068340469652662,0.5410040344537079
JPN__annual_difference__C,2017,-0.4616362248883419,0.27717160586696377,0.055626378039489666,-0.037831419119457976,-0.07338611812954265,-0.38825010675879923
JPN__annual_difference__C,2018,0.04486161492449897,0.21908599669022522,0.07271574146851201,0.06548090212723512,0.104121781272798,-0.05926016634829903
JPN__annual_difference__C,2019,0.2507965033445762,0.19256896682238178,0.03054912804718768,-0.44973997564722357,-0.09210908634973745,0.3429055896943137
JPN__annual_difference__D,2011,-0.0546078412114146,0.570161875552067,0.09290486319446067,0.05348736376729324,-0.12056954281418597,0.06596170160277137
JPN__annual_difference__D,2012,-0.17463395719098318,0.34596147256876986,0.0553686443923862,-0.9863687273882875,-0.1282966804119381,-0.04633727677904509
JPN__annual_difference__D,2013,-0.3872166407635502,0.3028846829973384,0.0248420827275897,-0.5075875216365149,-0.28283849749230994,-0.10437814327124029
JPN__annual_difference__D,2014,-0.2824963830363354,0.2501046427884077,0.02773103500853935,0.25141483081508564,-0.20768088806520493,-0.07481549497113046
JPN__annual_difference__D,2015,-0.5120118960764686,0.2417211791438021,0.022426736548105453,-0.1021475947853947,-0.23357757467889997,-0.27843432139756863
JPN__annual_difference__D,2016,0.41032062975718137,0.2813817510405512,0.04417458537995422,-0.2357498634079782,-0.13302991640389444,0.5433505461610758
JPN__annual_difference__D,2017,-0.4616362248883419,0.27717160586696377,0.055626378039489666,-0.037831419119457976,-0.05336793826728109,-0.4082682866210608
JPN__annual_difference__D,2018,0.04486161492449897,0.21908599669022522,0.07271574146851201,0.06548090212723512,0.12066224290819977,-0.0758006279837008
JPN__annual_difference__D,2019,0.2507965033445762,0.19256896682238178,0.03054912804718768,-0.44973997564722357,-0.12792539991532306,0.3787219032598993
KOR__updated_main__A,2010,1.0055040248703366,3.682166724070565,10.512763874058926,4.456192445165693,0.9248847838390315,0.08061924103130513
KOR__updated_main__A,2011,0.514894351690676,4.252328599622632,10.605666325206338,4.509679808932987,0.5790797380404733,-0.06418538634979731
KOR__updated_main__A,2012,0.19555570127704475,4.598290072191402,10.661033635112348,3.523311081544699,0.2917660783727772,-0.09621037709573244
KOR__updated_main__A,2013,0.09909722333078141,4.90117475518874,10.685875142695629,3.015723559908184,0.09257869555180884,0.006518527778972577
KOR__updated_main__A,2015,0.1294472909777189,5.39300057712095,10.736031795649817,3.164990795937875,-0.16616241430396658,0.2956097052816855
KOR__updated_main__A,2016,-0.6485567722247049,5.674382328161501,10.780205441271315,2.929240932529897,-0.3552658732286872,-0.2932908989960177
KOR__updated_main__A,2017,-0.5518535335372289,5.951553934028465,10.835830693477304,2.891409513410439,-0.5393208192222417,-0.012532714314987148
KOR__updated_main__A,2019,-0.7762639061153219,6.363208897541072,10.939093631999517,2.5071504398904505,-0.8597358087799097,0.08347190266458782
KOR__updated_main__B,2010,1.0055040248703366,3.682166724070565,10.512763874058926,4.456192445165693,0.9238425481478085,0.0816614767225281
KOR__updated_main__B,2011,0.514894351690676,4.252328599622632,10.605666325206338,4.509679808932987,0.5423321220539439,-0.027437770363267888
KOR__updated_main__B,2012,0.19555570127704475,4.598290072191402,10.661033635112348,3.523311081544699,0.31174748503051575,-0.116191783753471
KOR__updated_main__B,2013,0.09909722333078141,4.90117475518874,10.685875142695629,3.015723559908184,0.13123459238951618,-0.032137369058734766
KOR__updated_main__B,2015,0.1294472909777189,5.39300057712095,10.736031795649817,3.164990795937875,-0.17075855583419575,0.30020584681191465
KOR__updated_main__B,2016,-0.6485567722247049,5.674382328161501,10.780205441271315,2.929240932529897,-0.3575246579181943,-0.29103211430651055
KOR__updated_main__B,2017,-0.5518535335372289,5.951553934028465,10.835830693477304,2.891409513410439,-0.552444867609708,0.0005913340724791327
KOR__updated_main__B,2019,-0.7762639061153219,6.363208897541072,10.939093631999517,2.5071504398904505,-0.8606042859903482,0.0843403798750263
KOR__updated_main__C,2010,1.0055040248703366,3.682166724070565,10.512736686478211,4.456192445165693,0.9248850884675031,0.08061893640283357
KOR__updated_main__C,2011,0.514894351690676,4.252328599622632,10.605641549672672,4.509679808932987,0.5790794348246335,-0.06418508313395754
KOR__updated_main__C,2012,0.19555570127704475,4.598290072191402,10.661010194065058,3.523311081544699,0.2917655242621932,-0.09620982298514846
KOR__updated_main__C,2013,0.09909722333078141,4.90117475518874,10.685852276792648,3.015723559908184,0.09257862521258867,0.006518598118192748
KOR__updated_main__C,2015,0.1294472909777189,5.39300057712095,10.736010048349293,3.164990795937875,-0.16616190296708952,0.29560919394480845
KOR__updated_main__C,2016,-0.6485567722247049,5.674382328161501,10.780184633729247,2.929240932529897,-0.3552653981302085,-0.29329137409449635
KOR__updated_main__C,2017,-0.5518535335372289,5.951553934028465,10.835811011768737,2.891409513410439,-0.5393206230256908,-0.012532910511538042
KOR__updated_main__C,2019,-0.7762639061153219,6.363208897541072,10.939075881284436,2.5071504398904505,-0.8597363683746918,0.08347246225936988
KOR__updated_main__D,2010,1.0055040248703366,3.682166724070565,10.512736686478211,4.456192445165693,0.9238428047518443,0.0816612201184923
KOR__updated_main__D,2011,0.514894351690676,4.252328599622632,10.605641549672672,4.509679808932987,0.5423317985529206,-0.027437446862244586
KOR__updated_main__D,2012,0.19555570127704475,4.598290072191402,10.661010194065058,3.523311081544699,0.31174693409612253,-0.11619123281907778
KOR__updated_main__D,2013,0.09909722333078141,4.90117475518874,10.685852276792648,3.015723559908184,0.13123456393121202,-0.03213734060043061
KOR__updated_main__D,2015,0.1294472909777189,5.39300057712095,10.736010048349293,3.164990795937875,-0.1707579798631116,0.3002052708408305
KOR__updated_main__D,2016,-0.6485567722247049,5.674382328161501,10.780184633729247,2.929240932529897,-0.3575241285612627,-0.29103264366344217
KOR__updated_main__D,2017,-0.5518535335372289,5.951553934028465,10.835811011768737,2.891409513410439,-0.5524446601060795,0.0005911265688506306
KOR__updated_main__D,2019,-0.7762639061153219,6.363208897541072,10.939075881284436,2.5071504398904505,-0.860604952532487,0.08434104641716511
KOR__annual_difference__D,2011,-0.49060967317966064,0.570161875552067,0.09290486319446067,0.05348736376729324,-0.4841160737522258,-0.006493599427434826
KOR__annual_difference__D,2012,-0.31933865041363124,0.34596147256876986,0.0553686443923862,-0.9863687273882875,-0.30952714188464203,-0.00981150852898921
KOR__annual_difference__D,2013,-0.09645847794626333,0.3028846829973384,0.0248420827275897,-0.5075875216365149,-0.2816244222389648,0.18516594429270145
KOR__annual_difference__D,2016,-0.7780040632024238,0.2813817510405512,0.04417458537995422,-0.2357498634079782,-0.2593301680853355,-0.5186738951170883
KOR__annual_difference__D,2017,0.09670323868747599,0.27717160586696377,0.055626378039489666,-0.037831419119457976,-0.2531098200933344,0.34981305878081037
USA__updated_main__A,2010,1.1251235264312904,3.682166724070565,10.512763874058926,4.456192445165693,1.1065374644495218,0.018586061981768598
USA__updated_main__A,2011,1.0121245199443458,4.252328599622632,10.605666325206338,4.509679808932987,0.7453025380291289,0.2668219819152169
USA__updated_main__A,2012,0.3569511942516002,4.598290072191402,10.661033635112348,3.523311081544699,0.4583171896031814,-0.1013659953515812
USA__updated_main__A,2013,-0.1533604531897466,4.90117475518874,10.685875142695629,3.015723559908184,0.1593905863284583,-0.3127510395182049
USA__updated_main__A,2014,-0.1343671682116031,5.151279397977148,10.713605552327314,3.26713839072327,-0.023313884179590766,-0.11105328403201234
USA__updated_main__A,2015,-0.1413234108507973,5.39300057712095,10.736031795649817,3.164990795937875,-0.23486586147663133,0.09354245062583402
USA__updated_main__A,2016,-0.16757233602876334,5.674382328161501,10.780205441271315,2.929240932529897,-0.43479883077848946,0.26722649474972615
USA__updated_main__A,2017,-0.7961835122749041,5.951553934028465,10.835830693477304,2.891409513410439,-0.5833329749413102,-0.21285053733359394
USA__updated_main__A,2018,-0.5232843431649703,6.17063993071869,10.908545054584073,2.956890415537674,-0.6091353410726928,0.08585099790772255
USA__updated_main__A,2019,-0.7261858339880062,6.363208897541072,10.939093631999517,2.5071504398904505,-0.7633641607565025,0.037178326768496306
USA__updated_main__A,2020,-0.7731265254241907,6.566156825734936,10.990309486591185,2.4948890766393457,-0.8399370235825991,0.06681049815840845
USA__updated_main__A,2021,-0.903934598743685,6.751017535589894,11.049462947605978,3.442230801592228,-0.8115121246442876,-0.09242247409939741
USA__updated_main__A,2022,-0.896924640048022,6.952593472965691,11.132692972869016,3.62475566987548,-0.7788911120717965,-0.11803352797622546
USA__updated_main__A,2023,-0.9187655491935207,7.2503426514181,11.225127641533527,2.737118000531579,-0.8950906353947785,-0.023674913798742203
USA__updated_main__A,2024,-1.0615763195895638,7.530490596047716,11.254715294682578,1.547562508716013,-1.1977112795922027,0.13613496000263892
USA__updated_main__B,2010,1.1251235264312904,3.682166724070565,10.512763874058926,4.456192445165693,1.1046977528803836,0.0204257735509068
USA__updated_main__B,2011,1.0121245199443458,4.252328599622632,10.605666325206338,4.509679808932987,0.7174671490237685,0.2946573709205773
USA__updated_main__B,2012,0.3569511942516002,4.598290072191402,10.661033635112348,3.523311081544699,0.47924476739227373,-0.12229357314067352
USA__updated_main__B,2013,-0.1533604531897466,4.90117475518874,10.685875142695629,3.015723559908184,0.1939490304922984,-0.34730948368204495
USA__updated_main__B,2014,-0.1343671682116031,5.151279397977148,10.713605552327314,3.26713839072327,-0.01819490776819066,-0.11617226044341245
USA__updated_main__B,2015,-0.1413234108507973,5.39300057712095,10.736031795649817,3.164990795937875,-0.23743278528785794,0.09610937443706064
USA__updated_main__B,2016,-0.16757233602876334,5.674382328161501,10.780205441271315,2.929240932529897,-0.43397411849135636,0.26640178246259305
USA__updated_main__B,2017,-0.7961835122749041,5.951553934028465,10.835830693477304,2.891409513410439,-0.588243928706703,-0.2079395835682012
USA__updated_main__B,2018,-0.5232843431649703,6.17063993071869,10.908545054584073,2.956890415537674,-0.6168418671961007,0.09355752403113038
USA__updated_main__B,2019,-0.7261858339880062,6.363208897541072,10.939093631999517,2.5071504398904505,-0.7503177162700609,0.024131882282054762
USA__updated_main__B,2020,-0.7731265254241907,6.566156825734936,10.990309486591185,2.4948890766393457,-0.8292249511327299,0.05609842570853918
USA__updated_main__B,2021,-0.903934598743685,6.751017535589894,11.049462947605978,3.442230801592228,-0.8605041086726359,-0.043430490071049044
USA__updated_main__B,2022,-0.896924640048022,6.952593472965691,11.132692972869016,3.62475566987548,-0.8338000798907927,-0.06312456015722923
USA__updated_main__B,2023,-0.9187655491935207,7.2503426514181,11.225127641533527,2.737118000531579,-0.8934083791402472,-0.025357170053273537
USA__updated_main__B,2024,-1.0615763195895638,7.530490596047716,11.254715294682578,1.547562508716013,-1.135821307312547,0.07424498772298316
USA__updated_main__C,2010,1.1251235264312904,3.682166724070565,10.512736686478211,4.456192445165693,1.1065361954879718,0.01858733094331866
USA__updated_main__C,2011,1.0121245199443458,4.252328599622632,10.605641549672672,4.509679808932987,0.7453026098683897,0.2668219100759561
USA__updated_main__C,2012,0.3569511942516002,4.598290072191402,10.661010194065058,3.523311081544699,0.45831805187755903,-0.10136685762595882
USA__updated_main__C,2013,-0.1533604531897466,4.90117475518874,10.685852276792648,3.015723559908184,0.1593910448978262,-0.3127514980875728
USA__updated_main__C,2014,-0.1343671682116031,5.151279397977148,10.713583311801187,3.26713839072327,-0.02331376634088339,-0.11105340187071971
USA__updated_main__C,2015,-0.1413234108507973,5.39300057712095,10.736010048349293,3.164990795937875,-0.2348661476928136,0.0935427368420163
USA__updated_main__C,2016,-0.16757233602876334,5.674382328161501,10.780184633729247,2.929240932529897,-0.43479906114698974,0.2672267251182264
USA__updated_main__C,2017,-0.7961835122749041,5.951553934028465,10.835811011768737,2.891409513410439,-0.5833330190467377,-0.2128504932281664
USA__updated_main__C,2018,-0.5232843431649703,6.17063993071869,10.908526753237249,2.956890415537674,-0.6091347626654772,0.08585041950050687
USA__updated_main__C,2019,-0.7261858339880062,6.363208897541072,10.939075881284436,2.5071504398904505,-0.7633637371680376,0.037177903180031446
USA__updated_main__C,2020,-0.7731265254241907,6.566156825734936,10.9902926221134,2.4948890766393457,-0.839936632226219,0.06681010680202826
USA__updated_main__C,2021,-0.903934598743685,6.751017535589894,11.049447051795886,3.442230801592228,-0.811512005299869,-0.09242259344381598
USA__updated_main__C,2022,-0.896924640048022,6.952593472965691,11.132678346516066,3.62475566987548,-0.7788910025562357,-0.1180336374917863
USA__updated_main__C,2023,-0.9187655491935207,7.2503426514181,11.225114306567848,2.737118000531579,-0.8950908933572458,-0.023674655836274927
USA__updated_main__C,2024,-1.0615763195895638,7.530490596047716,11.254702348489987,1.547562508716013,-1.1977123247114352,0.1361360051218714
USA__updated_main__D,2010,1.1251235264312904,3.682166724070565,10.512736686478211,4.456192445165693,1.10469646924831,0.020427057182980324
USA__updated_main__D,2011,1.0121245199443458,4.252328599622632,10.605641549672672,4.509679808932987,0.7174674440783235,0.2946570758660223
USA__updated_main__D,2012,0.3569511942516002,4.598290072191402,10.661010194065058,3.523311081544699,0.4792456375222187,-0.1222944432706185
USA__updated_main__D,2013,-0.1533604531897466,4.90117475518874,10.685852276792648,3.015723559908184,0.19394933322048757,-0.34730978641023413
USA__updated_main__D,2014,-0.1343671682116031,5.151279397977148,10.713583311801187,3.26713839072327,-0.018194846233477335,-0.11617232197812577
USA__updated_main__D,2015,-0.1413234108507973,5.39300057712095,10.736010048349293,3.164990795937875,-0.23743315958265043,0.09610974873185313
USA__updated_main__D,2016,-0.16757233602876334,5.674382328161501,10.780184633729247,2.929240932529897,-0.4339744668417964,0.2664021308130331
USA__updated_main__D,2017,-0.7961835122749041,5.951553934028465,10.835811011768737,2.891409513410439,-0.5882440399940592,-0.20793947228084497
USA__updated_main__D,2018,-0.5232843431649703,6.17063993071869,10.908526753237249,2.956890415537674,-0.6168412388457227,0.09355689568075243
USA__updated_main__D,2019,-0.7261858339880062,6.363208897541072,10.939075881284436,2.5071504398904505,-0.7503173820409188,0.02413154805291262
USA__updated_main__D,2020,-0.7731265254241907,6.566156825734936,10.9902926221134,2.4948890766393457,-0.8292246218634602,0.05609809643926955
USA__updated_main__D,2021,-0.903934598743685,6.751017535589894,11.049447051795886,3.442230801592228,-0.8605037122449488,-0.043430886498736165
USA__updated_main__D,2022,-0.896924640048022,6.952593472965691,11.132678346516066,3.62475566987548,-0.8337995957062461,-0.0631250443417759
USA__updated_main__D,2023,-0.9187655491935207,7.2503426514181,11.225114306567848,2.737118000531579,-0.8934085567989811,-0.02535699239453959
USA__updated_main__D,2024,-1.0615763195895638,7.530490596047716,11.254702348489987,1.547562508716013,-1.1358227139978325,0.07424639440826875
USA__new_source_old_years__A,2010,1.1251235264312904,3.682166724070565,10.512763874058926,4.456192445165693,1.1345724759691254,-0.009448949537834928
USA__new_source_old_years__A,2011,1.0121245199443458,4.252328599622632,10.605666325206338,4.509679808932987,0.9829883038430092,0.029136216101336654
USA__new_source_old_years__A,2012,0.3569511942516002,4.598290072191402,10.661033635112348,3.523311081544699,0.3211273417874301,0.035823852464170136
USA__new_source_old_years__A,2013,-0.1533604531897466,4.90117475518874,10.685875142695629,3.015723559908184,-0.08762162044983257,-0.06573883273991402
USA__new_source_old_years__A,2014,-0.1343671682116031,5.151279397977148,10.713605552327314,3.26713839072327,-0.04230006247527629,-0.09206710573632682
USA__new_source_old_years__A,2015,-0.1413234108507973,5.39300057712095,10.736031795649817,3.164990795937875,-0.19632960039839586,0.05500618954759856
USA__new_source_old_years__A,2016,-0.16757233602876334,5.674382328161501,10.780205441271315,2.929240932529897,-0.41944891562920095,0.25187657960043763
USA__new_source_old_years__A,2017,-0.7961835122749041,5.951553934028465,10.835830693477304,2.891409513410439,-0.5163751273338311,-0.2798083849410731
USA__new_source_old_years__A,2018,-0.5232843431649703,6.17063993071869,10.908545054584073,2.956890415537674,-0.50569481577347,-0.017589527391500326
USA__new_source_old_years__A,2019,-0.7261858339880062,6.363208897541072,10.939093631999517,2.5071504398904505,-0.8189957966212833,0.09280996263327712
USA__new_source_old_years__B,2010,1.1251235264312904,3.682166724070565,10.512763874058926,4.456192445165693,1.1112681896069745,0.013855336824315945
USA__new_source_old_years__B,2011,1.0121245199443458,4.252328599622632,10.605666325206338,4.509679808932987,0.724560013079703,0.28756450686464285
USA__new_source_old_years__B,2012,0.3569511942516002,4.598290072191402,10.661033635112348,3.523311081544699,0.4863338821737244,-0.1293826879221242
USA__new_source_old_years__B,2013,-0.1533604531897466,4.90117475518874,10.685875142695629,3.015723559908184,0.19348387375099207,-0.34684432694073863
USA__new_source_old_years__B,2014,-0.1343671682116031,5.151279397977148,10.713605552327314,3.26713839072327,-0.02259169155539098,-0.11177547665621212
USA__new_source_old_years__B,2015,-0.1413234108507973,5.39300057712095,10.736031795649817,3.164990795937875,-0.2470272228354986,0.1057038119847013
USA__new_source_old_years__B,2016,-0.16757233602876334,5.674382328161501,10.780205441271315,2.929240932529897,-0.4438458846134594,0.2762735485846961
USA__new_source_old_years__B,2017,-0.7961835122749041,5.951553934028465,10.835830693477304,2.891409513410439,-0.5945185980063883,-0.20166491426851585
USA__new_source_old_years__B,2018,-0.5232843431649703,6.17063993071869,10.908545054584073,2.956890415537674,-0.6110880921372086,0.0878037489722383
USA__new_source_old_years__B,2019,-0.7261858339880062,6.363208897541072,10.939093631999517,2.5071504398904505,-0.7446522865448912,0.01846645255688506
USA__new_source_old_years__C,2010,1.1251235264312904,3.682166724070565,10.512736686478211,4.456192445165693,1.134572100048214,-0.009448573616923639
USA__new_source_old_years__C,2011,1.0121245199443458,4.252328599622632,10.605641549672672,4.509679808932987,0.9829885025419376,0.029136017402408232
USA__new_source_old_years__C,2012,0.3569511942516002,4.598290072191402,10.661010194065058,3.523311081544699,0.3211275084316436,0.0358236858199566
USA__new_source_old_years__C,2013,-0.1533604531897466,4.90117475518874,10.685852276792648,3.015723559908184,-0.08762158184279589,-0.0657388713469507
USA__new_source_old_years__C,2014,-0.1343671682116031,5.151279397977148,10.713583311801187,3.26713839072327,-0.042299944452987015,-0.09206722375861609
USA__new_source_old_years__C,2015,-0.1413234108507973,5.39300057712095,10.736010048349293,3.164990795937875,-0.1963295265044911,0.05500611565369379
USA__new_source_old_years__C,2016,-0.16757233602876334,5.674382328161501,10.780184633729247,2.929240932529897,-0.4194488827394489,0.2518765467106856
USA__new_source_old_years__C,2017,-0.7961835122749041,5.951553934028465,10.835811011768737,2.891409513410439,-0.5163751143078747,-0.2798083979670294
USA__new_source_old_years__C,2018,-0.5232843431649703,6.17063993071869,10.908526753237249,2.956890415537674,-0.5056948410774738,-0.017589502087496545
USA__new_source_old_years__C,2019,-0.7261858339880062,6.363208897541072,10.939075881284436,2.5071504398904505,-0.8189960371783618,0.0928102031903556
USA__new_source_old_years__D,2010,1.1251235264312904,3.682166724070565,10.512736686478211,4.456192445165693,1.1112669707937286,0.01385655563756183
USA__new_source_old_years__D,2011,1.0121245199443458,4.252328599622632,10.605641549672672,4.509679808932987,0.724560151087907,0.2875643688564389
USA__new_source_old_years__D,2012,0.3569511942516002,4.598290072191402,10.661010194065058,3.523311081544699,0.4863344550129227,-0.1293832607613225
USA__new_source_old_years__D,2013,-0.1533604531897466,4.90117475518874,10.685852276792648,3.015723559908184,0.19348440548697,-0.34684485867671655
USA__new_source_old_years__D,2014,-0.1343671682116031,5.151279397977148,10.713583311801187,3.26713839072327,-0.022591174484169585,-0.11177599372743352
USA__new_source_old_years__D,2015,-0.1413234108507973,5.39300057712095,10.736010048349293,3.164990795937875,-0.24702680294384294,0.10570339209304563
USA__new_source_old_years__D,2016,-0.16757233602876334,5.674382328161501,10.780184633729247,2.929240932529897,-0.44384556890707927,0.27627323287831596
USA__new_source_old_years__D,2017,-0.7961835122749041,5.951553934028465,10.835811011768737,2.891409513410439,-0.5945185393023209,-0.20166497297258323
USA__new_source_old_years__D,2018,-0.5232843431649703,6.17063993071869,10.908526753237249,2.956890415537674,-0.6110885477085404,0.08780420454357007
USA__new_source_old_years__D,2019,-0.7261858339880062,6.363208897541072,10.939075881284436,2.5071504398904505,-0.7446531661169757,0.01846733212896956
USA__annual_difference__C,2011,-0.11299900648694461,0.570161875552067,0.09290486319446067,0.05348736376729324,-0.2425945856837011,0.1295955791967565
USA__annual_difference__C,2012,-0.6551733256927457,0.34596147256876986,0.0553686443923862,-0.9863687273882875,-0.288957213479562,-0.3662161122131837
USA__annual_difference__C,2013,-0.5103116474413468,0.3028846829973384,0.0248420827275897,-0.5075875216365149,-0.2982856477935852,-0.21202599964776164
USA__annual_difference__C,2014,0.018993284978143482,0.2501046427884077,0.02773103500853935,0.25141483081508564,-0.1660100231314447,0.18500330810958818
USA__annual_difference__C,2015,-0.006956242639194199,0.2417211791438021,0.022426736548105453,-0.1021475947853947,-0.2133319150047164,0.2063756723655222
USA__annual_difference__C,2016,-0.026248925177966037,0.2813817510405512,0.04417458537995422,-0.2357498634079782,-0.19187215432990506,0.16562322915193903
USA__annual_difference__C,2017,-0.6286111762461408,0.27717160586696377,0.055626378039489666,-0.037831419119457976,-0.13179891485308648,-0.49681226139305434
USA__annual_difference__C,2018,0.27289916910993384,0.21908599669022522,0.07271574146851201,0.06548090212723512,-0.02074932318135758,0.2936484922912914
USA__annual_difference__C,2019,-0.20290149082303588,0.19256896682238178,0.03054912804718768,-0.44973997564722357,-0.18532778107873837,-0.017573709744297505
USA__annual_difference__C,2020,-0.04694069143618451,0.20294792819386398,0.05121674082896277,-0.012261363251104829,-0.0828880749929265,0.035947383556741985
USA__annual_difference__C,2021,-0.1308080733194943,0.1848607098549584,0.05915442968248641,0.9473417249528824,0.05841716346964783,-0.1892252367891421
USA__annual_difference__C,2022,0.00700995869566301,0.2015759373757966,0.08323129472018032,0.18252486828325187,0.03854965812412839,-0.03153969942846538
USA__annual_difference__C,2023,-0.021840909145498744,0.2977491784524089,0.09243596005178212,-0.887637669343901,-0.12419593925409765,0.10235503010859891
USA__annual_difference__C,2024,-0.14281077039604306,0.2801479446296167,0.02958804192213904,-1.189555491815566,-0.33765509483150824,0.19484432443546518
USA__annual_difference__D,2011,-0.11299900648694461,0.570161875552067,0.09290486319446067,0.05348736376729324,-0.30369904032967354,0.19070003384272893
USA__annual_difference__D,2012,-0.6551733256927457,0.34596147256876986,0.0553686443923862,-0.9863687273882875,-0.21909878426325566,-0.43607454142949
USA__annual_difference__D,2013,-0.5103116474413468,0.3028846829973384,0.0248420827275897,-0.5075875216365149,-0.2911259105302149,-0.2191857369111319
USA__annual_difference__D,2014,0.018993284978143482,0.2501046427884077,0.02773103500853935,0.25141483081508564,-0.22681040652923837,0.24580369150738185
USA__annual_difference__D,2015,-0.006956242639194199,0.2417211791438021,0.022426736548105453,-0.1021475947853947,-0.23841726096040017,0.23146101832120597
USA__annual_difference__D,2016,-0.026248925177966037,0.2813817510405512,0.04417458537995422,-0.2357498634079782,-0.196176421396353,0.16992749621838696
USA__annual_difference__D,2017,-0.6286111762461408,0.27717160586696377,0.055626378039489666,-0.037831419119457976,-0.14855584342786662,-0.48005533281827417
USA__annual_difference__D,2018,0.27289916910993384,0.21908599669022522,0.07271574146851201,0.06548090212723512,-0.0251041608135823,0.29800332992351614
USA__annual_difference__D,2019,-0.20290149082303588,0.19256896682238178,0.03054912804718768,-0.44973997564722357,-0.15795385273576723,-0.04494763808726865
USA__annual_difference__D,2020,-0.04694069143618451,0.20294792819386398,0.05121674082896277,-0.012261363251104829,-0.09019097043658575,0.04325027900040124
USA__annual_difference__D,2021,-0.1308080733194943,0.1848607098549584,0.05915442968248641,0.9473417249528824,-0.041842898935415984,-0.0889651743840783
USA__annual_difference__D,2022,0.00700995869566301,0.2015759373757966,0.08323129472018032,0.18252486828325187,0.03242146242890537,-0.025411503733242358
USA__annual_difference__D,2023,-0.021840909145498744,0.2977491784524089,0.09243596005178212,-0.887637669343901,-0.029984299698753825,0.008143390553255081
USA__annual_difference__D,2024,-0.14281077039604306,0.2801479446296167,0.02958804192213904,-1.189555491815566,-0.25016145839265225,0.10735068799660918
USA__2020_revised_vintage__C,2010,1.1251235264312904,3.682166724070565,10.512736686478211,4.456192445165693,1.100762136898286,0.024361389533004374
USA__2020_revised_vintage__C,2011,1.0121245199443458,4.252328599622632,10.605641549672672,4.509679808932987,0.7407968003508434,0.27132771959350244
USA__2020_revised_vintage__C,2012,0.3569511942516002,4.598290072191402,10.661010194065058,3.523311081544699,0.45901054676400677,-0.10205935251240655
USA__2020_revised_vintage__C,2013,-0.1533604531897466,4.90117475518874,10.685852276792648,3.015723559908184,0.1642245921924732,-0.31758504538221977
USA__2020_revised_vintage__C,2014,-0.1343671682116031,5.151279397977148,10.713583311801187,3.26713839072327,-0.018286580019418075,-0.11608058819218503
USA__2020_revised_vintage__C,2015,-0.1413234108507973,5.39300057712095,10.736010048349293,3.164990795937875,-0.2279601966716641,0.08663678582086679
USA__2020_revised_vintage__C,2016,-0.16757233602876334,5.674382328161501,10.780184633729247,2.929240932529897,-0.42606049263207457,0.25848815660331126
USA__2020_revised_vintage__C,2017,-0.7961835122749041,5.951553934028465,10.835811011768737,2.891409513410439,-0.5741996013672499,-0.22198391090765424
USA__2020_revised_vintage__C,2018,-0.5232843431649703,6.17063993071869,10.908526753237249,2.956890415537674,-0.6014626796539444,0.0781783364889741
USA__2020_revised_vintage__C,2019,-0.7261858339880062,6.363208897541072,10.939075881284436,2.5071504398904505,-0.7532123411509252,0.02702650716291899
USA__2020_revised_vintage__C,2020,-0.6970144249733967,6.566156825734936,10.9902926221134,2.4948890766393457,-0.8300598213422867,0.13304539636889
USA__2020_revised_vintage__C,2021,-0.903934598743685,6.751017535589894,11.049447051795886,3.442230801592228,-0.8065999952476925,-0.09733460349599243
USA__2020_revised_vintage__C,2022,-0.896924640048022,6.952593472965691,11.132678346516066,3.62475566987548,-0.7766236418779087,-0.1203009981701133
USA__2020_revised_vintage__C,2023,-0.9187655491935207,7.2503426514181,11.225114306567848,2.737118000531579,-0.8903068930526407,-0.028458656140880056
USA__2020_revised_vintage__C,2024,-1.0615763195895638,7.530490596047716,11.254702348489987,1.547562508716013,-1.1863151828192322,0.12473886322966843
USA__2020_revised_vintage__D,2010,1.1251235264312904,3.682166724070565,10.512736686478211,4.456192445165693,1.0990467782312692,0.02607674820002126
USA__2020_revised_vintage__D,2011,1.0121245199443458,4.252328599622632,10.605641549672672,4.509679808932987,0.7148433232210891,0.2972811967232567
USA__2020_revised_vintage__D,2012,0.3569511942516002,4.598290072191402,10.661010194065058,3.523311081544699,0.47852340397154336,-0.12157220971994315
USA__2020_revised_vintage__D,2013,-0.1533604531897466,4.90117475518874,10.685852276792648,3.015723559908184,0.1964467011746862,-0.34980715436443277
USA__2020_revised_vintage__D,2014,-0.1343671682116031,5.151279397977148,10.713583311801187,3.26713839072327,-0.013513704695498063,-0.12085346351610504
USA__2020_revised_vintage__D,2015,-0.1413234108507973,5.39300057712095,10.736010048349293,3.164990795937875,-0.2303536756570992,0.08903026480630188
USA__2020_revised_vintage__D,2016,-0.16757233602876334,5.674382328161501,10.780184633729247,2.929240932529897,-0.42529164183367385,0.25771930580491054
USA__2020_revised_vintage__D,2017,-0.7961835122749041,5.951553934028465,10.835811011768737,2.891409513410439,-0.5787786317492305,-0.21740488052567364
USA__2020_revised_vintage__D,2018,-0.5232843431649703,6.17063993071869,10.908526753237249,2.956890415537674,-0.6086481893363143,0.08536384617134396
USA__2020_revised_vintage__D,2019,-0.7261858339880062,6.363208897541072,10.939075881284436,2.5071504398904505,-0.7410479343723821,0.014862100384375965
USA__2020_revised_vintage__D,2020,-0.6970144249733967,6.566156825734936,10.9902926221134,2.4948890766393457,-0.8200719549843001,0.12305753001090336
USA__2020_revised_vintage__D,2021,-0.903934598743685,6.751017535589894,11.049447051795886,3.442230801592228,-0.8522798074441198,-0.051654791299565184
USA__2020_revised_vintage__D,2022,-0.896924640048022,6.952593472965691,11.132678346516066,3.62475566987548,-0.8278203520859151,-0.06910428796210688
USA__2020_revised_vintage__D,2023,-0.9187655491935207,7.2503426514181,11.225114306567848,2.737118000531579,-0.8887382843466938,-0.03002726484682694
USA__2020_revised_vintage__D,2024,-1.0615763195895638,7.530490596047716,11.254702348489987,1.547562508716013,-1.1286093797232724,0.06703306013370858
