technology,iso3,window_end,model_id,first_year,last_year,N,df_resid,R2,adj_R2,a,b_capacity,g_knowledge,se_HAC_b,se_HAC_g,p_HAC_b,p_HAC_g,p_OLS_b,p_OLS_g,VIF_Q,VIF_H,covariance_HAC,learning_rate_pct
pv,AUS,2024,M_PV_DOM_PSTK,2010,2024,15,12.0,0.9681028771552354,0.9627866900144412,13.50709762423108,-0.6685136063318459,-0.4004019700356522,0.0515970388869366,0.449725606752389,2.04860439055993e-08,0.3907922091469802,1.0145768307028292e-08,0.4143222365871911,2.0935456422973187,2.0935456422973187,"[[5.34689446001817, -0.08476571527623544, -1.0345209602252758], [-0.08476571527626403, 0.002662254421900048, 0.01475983880297918], [-1.0345209602264838, 0.014759838802992364, 0.20225312136880447]]",37.084543515461036
pv,BRA,2024,M_PV_DOM_PSTK,2010,2024,15,12.0,0.9526338019462957,0.9447394356040114,13.1778970892824,-0.6466654419633047,-0.412884106090233,0.0759488917266495,0.2818649180021569,1.9752410313495807e-06,0.1686703934358271,6.441194376397686e-06,0.2045648479977258,3.1671457842159616,3.1671457842159616,"[[0.8513126943350469, 0.025645676125338537, -0.24135341818190714], [0.025645676125339197, 0.005768234154506338, -0.014641686968619979], [-0.2413534181818984, -0.014641686968619111, 0.07944783200036262]]",36.12450115973669
pv,CHN,2024,M_PV_DOM_PSTK,2010,2024,15,12.0,0.9748932939185724,0.9707088429050011,9.347270717439592,-0.6612396084764613,0.1756385070325379,0.1480390710733719,0.3001038100251946,0.0007701403349202,0.5692159038236047,0.0006454218937214,0.577120256118579,29.02848871810798,29.02848871810798,"[[4.715618242819453, 0.3050571278348002, -0.6490097123886773], [0.3050571278351977, 0.02191556656426688, -0.04324590479606011], [-0.6490097123896321, -0.04324590479606455, 0.09006229679163813]]",36.766525818988946
pv,DEU,2024,M_PV_DOM_PSTK,2010,2024,15,12.0,0.9679669188379108,0.9626280719775626,15.278088621785088,-0.6462076952799851,-0.6082582237774403,0.0778871754246575,0.3540158838290636,2.5847063089438336e-06,0.1114349266724668,1.1632778338022778e-05,0.1351663590885879,11.39698293945903,11.39698293945903,"[[8.401186330815403, -0.21800506430727729, -1.0250824026062078], [-0.21800506430726785, 0.006066412095631383, 0.02629059350669885], [-1.0250824026054366, 0.026290593506679314, 0.12532724600327308]]",36.104231153997915
pv,ESP,2024,M_PV_DOM_PSTK,2010,2024,15,12.0,0.9563847003431456,0.9491154837336698,22.2452309928916,-0.7700535291089963,-2.090768346318061,0.0607094208275003,0.5225664240032695,2.6008138912447245e-08,0.0017586498217942,5.837229075209877e-07,0.0139576464556551,5.2473041289578335,5.2473041289578335,"[[8.610100849495659, -0.16853500995662074, -1.531403457975502], [-0.16853500995635484, 0.0036856337772105336, 0.02948392873212493], [-1.5314034579790725, 0.02948392873223682, 0.2730756674955648]]",41.36042831510771
pv,FRA,2024,M_PV_DOM_PSTK,2010,2024,15,12.0,0.9271797363959604,0.9150430257952872,30.860277716524607,-0.9958106527655132,-2.9452217166185037,0.1503895881677409,0.8984772608734646,2.459658716340089e-05,0.0066043781197367,2.683574757869105e-05,0.0153282098445197,9.577012076099406,9.577012076099406,"[[37.897517745279146, -0.8770441867092615, -5.520702631151568], [-0.8770441867132828, 0.02261702822926273, 0.12513258690223017], [-5.5207026311398355, 0.1251325869013925, 0.8072613883066837]]",49.85459727827434
pv,IND,2024,M_PV_DOM_PSTK,2010,2024,15,12.0,0.9590281326841524,0.9521994881315112,10.981802351308096,-0.6183943758849972,-0.1083793172602738,0.0568758871901936,0.0639257695555195,1.439840445523194e-07,0.1157683420141105,2.3246846334433883e-08,0.193387344849559,1.5060617814356074,1.5060617814356074,"[[0.07064182120508343, -0.014787983625001078, 0.012030090945897833], [-0.014787983625001019, 0.0032348665436716328, -0.0028840715832438623], [0.012030090945897803, -0.0028840715832438675, 0.00408650401326539]]",34.86045154753455
pv,ITA,2024,M_PV_DOM_PSTK,2010,2024,15,12.0,0.9484812108294826,0.9398947459677296,17.14665070522984,-0.7958783980425237,-0.9656487825300069,0.0901611583056867,0.410313465589864,1.3541485560328831e-06,0.0364837515595561,1.1092332174746014e-05,0.0602313282668846,7.867935696667817,7.867935696667817,"[[6.986863006911665, -0.21323309542842062, -1.0784979790008966], [-0.21323309542799165, 0.008129034467023104, 0.031205756830948433], [-1.0784979789986702, 0.03120575683093748, 0.16835714004436453]]",42.40076315954882
pv,JPN,2024,M_PV_DOM_PSTK,2011,2024,14,11.0,0.9673239422821248,0.9613828408788748,20.93924869207712,-0.5446071231069392,-1.0967703245466902,0.0262964179918911,0.166212913490803,3.67410893463865e-10,3.871226903323218e-05,8.901372812084485e-08,0.0004502310796097,4.790268691853419,4.790268691853419,"[[2.5805092960424463, -0.0372989711706969, -0.2667524152015862], [-0.037298971170685036, 0.0006915015992042591, 0.0037684654980432667], [-0.266752415201584, 0.0037684654980441852, 0.027626732611101188]]",31.44219252717
pv,KOR,2024,M_PV_DOM_PSTK,2010,2024,15,12.0,0.9386025882246256,0.9283696862620632,45.57726607768674,-0.3314467317051131,-3.8973369557977264,0.0817977292679902,1.4260044688236415,0.0016044808297779,0.0181637345401312,0.0008297225118739,0.0182768774685411,3.8384196926229497,3.8384196926229497,"[[162.11830561435818, 0.8979252612583721, -18.153256860595093], [0.8979252612603794, 0.006690868513399423, -0.10168571134284488], [-18.153256860676663, -0.10168571134302584, 2.0334887451049966]]",20.526087877825063
pv,USA,2024,M_PV_DOM_PSTK,2010,2024,15,12.0,0.9617935871268902,0.9554258516480386,8.200103582638349,-0.5138334075046227,0.2957363251730918,0.0559353802531113,0.6967133919792353,8.889191498462893e-07,0.6787314308887749,1.595814985872547e-08,0.6105418917117134,1.6382201330055846,1.6382201330055846,"[[38.70417777935657, -0.25101468971327034, -4.3312876352860386], [-0.25101468971210905, 0.0031287667640601553, 0.02707703341862336], [-4.331287635267387, 0.027077033418664992, 0.48540955056321167]]",29.9640971584464
wind,AUS,2024,M_WIND_PST_ONE_FACTOR,2011,2024,14,12.0,0.9178557874156478,0.9110104363669518,12.124563593369706,-0.707018681207963,,0.0547399015953492,,2.1220112392277773e-08,,7.18864792780194e-08,,1.0,,"[[0.11678101439619286, -0.01864558306115492], [-0.018645583061155248, 0.002996456826668519]]",38.741526635253045
wind,BRA,2024,M_WIND_PST_ONE_FACTOR,2011,2024,14,12.0,0.9146845367848996,0.9075749148503076,12.060988221942,-0.7160560764694742,,0.0785466480906807,,9.638763655683063e-07,,9.036274684236061e-08,,1.0,,"[[0.231727614764511, -0.03772513774805537], [-0.03772513774805575, 0.006169575926281232]]",39.124065314561626
wind,CAN,2024,M_WIND_PST_ONE_FACTOR,2011,2024,14,12.0,0.7885318147099439,0.7709094659357726,11.39820860793677,-0.586719043968678,,0.0957999813409629,,5.141824232627669e-05,,2.2303342250148947e-05,,1.0,,"[[0.36487335888357764, -0.05771872932764438], [-0.057718729327644, 0.00917763642492884]]",33.41445347298656
wind,CHN,2024,M_WIND_PST_ONE_FACTOR,2011,2024,14,12.0,0.7198942502268332,0.6965521044124026,9.428983894644812,-0.3482950936157574,,0.0900298814142985,,0.0022332946763052,,0.0001250798786422,,1.0,,"[[0.2948987036200204, -0.04880977262887708], [-0.0488097726288762, 0.008105379547472653]]",21.448817095344875
wind,DEU,2024,M_WIND_PST_ONE_FACTOR,2011,2024,14,12.0,0.902764286870902,0.8946613107768104,9.2687542194382,-0.2525790640114993,,0.0303928674946588,,2.540782190434079e-06,,1.9915514730519432e-07,,1.0,,"[[0.03474444676558629, -0.0056524849972036], [-0.005652484997203807, 0.0009237263945478909]]",16.06054879837876
wind,ESP,2024,M_WIND_PST_ONE_FACTOR,2011,2024,14,12.0,0.7492166660753442,0.7283180549149563,10.804568738521866,-0.5235019975140006,,0.0596253307411109,,1.4329878940217245e-06,,6.337269158909304e-05,,1.0,,"[[0.12404739985830951, -0.020836970747904984], [-0.020836970747903236, 0.003555180065986866]]",30.431891411570632
wind,FRA,2024,M_WIND_PST_ONE_FACTOR,2011,2024,14,12.0,0.686122423671756,0.6599659589777357,8.838650663091771,-0.1875917190482192,,0.0276209977820395,,1.9257667813825383e-05,,0.0002525593800323,,1.0,,"[[0.03145380564679193, -0.004870494378389929], [-0.0048704943783899534, 0.0007629195184754363]]",12.192974472844142
wind,GBR,2024,M_WIND_PST_ONE_FACTOR,2011,2024,14,12.0,0.7088592117269333,0.6845974793708445,10.131967769047783,-0.3858784114007956,,0.0847308060131094,,0.0006613777790814,,0.0001587185266651,,1.0,,"[[0.2613235821673161, -0.043242793836589286], [-0.04324279383659013, 0.00717930948763119]]",23.468711815929566
wind,IND,2024,M_WIND_PST_ONE_FACTOR,2011,2024,14,12.0,0.7363307038279283,0.7143582624802557,8.978684181931097,-0.2810659533789372,,0.065901577025643,,0.0010978826442902,,8.621389292789613e-05,,1.0,,"[[0.18094029678514212, -0.027996951835510094], [-0.02799695183550985, 0.004343017854466766]]",17.701727856447945
wind,ITA,2024,M_WIND_PST_ONE_FACTOR,2011,2024,14,12.0,0.827653346586716,0.8132911254689423,11.289490239594528,-0.5771797615271547,,0.0590324550714266,,4.565355117966122e-07,,6.405290873596933e-06,,1.0,,"[[0.1486743693045336, -0.02268545913673514], [-0.022685459136734604, 0.0034848307517600053]]",32.972722620226826
wind,POL,2024,M_WIND_PST_ONE_FACTOR,2011,2024,14,12.0,0.7417980053761872,0.7202811724908695,9.734810657542706,-0.3364152070475845,,0.0490506294609431,,1.750895433410707e-05,,7.579705637270885e-05,,1.0,,"[[0.09153787250951038, -0.01475430285006735], [-0.0147543028500678, 0.0024059642505147413]]",20.799316112556475
wind,SWE,2024,M_WIND_PST_ONE_FACTOR,2011,2024,14,12.0,0.7595811537944892,0.73954624994403,10.202268688644631,-0.4234959525411641,,0.0784497575475594,,0.0001605224235305,,4.891625885717224e-05,,1.0,,"[[0.22211717945859974, -0.03689138006884547], [-0.03689138006884615, 0.0061543644592708625]]",25.43843495960886
wind,TUR,2024,M_WIND_PST_ONE_FACTOR,2011,2024,14,12.0,0.767327066081728,0.7479376549218719,9.867956019491483,-0.3653838620549585,,0.054204126240563,,2.0707934143665263e-05,,4.002136463827712e-05,,1.0,,"[[0.1190791350821727, -0.018626556123498537], [-0.018626556123498447, 0.002938087301502894]]",22.37376948426225
wind,USA,2024,M_WIND_PST_ONE_FACTOR,2011,2024,14,12.0,0.9113438360724114,0.9039558224117792,10.281772447659094,-0.4330951499071871,,0.0439543649486696,,4.2004384484477414e-07,,1.1395941308669321e-07,,1.0,,"[[0.06735969875545544, -0.011395101554414045], [-0.011395101554414273, 0.0019319861980408362]]",25.932895199683394
